/**
 * @file: tables.cpp
 * @date: 2026-07-31
 * @license: LicenseRef-AWH-1.0
 *
 * @telegram: @forman
 * @author: Yuriy Lobarev
 * @phone: +7 (910) 983-95-90
 * @email: forman@anyks.com
 * @site: https://anyks.com
 *
 * @brief Таблицы свойств Юникода модуля регулярных выражений
 *
 * @warning Файл порождён средством «sh/generate_unicode.py» по файлам базы
 *          данных символов Юникода. Правки, внесённые в файл вручную,
 *          теряются при очередном порождении.
 *
 * @copyright: Copyright © 2026
 *
 */

/**
 * Подключаем заголовочные файлы проекта
 */
#include <regex/unicode.hpp>

/**
 * Используем стандартное пространство имён
 */
using namespace std;
using namespace awh;

/**
 * @brief Таблица диапазонов кодовых значений: CATEGORIES
 *
 */
const awh::regex::interval_t awh::regex::CATEGORIES[] = {
	{0x0, 0x1F, 3},
	{0x20, 0x20, 39},
	{0x21, 0x23, 29},
	{0x24, 0x24, 32},
	{0x25, 0x27, 29},
	{0x28, 0x28, 30},
	{0x29, 0x29, 26},
	{0x2A, 0x2A, 29},
	{0x2B, 0x2B, 34},
	{0x2C, 0x2C, 29},
	{0x2D, 0x2D, 25},
	{0x2E, 0x2F, 29},
	{0x30, 0x39, 20},
	{0x3A, 0x3B, 29},
	{0x3C, 0x3E, 34},
	{0x3F, 0x40, 29},
	{0x41, 0x5A, 13},
	{0x5B, 0x5B, 30},
	{0x5C, 0x5C, 29},
	{0x5D, 0x5D, 26},
	{0x5E, 0x5E, 33},
	{0x5F, 0x5F, 24},
	{0x60, 0x60, 33},
	{0x61, 0x7A, 9},
	{0x7B, 0x7B, 30},
	{0x7C, 0x7C, 34},
	{0x7D, 0x7D, 26},
	{0x7E, 0x7E, 34},
	{0x7F, 0x9F, 3},
	{0xA0, 0xA0, 39},
	{0xA1, 0xA1, 29},
	{0xA2, 0xA5, 32},
	{0xA6, 0xA6, 35},
	{0xA7, 0xA7, 29},
	{0xA8, 0xA8, 33},
	{0xA9, 0xA9, 35},
	{0xAA, 0xAA, 11},
	{0xAB, 0xAB, 28},
	{0xAC, 0xAC, 34},
	{0xAD, 0xAD, 4},
	{0xAE, 0xAE, 35},
	{0xAF, 0xAF, 33},
	{0xB0, 0xB0, 35},
	{0xB1, 0xB1, 34},
	{0xB2, 0xB3, 22},
	{0xB4, 0xB4, 33},
	{0xB5, 0xB5, 9},
	{0xB6, 0xB7, 29},
	{0xB8, 0xB8, 33},
	{0xB9, 0xB9, 22},
	{0xBA, 0xBA, 11},
	{0xBB, 0xBB, 27},
	{0xBC, 0xBE, 22},
	{0xBF, 0xBF, 29},
	{0xC0, 0xD6, 13},
	{0xD7, 0xD7, 34},
	{0xD8, 0xDE, 13},
	{0xDF, 0xF6, 9},
	{0xF7, 0xF7, 34},
	{0xF8, 0xFF, 9},
	{0x100, 0x100, 13},
	{0x101, 0x101, 9},
	{0x102, 0x102, 13},
	{0x103, 0x103, 9},
	{0x104, 0x104, 13},
	{0x105, 0x105, 9},
	{0x106, 0x106, 13},
	{0x107, 0x107, 9},
	{0x108, 0x108, 13},
	{0x109, 0x109, 9},
	{0x10A, 0x10A, 13},
	{0x10B, 0x10B, 9},
	{0x10C, 0x10C, 13},
	{0x10D, 0x10D, 9},
	{0x10E, 0x10E, 13},
	{0x10F, 0x10F, 9},
	{0x110, 0x110, 13},
	{0x111, 0x111, 9},
	{0x112, 0x112, 13},
	{0x113, 0x113, 9},
	{0x114, 0x114, 13},
	{0x115, 0x115, 9},
	{0x116, 0x116, 13},
	{0x117, 0x117, 9},
	{0x118, 0x118, 13},
	{0x119, 0x119, 9},
	{0x11A, 0x11A, 13},
	{0x11B, 0x11B, 9},
	{0x11C, 0x11C, 13},
	{0x11D, 0x11D, 9},
	{0x11E, 0x11E, 13},
	{0x11F, 0x11F, 9},
	{0x120, 0x120, 13},
	{0x121, 0x121, 9},
	{0x122, 0x122, 13},
	{0x123, 0x123, 9},
	{0x124, 0x124, 13},
	{0x125, 0x125, 9},
	{0x126, 0x126, 13},
	{0x127, 0x127, 9},
	{0x128, 0x128, 13},
	{0x129, 0x129, 9},
	{0x12A, 0x12A, 13},
	{0x12B, 0x12B, 9},
	{0x12C, 0x12C, 13},
	{0x12D, 0x12D, 9},
	{0x12E, 0x12E, 13},
	{0x12F, 0x12F, 9},
	{0x130, 0x130, 13},
	{0x131, 0x131, 9},
	{0x132, 0x132, 13},
	{0x133, 0x133, 9},
	{0x134, 0x134, 13},
	{0x135, 0x135, 9},
	{0x136, 0x136, 13},
	{0x137, 0x138, 9},
	{0x139, 0x139, 13},
	{0x13A, 0x13A, 9},
	{0x13B, 0x13B, 13},
	{0x13C, 0x13C, 9},
	{0x13D, 0x13D, 13},
	{0x13E, 0x13E, 9},
	{0x13F, 0x13F, 13},
	{0x140, 0x140, 9},
	{0x141, 0x141, 13},
	{0x142, 0x142, 9},
	{0x143, 0x143, 13},
	{0x144, 0x144, 9},
	{0x145, 0x145, 13},
	{0x146, 0x146, 9},
	{0x147, 0x147, 13},
	{0x148, 0x149, 9},
	{0x14A, 0x14A, 13},
	{0x14B, 0x14B, 9},
	{0x14C, 0x14C, 13},
	{0x14D, 0x14D, 9},
	{0x14E, 0x14E, 13},
	{0x14F, 0x14F, 9},
	{0x150, 0x150, 13},
	{0x151, 0x151, 9},
	{0x152, 0x152, 13},
	{0x153, 0x153, 9},
	{0x154, 0x154, 13},
	{0x155, 0x155, 9},
	{0x156, 0x156, 13},
	{0x157, 0x157, 9},
	{0x158, 0x158, 13},
	{0x159, 0x159, 9},
	{0x15A, 0x15A, 13},
	{0x15B, 0x15B, 9},
	{0x15C, 0x15C, 13},
	{0x15D, 0x15D, 9},
	{0x15E, 0x15E, 13},
	{0x15F, 0x15F, 9},
	{0x160, 0x160, 13},
	{0x161, 0x161, 9},
	{0x162, 0x162, 13},
	{0x163, 0x163, 9},
	{0x164, 0x164, 13},
	{0x165, 0x165, 9},
	{0x166, 0x166, 13},
	{0x167, 0x167, 9},
	{0x168, 0x168, 13},
	{0x169, 0x169, 9},
	{0x16A, 0x16A, 13},
	{0x16B, 0x16B, 9},
	{0x16C, 0x16C, 13},
	{0x16D, 0x16D, 9},
	{0x16E, 0x16E, 13},
	{0x16F, 0x16F, 9},
	{0x170, 0x170, 13},
	{0x171, 0x171, 9},
	{0x172, 0x172, 13},
	{0x173, 0x173, 9},
	{0x174, 0x174, 13},
	{0x175, 0x175, 9},
	{0x176, 0x176, 13},
	{0x177, 0x177, 9},
	{0x178, 0x179, 13},
	{0x17A, 0x17A, 9},
	{0x17B, 0x17B, 13},
	{0x17C, 0x17C, 9},
	{0x17D, 0x17D, 13},
	{0x17E, 0x180, 9},
	{0x181, 0x182, 13},
	{0x183, 0x183, 9},
	{0x184, 0x184, 13},
	{0x185, 0x185, 9},
	{0x186, 0x187, 13},
	{0x188, 0x188, 9},
	{0x189, 0x18B, 13},
	{0x18C, 0x18D, 9},
	{0x18E, 0x191, 13},
	{0x192, 0x192, 9},
	{0x193, 0x194, 13},
	{0x195, 0x195, 9},
	{0x196, 0x198, 13},
	{0x199, 0x19B, 9},
	{0x19C, 0x19D, 13},
	{0x19E, 0x19E, 9},
	{0x19F, 0x1A0, 13},
	{0x1A1, 0x1A1, 9},
	{0x1A2, 0x1A2, 13},
	{0x1A3, 0x1A3, 9},
	{0x1A4, 0x1A4, 13},
	{0x1A5, 0x1A5, 9},
	{0x1A6, 0x1A7, 13},
	{0x1A8, 0x1A8, 9},
	{0x1A9, 0x1A9, 13},
	{0x1AA, 0x1AB, 9},
	{0x1AC, 0x1AC, 13},
	{0x1AD, 0x1AD, 9},
	{0x1AE, 0x1AF, 13},
	{0x1B0, 0x1B0, 9},
	{0x1B1, 0x1B3, 13},
	{0x1B4, 0x1B4, 9},
	{0x1B5, 0x1B5, 13},
	{0x1B6, 0x1B6, 9},
	{0x1B7, 0x1B8, 13},
	{0x1B9, 0x1BA, 9},
	{0x1BB, 0x1BB, 11},
	{0x1BC, 0x1BC, 13},
	{0x1BD, 0x1BF, 9},
	{0x1C0, 0x1C3, 11},
	{0x1C4, 0x1C4, 13},
	{0x1C5, 0x1C5, 12},
	{0x1C6, 0x1C6, 9},
	{0x1C7, 0x1C7, 13},
	{0x1C8, 0x1C8, 12},
	{0x1C9, 0x1C9, 9},
	{0x1CA, 0x1CA, 13},
	{0x1CB, 0x1CB, 12},
	{0x1CC, 0x1CC, 9},
	{0x1CD, 0x1CD, 13},
	{0x1CE, 0x1CE, 9},
	{0x1CF, 0x1CF, 13},
	{0x1D0, 0x1D0, 9},
	{0x1D1, 0x1D1, 13},
	{0x1D2, 0x1D2, 9},
	{0x1D3, 0x1D3, 13},
	{0x1D4, 0x1D4, 9},
	{0x1D5, 0x1D5, 13},
	{0x1D6, 0x1D6, 9},
	{0x1D7, 0x1D7, 13},
	{0x1D8, 0x1D8, 9},
	{0x1D9, 0x1D9, 13},
	{0x1DA, 0x1DA, 9},
	{0x1DB, 0x1DB, 13},
	{0x1DC, 0x1DD, 9},
	{0x1DE, 0x1DE, 13},
	{0x1DF, 0x1DF, 9},
	{0x1E0, 0x1E0, 13},
	{0x1E1, 0x1E1, 9},
	{0x1E2, 0x1E2, 13},
	{0x1E3, 0x1E3, 9},
	{0x1E4, 0x1E4, 13},
	{0x1E5, 0x1E5, 9},
	{0x1E6, 0x1E6, 13},
	{0x1E7, 0x1E7, 9},
	{0x1E8, 0x1E8, 13},
	{0x1E9, 0x1E9, 9},
	{0x1EA, 0x1EA, 13},
	{0x1EB, 0x1EB, 9},
	{0x1EC, 0x1EC, 13},
	{0x1ED, 0x1ED, 9},
	{0x1EE, 0x1EE, 13},
	{0x1EF, 0x1F0, 9},
	{0x1F1, 0x1F1, 13},
	{0x1F2, 0x1F2, 12},
	{0x1F3, 0x1F3, 9},
	{0x1F4, 0x1F4, 13},
	{0x1F5, 0x1F5, 9},
	{0x1F6, 0x1F8, 13},
	{0x1F9, 0x1F9, 9},
	{0x1FA, 0x1FA, 13},
	{0x1FB, 0x1FB, 9},
	{0x1FC, 0x1FC, 13},
	{0x1FD, 0x1FD, 9},
	{0x1FE, 0x1FE, 13},
	{0x1FF, 0x1FF, 9},
	{0x200, 0x200, 13},
	{0x201, 0x201, 9},
	{0x202, 0x202, 13},
	{0x203, 0x203, 9},
	{0x204, 0x204, 13},
	{0x205, 0x205, 9},
	{0x206, 0x206, 13},
	{0x207, 0x207, 9},
	{0x208, 0x208, 13},
	{0x209, 0x209, 9},
	{0x20A, 0x20A, 13},
	{0x20B, 0x20B, 9},
	{0x20C, 0x20C, 13},
	{0x20D, 0x20D, 9},
	{0x20E, 0x20E, 13},
	{0x20F, 0x20F, 9},
	{0x210, 0x210, 13},
	{0x211, 0x211, 9},
	{0x212, 0x212, 13},
	{0x213, 0x213, 9},
	{0x214, 0x214, 13},
	{0x215, 0x215, 9},
	{0x216, 0x216, 13},
	{0x217, 0x217, 9},
	{0x218, 0x218, 13},
	{0x219, 0x219, 9},
	{0x21A, 0x21A, 13},
	{0x21B, 0x21B, 9},
	{0x21C, 0x21C, 13},
	{0x21D, 0x21D, 9},
	{0x21E, 0x21E, 13},
	{0x21F, 0x21F, 9},
	{0x220, 0x220, 13},
	{0x221, 0x221, 9},
	{0x222, 0x222, 13},
	{0x223, 0x223, 9},
	{0x224, 0x224, 13},
	{0x225, 0x225, 9},
	{0x226, 0x226, 13},
	{0x227, 0x227, 9},
	{0x228, 0x228, 13},
	{0x229, 0x229, 9},
	{0x22A, 0x22A, 13},
	{0x22B, 0x22B, 9},
	{0x22C, 0x22C, 13},
	{0x22D, 0x22D, 9},
	{0x22E, 0x22E, 13},
	{0x22F, 0x22F, 9},
	{0x230, 0x230, 13},
	{0x231, 0x231, 9},
	{0x232, 0x232, 13},
	{0x233, 0x239, 9},
	{0x23A, 0x23B, 13},
	{0x23C, 0x23C, 9},
	{0x23D, 0x23E, 13},
	{0x23F, 0x240, 9},
	{0x241, 0x241, 13},
	{0x242, 0x242, 9},
	{0x243, 0x246, 13},
	{0x247, 0x247, 9},
	{0x248, 0x248, 13},
	{0x249, 0x249, 9},
	{0x24A, 0x24A, 13},
	{0x24B, 0x24B, 9},
	{0x24C, 0x24C, 13},
	{0x24D, 0x24D, 9},
	{0x24E, 0x24E, 13},
	{0x24F, 0x293, 9},
	{0x294, 0x295, 11},
	{0x296, 0x2AF, 9},
	{0x2B0, 0x2C1, 10},
	{0x2C2, 0x2C5, 33},
	{0x2C6, 0x2D1, 10},
	{0x2D2, 0x2DF, 33},
	{0x2E0, 0x2E4, 10},
	{0x2E5, 0x2EB, 33},
	{0x2EC, 0x2EC, 10},
	{0x2ED, 0x2ED, 33},
	{0x2EE, 0x2EE, 10},
	{0x2EF, 0x2FF, 33},
	{0x300, 0x36F, 18},
	{0x370, 0x370, 13},
	{0x371, 0x371, 9},
	{0x372, 0x372, 13},
	{0x373, 0x373, 9},
	{0x374, 0x374, 10},
	{0x375, 0x375, 33},
	{0x376, 0x376, 13},
	{0x377, 0x377, 9},
	{0x378, 0x379, 5},
	{0x37A, 0x37A, 10},
	{0x37B, 0x37D, 9},
	{0x37E, 0x37E, 29},
	{0x37F, 0x37F, 13},
	{0x380, 0x383, 5},
	{0x384, 0x385, 33},
	{0x386, 0x386, 13},
	{0x387, 0x387, 29},
	{0x388, 0x38A, 13},
	{0x38B, 0x38B, 5},
	{0x38C, 0x38C, 13},
	{0x38D, 0x38D, 5},
	{0x38E, 0x38F, 13},
	{0x390, 0x390, 9},
	{0x391, 0x3A1, 13},
	{0x3A2, 0x3A2, 5},
	{0x3A3, 0x3AB, 13},
	{0x3AC, 0x3CE, 9},
	{0x3CF, 0x3CF, 13},
	{0x3D0, 0x3D1, 9},
	{0x3D2, 0x3D4, 13},
	{0x3D5, 0x3D7, 9},
	{0x3D8, 0x3D8, 13},
	{0x3D9, 0x3D9, 9},
	{0x3DA, 0x3DA, 13},
	{0x3DB, 0x3DB, 9},
	{0x3DC, 0x3DC, 13},
	{0x3DD, 0x3DD, 9},
	{0x3DE, 0x3DE, 13},
	{0x3DF, 0x3DF, 9},
	{0x3E0, 0x3E0, 13},
	{0x3E1, 0x3E1, 9},
	{0x3E2, 0x3E2, 13},
	{0x3E3, 0x3E3, 9},
	{0x3E4, 0x3E4, 13},
	{0x3E5, 0x3E5, 9},
	{0x3E6, 0x3E6, 13},
	{0x3E7, 0x3E7, 9},
	{0x3E8, 0x3E8, 13},
	{0x3E9, 0x3E9, 9},
	{0x3EA, 0x3EA, 13},
	{0x3EB, 0x3EB, 9},
	{0x3EC, 0x3EC, 13},
	{0x3ED, 0x3ED, 9},
	{0x3EE, 0x3EE, 13},
	{0x3EF, 0x3F3, 9},
	{0x3F4, 0x3F4, 13},
	{0x3F5, 0x3F5, 9},
	{0x3F6, 0x3F6, 34},
	{0x3F7, 0x3F7, 13},
	{0x3F8, 0x3F8, 9},
	{0x3F9, 0x3FA, 13},
	{0x3FB, 0x3FC, 9},
	{0x3FD, 0x42F, 13},
	{0x430, 0x45F, 9},
	{0x460, 0x460, 13},
	{0x461, 0x461, 9},
	{0x462, 0x462, 13},
	{0x463, 0x463, 9},
	{0x464, 0x464, 13},
	{0x465, 0x465, 9},
	{0x466, 0x466, 13},
	{0x467, 0x467, 9},
	{0x468, 0x468, 13},
	{0x469, 0x469, 9},
	{0x46A, 0x46A, 13},
	{0x46B, 0x46B, 9},
	{0x46C, 0x46C, 13},
	{0x46D, 0x46D, 9},
	{0x46E, 0x46E, 13},
	{0x46F, 0x46F, 9},
	{0x470, 0x470, 13},
	{0x471, 0x471, 9},
	{0x472, 0x472, 13},
	{0x473, 0x473, 9},
	{0x474, 0x474, 13},
	{0x475, 0x475, 9},
	{0x476, 0x476, 13},
	{0x477, 0x477, 9},
	{0x478, 0x478, 13},
	{0x479, 0x479, 9},
	{0x47A, 0x47A, 13},
	{0x47B, 0x47B, 9},
	{0x47C, 0x47C, 13},
	{0x47D, 0x47D, 9},
	{0x47E, 0x47E, 13},
	{0x47F, 0x47F, 9},
	{0x480, 0x480, 13},
	{0x481, 0x481, 9},
	{0x482, 0x482, 35},
	{0x483, 0x487, 18},
	{0x488, 0x489, 17},
	{0x48A, 0x48A, 13},
	{0x48B, 0x48B, 9},
	{0x48C, 0x48C, 13},
	{0x48D, 0x48D, 9},
	{0x48E, 0x48E, 13},
	{0x48F, 0x48F, 9},
	{0x490, 0x490, 13},
	{0x491, 0x491, 9},
	{0x492, 0x492, 13},
	{0x493, 0x493, 9},
	{0x494, 0x494, 13},
	{0x495, 0x495, 9},
	{0x496, 0x496, 13},
	{0x497, 0x497, 9},
	{0x498, 0x498, 13},
	{0x499, 0x499, 9},
	{0x49A, 0x49A, 13},
	{0x49B, 0x49B, 9},
	{0x49C, 0x49C, 13},
	{0x49D, 0x49D, 9},
	{0x49E, 0x49E, 13},
	{0x49F, 0x49F, 9},
	{0x4A0, 0x4A0, 13},
	{0x4A1, 0x4A1, 9},
	{0x4A2, 0x4A2, 13},
	{0x4A3, 0x4A3, 9},
	{0x4A4, 0x4A4, 13},
	{0x4A5, 0x4A5, 9},
	{0x4A6, 0x4A6, 13},
	{0x4A7, 0x4A7, 9},
	{0x4A8, 0x4A8, 13},
	{0x4A9, 0x4A9, 9},
	{0x4AA, 0x4AA, 13},
	{0x4AB, 0x4AB, 9},
	{0x4AC, 0x4AC, 13},
	{0x4AD, 0x4AD, 9},
	{0x4AE, 0x4AE, 13},
	{0x4AF, 0x4AF, 9},
	{0x4B0, 0x4B0, 13},
	{0x4B1, 0x4B1, 9},
	{0x4B2, 0x4B2, 13},
	{0x4B3, 0x4B3, 9},
	{0x4B4, 0x4B4, 13},
	{0x4B5, 0x4B5, 9},
	{0x4B6, 0x4B6, 13},
	{0x4B7, 0x4B7, 9},
	{0x4B8, 0x4B8, 13},
	{0x4B9, 0x4B9, 9},
	{0x4BA, 0x4BA, 13},
	{0x4BB, 0x4BB, 9},
	{0x4BC, 0x4BC, 13},
	{0x4BD, 0x4BD, 9},
	{0x4BE, 0x4BE, 13},
	{0x4BF, 0x4BF, 9},
	{0x4C0, 0x4C1, 13},
	{0x4C2, 0x4C2, 9},
	{0x4C3, 0x4C3, 13},
	{0x4C4, 0x4C4, 9},
	{0x4C5, 0x4C5, 13},
	{0x4C6, 0x4C6, 9},
	{0x4C7, 0x4C7, 13},
	{0x4C8, 0x4C8, 9},
	{0x4C9, 0x4C9, 13},
	{0x4CA, 0x4CA, 9},
	{0x4CB, 0x4CB, 13},
	{0x4CC, 0x4CC, 9},
	{0x4CD, 0x4CD, 13},
	{0x4CE, 0x4CF, 9},
	{0x4D0, 0x4D0, 13},
	{0x4D1, 0x4D1, 9},
	{0x4D2, 0x4D2, 13},
	{0x4D3, 0x4D3, 9},
	{0x4D4, 0x4D4, 13},
	{0x4D5, 0x4D5, 9},
	{0x4D6, 0x4D6, 13},
	{0x4D7, 0x4D7, 9},
	{0x4D8, 0x4D8, 13},
	{0x4D9, 0x4D9, 9},
	{0x4DA, 0x4DA, 13},
	{0x4DB, 0x4DB, 9},
	{0x4DC, 0x4DC, 13},
	{0x4DD, 0x4DD, 9},
	{0x4DE, 0x4DE, 13},
	{0x4DF, 0x4DF, 9},
	{0x4E0, 0x4E0, 13},
	{0x4E1, 0x4E1, 9},
	{0x4E2, 0x4E2, 13},
	{0x4E3, 0x4E3, 9},
	{0x4E4, 0x4E4, 13},
	{0x4E5, 0x4E5, 9},
	{0x4E6, 0x4E6, 13},
	{0x4E7, 0x4E7, 9},
	{0x4E8, 0x4E8, 13},
	{0x4E9, 0x4E9, 9},
	{0x4EA, 0x4EA, 13},
	{0x4EB, 0x4EB, 9},
	{0x4EC, 0x4EC, 13},
	{0x4ED, 0x4ED, 9},
	{0x4EE, 0x4EE, 13},
	{0x4EF, 0x4EF, 9},
	{0x4F0, 0x4F0, 13},
	{0x4F1, 0x4F1, 9},
	{0x4F2, 0x4F2, 13},
	{0x4F3, 0x4F3, 9},
	{0x4F4, 0x4F4, 13},
	{0x4F5, 0x4F5, 9},
	{0x4F6, 0x4F6, 13},
	{0x4F7, 0x4F7, 9},
	{0x4F8, 0x4F8, 13},
	{0x4F9, 0x4F9, 9},
	{0x4FA, 0x4FA, 13},
	{0x4FB, 0x4FB, 9},
	{0x4FC, 0x4FC, 13},
	{0x4FD, 0x4FD, 9},
	{0x4FE, 0x4FE, 13},
	{0x4FF, 0x4FF, 9},
	{0x500, 0x500, 13},
	{0x501, 0x501, 9},
	{0x502, 0x502, 13},
	{0x503, 0x503, 9},
	{0x504, 0x504, 13},
	{0x505, 0x505, 9},
	{0x506, 0x506, 13},
	{0x507, 0x507, 9},
	{0x508, 0x508, 13},
	{0x509, 0x509, 9},
	{0x50A, 0x50A, 13},
	{0x50B, 0x50B, 9},
	{0x50C, 0x50C, 13},
	{0x50D, 0x50D, 9},
	{0x50E, 0x50E, 13},
	{0x50F, 0x50F, 9},
	{0x510, 0x510, 13},
	{0x511, 0x511, 9},
	{0x512, 0x512, 13},
	{0x513, 0x513, 9},
	{0x514, 0x514, 13},
	{0x515, 0x515, 9},
	{0x516, 0x516, 13},
	{0x517, 0x517, 9},
	{0x518, 0x518, 13},
	{0x519, 0x519, 9},
	{0x51A, 0x51A, 13},
	{0x51B, 0x51B, 9},
	{0x51C, 0x51C, 13},
	{0x51D, 0x51D, 9},
	{0x51E, 0x51E, 13},
	{0x51F, 0x51F, 9},
	{0x520, 0x520, 13},
	{0x521, 0x521, 9},
	{0x522, 0x522, 13},
	{0x523, 0x523, 9},
	{0x524, 0x524, 13},
	{0x525, 0x525, 9},
	{0x526, 0x526, 13},
	{0x527, 0x527, 9},
	{0x528, 0x528, 13},
	{0x529, 0x529, 9},
	{0x52A, 0x52A, 13},
	{0x52B, 0x52B, 9},
	{0x52C, 0x52C, 13},
	{0x52D, 0x52D, 9},
	{0x52E, 0x52E, 13},
	{0x52F, 0x52F, 9},
	{0x530, 0x530, 5},
	{0x531, 0x556, 13},
	{0x557, 0x558, 5},
	{0x559, 0x559, 10},
	{0x55A, 0x55F, 29},
	{0x560, 0x588, 9},
	{0x589, 0x589, 29},
	{0x58A, 0x58A, 25},
	{0x58B, 0x58C, 5},
	{0x58D, 0x58E, 35},
	{0x58F, 0x58F, 32},
	{0x590, 0x590, 5},
	{0x591, 0x5BD, 18},
	{0x5BE, 0x5BE, 25},
	{0x5BF, 0x5BF, 18},
	{0x5C0, 0x5C0, 29},
	{0x5C1, 0x5C2, 18},
	{0x5C3, 0x5C3, 29},
	{0x5C4, 0x5C5, 18},
	{0x5C6, 0x5C6, 29},
	{0x5C7, 0x5C7, 18},
	{0x5C8, 0x5CF, 5},
	{0x5D0, 0x5EA, 11},
	{0x5EB, 0x5EE, 5},
	{0x5EF, 0x5F2, 11},
	{0x5F3, 0x5F4, 29},
	{0x5F5, 0x5FF, 5},
	{0x600, 0x605, 4},
	{0x606, 0x608, 34},
	{0x609, 0x60A, 29},
	{0x60B, 0x60B, 32},
	{0x60C, 0x60D, 29},
	{0x60E, 0x60F, 35},
	{0x610, 0x61A, 18},
	{0x61B, 0x61B, 29},
	{0x61C, 0x61C, 4},
	{0x61D, 0x61F, 29},
	{0x620, 0x63F, 11},
	{0x640, 0x640, 10},
	{0x641, 0x64A, 11},
	{0x64B, 0x65F, 18},
	{0x660, 0x669, 20},
	{0x66A, 0x66D, 29},
	{0x66E, 0x66F, 11},
	{0x670, 0x670, 18},
	{0x671, 0x6D3, 11},
	{0x6D4, 0x6D4, 29},
	{0x6D5, 0x6D5, 11},
	{0x6D6, 0x6DC, 18},
	{0x6DD, 0x6DD, 4},
	{0x6DE, 0x6DE, 35},
	{0x6DF, 0x6E4, 18},
	{0x6E5, 0x6E6, 10},
	{0x6E7, 0x6E8, 18},
	{0x6E9, 0x6E9, 35},
	{0x6EA, 0x6ED, 18},
	{0x6EE, 0x6EF, 11},
	{0x6F0, 0x6F9, 20},
	{0x6FA, 0x6FC, 11},
	{0x6FD, 0x6FE, 35},
	{0x6FF, 0x6FF, 11},
	{0x700, 0x70D, 29},
	{0x70E, 0x70E, 5},
	{0x70F, 0x70F, 4},
	{0x710, 0x710, 11},
	{0x711, 0x711, 18},
	{0x712, 0x72F, 11},
	{0x730, 0x74A, 18},
	{0x74B, 0x74C, 5},
	{0x74D, 0x7A5, 11},
	{0x7A6, 0x7B0, 18},
	{0x7B1, 0x7B1, 11},
	{0x7B2, 0x7BF, 5},
	{0x7C0, 0x7C9, 20},
	{0x7CA, 0x7EA, 11},
	{0x7EB, 0x7F3, 18},
	{0x7F4, 0x7F5, 10},
	{0x7F6, 0x7F6, 35},
	{0x7F7, 0x7F9, 29},
	{0x7FA, 0x7FA, 10},
	{0x7FB, 0x7FC, 5},
	{0x7FD, 0x7FD, 18},
	{0x7FE, 0x7FF, 32},
	{0x800, 0x815, 11},
	{0x816, 0x819, 18},
	{0x81A, 0x81A, 10},
	{0x81B, 0x823, 18},
	{0x824, 0x824, 10},
	{0x825, 0x827, 18},
	{0x828, 0x828, 10},
	{0x829, 0x82D, 18},
	{0x82E, 0x82F, 5},
	{0x830, 0x83E, 29},
	{0x83F, 0x83F, 5},
	{0x840, 0x858, 11},
	{0x859, 0x85B, 18},
	{0x85C, 0x85D, 5},
	{0x85E, 0x85E, 29},
	{0x85F, 0x85F, 5},
	{0x860, 0x86A, 11},
	{0x86B, 0x86F, 5},
	{0x870, 0x887, 11},
	{0x888, 0x888, 33},
	{0x889, 0x88F, 11},
	{0x890, 0x891, 4},
	{0x892, 0x896, 5},
	{0x897, 0x89F, 18},
	{0x8A0, 0x8C8, 11},
	{0x8C9, 0x8C9, 10},
	{0x8CA, 0x8E1, 18},
	{0x8E2, 0x8E2, 4},
	{0x8E3, 0x902, 18},
	{0x903, 0x903, 16},
	{0x904, 0x939, 11},
	{0x93A, 0x93A, 18},
	{0x93B, 0x93B, 16},
	{0x93C, 0x93C, 18},
	{0x93D, 0x93D, 11},
	{0x93E, 0x940, 16},
	{0x941, 0x948, 18},
	{0x949, 0x94C, 16},
	{0x94D, 0x94D, 18},
	{0x94E, 0x94F, 16},
	{0x950, 0x950, 11},
	{0x951, 0x957, 18},
	{0x958, 0x961, 11},
	{0x962, 0x963, 18},
	{0x964, 0x965, 29},
	{0x966, 0x96F, 20},
	{0x970, 0x970, 29},
	{0x971, 0x971, 10},
	{0x972, 0x980, 11},
	{0x981, 0x981, 18},
	{0x982, 0x983, 16},
	{0x984, 0x984, 5},
	{0x985, 0x98C, 11},
	{0x98D, 0x98E, 5},
	{0x98F, 0x990, 11},
	{0x991, 0x992, 5},
	{0x993, 0x9A8, 11},
	{0x9A9, 0x9A9, 5},
	{0x9AA, 0x9B0, 11},
	{0x9B1, 0x9B1, 5},
	{0x9B2, 0x9B2, 11},
	{0x9B3, 0x9B5, 5},
	{0x9B6, 0x9B9, 11},
	{0x9BA, 0x9BB, 5},
	{0x9BC, 0x9BC, 18},
	{0x9BD, 0x9BD, 11},
	{0x9BE, 0x9C0, 16},
	{0x9C1, 0x9C4, 18},
	{0x9C5, 0x9C6, 5},
	{0x9C7, 0x9C8, 16},
	{0x9C9, 0x9CA, 5},
	{0x9CB, 0x9CC, 16},
	{0x9CD, 0x9CD, 18},
	{0x9CE, 0x9CE, 11},
	{0x9CF, 0x9D6, 5},
	{0x9D7, 0x9D7, 16},
	{0x9D8, 0x9DB, 5},
	{0x9DC, 0x9DD, 11},
	{0x9DE, 0x9DE, 5},
	{0x9DF, 0x9E1, 11},
	{0x9E2, 0x9E3, 18},
	{0x9E4, 0x9E5, 5},
	{0x9E6, 0x9EF, 20},
	{0x9F0, 0x9F1, 11},
	{0x9F2, 0x9F3, 32},
	{0x9F4, 0x9F9, 22},
	{0x9FA, 0x9FA, 35},
	{0x9FB, 0x9FB, 32},
	{0x9FC, 0x9FC, 11},
	{0x9FD, 0x9FD, 29},
	{0x9FE, 0x9FE, 18},
	{0x9FF, 0xA00, 5},
	{0xA01, 0xA02, 18},
	{0xA03, 0xA03, 16},
	{0xA04, 0xA04, 5},
	{0xA05, 0xA0A, 11},
	{0xA0B, 0xA0E, 5},
	{0xA0F, 0xA10, 11},
	{0xA11, 0xA12, 5},
	{0xA13, 0xA28, 11},
	{0xA29, 0xA29, 5},
	{0xA2A, 0xA30, 11},
	{0xA31, 0xA31, 5},
	{0xA32, 0xA33, 11},
	{0xA34, 0xA34, 5},
	{0xA35, 0xA36, 11},
	{0xA37, 0xA37, 5},
	{0xA38, 0xA39, 11},
	{0xA3A, 0xA3B, 5},
	{0xA3C, 0xA3C, 18},
	{0xA3D, 0xA3D, 5},
	{0xA3E, 0xA40, 16},
	{0xA41, 0xA42, 18},
	{0xA43, 0xA46, 5},
	{0xA47, 0xA48, 18},
	{0xA49, 0xA4A, 5},
	{0xA4B, 0xA4D, 18},
	{0xA4E, 0xA50, 5},
	{0xA51, 0xA51, 18},
	{0xA52, 0xA58, 5},
	{0xA59, 0xA5C, 11},
	{0xA5D, 0xA5D, 5},
	{0xA5E, 0xA5E, 11},
	{0xA5F, 0xA65, 5},
	{0xA66, 0xA6F, 20},
	{0xA70, 0xA71, 18},
	{0xA72, 0xA74, 11},
	{0xA75, 0xA75, 18},
	{0xA76, 0xA76, 29},
	{0xA77, 0xA80, 5},
	{0xA81, 0xA82, 18},
	{0xA83, 0xA83, 16},
	{0xA84, 0xA84, 5},
	{0xA85, 0xA8D, 11},
	{0xA8E, 0xA8E, 5},
	{0xA8F, 0xA91, 11},
	{0xA92, 0xA92, 5},
	{0xA93, 0xAA8, 11},
	{0xAA9, 0xAA9, 5},
	{0xAAA, 0xAB0, 11},
	{0xAB1, 0xAB1, 5},
	{0xAB2, 0xAB3, 11},
	{0xAB4, 0xAB4, 5},
	{0xAB5, 0xAB9, 11},
	{0xABA, 0xABB, 5},
	{0xABC, 0xABC, 18},
	{0xABD, 0xABD, 11},
	{0xABE, 0xAC0, 16},
	{0xAC1, 0xAC5, 18},
	{0xAC6, 0xAC6, 5},
	{0xAC7, 0xAC8, 18},
	{0xAC9, 0xAC9, 16},
	{0xACA, 0xACA, 5},
	{0xACB, 0xACC, 16},
	{0xACD, 0xACD, 18},
	{0xACE, 0xACF, 5},
	{0xAD0, 0xAD0, 11},
	{0xAD1, 0xADF, 5},
	{0xAE0, 0xAE1, 11},
	{0xAE2, 0xAE3, 18},
	{0xAE4, 0xAE5, 5},
	{0xAE6, 0xAEF, 20},
	{0xAF0, 0xAF0, 29},
	{0xAF1, 0xAF1, 32},
	{0xAF2, 0xAF8, 5},
	{0xAF9, 0xAF9, 11},
	{0xAFA, 0xAFF, 18},
	{0xB00, 0xB00, 5},
	{0xB01, 0xB01, 18},
	{0xB02, 0xB03, 16},
	{0xB04, 0xB04, 5},
	{0xB05, 0xB0C, 11},
	{0xB0D, 0xB0E, 5},
	{0xB0F, 0xB10, 11},
	{0xB11, 0xB12, 5},
	{0xB13, 0xB28, 11},
	{0xB29, 0xB29, 5},
	{0xB2A, 0xB30, 11},
	{0xB31, 0xB31, 5},
	{0xB32, 0xB33, 11},
	{0xB34, 0xB34, 5},
	{0xB35, 0xB39, 11},
	{0xB3A, 0xB3B, 5},
	{0xB3C, 0xB3C, 18},
	{0xB3D, 0xB3D, 11},
	{0xB3E, 0xB3E, 16},
	{0xB3F, 0xB3F, 18},
	{0xB40, 0xB40, 16},
	{0xB41, 0xB44, 18},
	{0xB45, 0xB46, 5},
	{0xB47, 0xB48, 16},
	{0xB49, 0xB4A, 5},
	{0xB4B, 0xB4C, 16},
	{0xB4D, 0xB4D, 18},
	{0xB4E, 0xB54, 5},
	{0xB55, 0xB56, 18},
	{0xB57, 0xB57, 16},
	{0xB58, 0xB5B, 5},
	{0xB5C, 0xB5D, 11},
	{0xB5E, 0xB5E, 5},
	{0xB5F, 0xB61, 11},
	{0xB62, 0xB63, 18},
	{0xB64, 0xB65, 5},
	{0xB66, 0xB6F, 20},
	{0xB70, 0xB70, 35},
	{0xB71, 0xB71, 11},
	{0xB72, 0xB77, 22},
	{0xB78, 0xB81, 5},
	{0xB82, 0xB82, 18},
	{0xB83, 0xB83, 11},
	{0xB84, 0xB84, 5},
	{0xB85, 0xB8A, 11},
	{0xB8B, 0xB8D, 5},
	{0xB8E, 0xB90, 11},
	{0xB91, 0xB91, 5},
	{0xB92, 0xB95, 11},
	{0xB96, 0xB98, 5},
	{0xB99, 0xB9A, 11},
	{0xB9B, 0xB9B, 5},
	{0xB9C, 0xB9C, 11},
	{0xB9D, 0xB9D, 5},
	{0xB9E, 0xB9F, 11},
	{0xBA0, 0xBA2, 5},
	{0xBA3, 0xBA4, 11},
	{0xBA5, 0xBA7, 5},
	{0xBA8, 0xBAA, 11},
	{0xBAB, 0xBAD, 5},
	{0xBAE, 0xBB9, 11},
	{0xBBA, 0xBBD, 5},
	{0xBBE, 0xBBF, 16},
	{0xBC0, 0xBC0, 18},
	{0xBC1, 0xBC2, 16},
	{0xBC3, 0xBC5, 5},
	{0xBC6, 0xBC8, 16},
	{0xBC9, 0xBC9, 5},
	{0xBCA, 0xBCC, 16},
	{0xBCD, 0xBCD, 18},
	{0xBCE, 0xBCF, 5},
	{0xBD0, 0xBD0, 11},
	{0xBD1, 0xBD6, 5},
	{0xBD7, 0xBD7, 16},
	{0xBD8, 0xBE5, 5},
	{0xBE6, 0xBEF, 20},
	{0xBF0, 0xBF2, 22},
	{0xBF3, 0xBF8, 35},
	{0xBF9, 0xBF9, 32},
	{0xBFA, 0xBFA, 35},
	{0xBFB, 0xBFF, 5},
	{0xC00, 0xC00, 18},
	{0xC01, 0xC03, 16},
	{0xC04, 0xC04, 18},
	{0xC05, 0xC0C, 11},
	{0xC0D, 0xC0D, 5},
	{0xC0E, 0xC10, 11},
	{0xC11, 0xC11, 5},
	{0xC12, 0xC28, 11},
	{0xC29, 0xC29, 5},
	{0xC2A, 0xC39, 11},
	{0xC3A, 0xC3B, 5},
	{0xC3C, 0xC3C, 18},
	{0xC3D, 0xC3D, 11},
	{0xC3E, 0xC40, 18},
	{0xC41, 0xC44, 16},
	{0xC45, 0xC45, 5},
	{0xC46, 0xC48, 18},
	{0xC49, 0xC49, 5},
	{0xC4A, 0xC4D, 18},
	{0xC4E, 0xC54, 5},
	{0xC55, 0xC56, 18},
	{0xC57, 0xC57, 5},
	{0xC58, 0xC5A, 11},
	{0xC5B, 0xC5B, 5},
	{0xC5C, 0xC5D, 11},
	{0xC5E, 0xC5F, 5},
	{0xC60, 0xC61, 11},
	{0xC62, 0xC63, 18},
	{0xC64, 0xC65, 5},
	{0xC66, 0xC6F, 20},
	{0xC70, 0xC76, 5},
	{0xC77, 0xC77, 29},
	{0xC78, 0xC7E, 22},
	{0xC7F, 0xC7F, 35},
	{0xC80, 0xC80, 11},
	{0xC81, 0xC81, 18},
	{0xC82, 0xC83, 16},
	{0xC84, 0xC84, 29},
	{0xC85, 0xC8C, 11},
	{0xC8D, 0xC8D, 5},
	{0xC8E, 0xC90, 11},
	{0xC91, 0xC91, 5},
	{0xC92, 0xCA8, 11},
	{0xCA9, 0xCA9, 5},
	{0xCAA, 0xCB3, 11},
	{0xCB4, 0xCB4, 5},
	{0xCB5, 0xCB9, 11},
	{0xCBA, 0xCBB, 5},
	{0xCBC, 0xCBC, 18},
	{0xCBD, 0xCBD, 11},
	{0xCBE, 0xCBE, 16},
	{0xCBF, 0xCBF, 18},
	{0xCC0, 0xCC4, 16},
	{0xCC5, 0xCC5, 5},
	{0xCC6, 0xCC6, 18},
	{0xCC7, 0xCC8, 16},
	{0xCC9, 0xCC9, 5},
	{0xCCA, 0xCCB, 16},
	{0xCCC, 0xCCD, 18},
	{0xCCE, 0xCD4, 5},
	{0xCD5, 0xCD6, 16},
	{0xCD7, 0xCDB, 5},
	{0xCDC, 0xCDE, 11},
	{0xCDF, 0xCDF, 5},
	{0xCE0, 0xCE1, 11},
	{0xCE2, 0xCE3, 18},
	{0xCE4, 0xCE5, 5},
	{0xCE6, 0xCEF, 20},
	{0xCF0, 0xCF0, 5},
	{0xCF1, 0xCF2, 11},
	{0xCF3, 0xCF3, 16},
	{0xCF4, 0xCFF, 5},
	{0xD00, 0xD01, 18},
	{0xD02, 0xD03, 16},
	{0xD04, 0xD0C, 11},
	{0xD0D, 0xD0D, 5},
	{0xD0E, 0xD10, 11},
	{0xD11, 0xD11, 5},
	{0xD12, 0xD3A, 11},
	{0xD3B, 0xD3C, 18},
	{0xD3D, 0xD3D, 11},
	{0xD3E, 0xD40, 16},
	{0xD41, 0xD44, 18},
	{0xD45, 0xD45, 5},
	{0xD46, 0xD48, 16},
	{0xD49, 0xD49, 5},
	{0xD4A, 0xD4C, 16},
	{0xD4D, 0xD4D, 18},
	{0xD4E, 0xD4E, 11},
	{0xD4F, 0xD4F, 35},
	{0xD50, 0xD53, 5},
	{0xD54, 0xD56, 11},
	{0xD57, 0xD57, 16},
	{0xD58, 0xD5E, 22},
	{0xD5F, 0xD61, 11},
	{0xD62, 0xD63, 18},
	{0xD64, 0xD65, 5},
	{0xD66, 0xD6F, 20},
	{0xD70, 0xD78, 22},
	{0xD79, 0xD79, 35},
	{0xD7A, 0xD7F, 11},
	{0xD80, 0xD80, 5},
	{0xD81, 0xD81, 18},
	{0xD82, 0xD83, 16},
	{0xD84, 0xD84, 5},
	{0xD85, 0xD96, 11},
	{0xD97, 0xD99, 5},
	{0xD9A, 0xDB1, 11},
	{0xDB2, 0xDB2, 5},
	{0xDB3, 0xDBB, 11},
	{0xDBC, 0xDBC, 5},
	{0xDBD, 0xDBD, 11},
	{0xDBE, 0xDBF, 5},
	{0xDC0, 0xDC6, 11},
	{0xDC7, 0xDC9, 5},
	{0xDCA, 0xDCA, 18},
	{0xDCB, 0xDCE, 5},
	{0xDCF, 0xDD1, 16},
	{0xDD2, 0xDD4, 18},
	{0xDD5, 0xDD5, 5},
	{0xDD6, 0xDD6, 18},
	{0xDD7, 0xDD7, 5},
	{0xDD8, 0xDDF, 16},
	{0xDE0, 0xDE5, 5},
	{0xDE6, 0xDEF, 20},
	{0xDF0, 0xDF1, 5},
	{0xDF2, 0xDF3, 16},
	{0xDF4, 0xDF4, 29},
	{0xDF5, 0xE00, 5},
	{0xE01, 0xE30, 11},
	{0xE31, 0xE31, 18},
	{0xE32, 0xE33, 11},
	{0xE34, 0xE3A, 18},
	{0xE3B, 0xE3E, 5},
	{0xE3F, 0xE3F, 32},
	{0xE40, 0xE45, 11},
	{0xE46, 0xE46, 10},
	{0xE47, 0xE4E, 18},
	{0xE4F, 0xE4F, 29},
	{0xE50, 0xE59, 20},
	{0xE5A, 0xE5B, 29},
	{0xE5C, 0xE80, 5},
	{0xE81, 0xE82, 11},
	{0xE83, 0xE83, 5},
	{0xE84, 0xE84, 11},
	{0xE85, 0xE85, 5},
	{0xE86, 0xE8A, 11},
	{0xE8B, 0xE8B, 5},
	{0xE8C, 0xEA3, 11},
	{0xEA4, 0xEA4, 5},
	{0xEA5, 0xEA5, 11},
	{0xEA6, 0xEA6, 5},
	{0xEA7, 0xEB0, 11},
	{0xEB1, 0xEB1, 18},
	{0xEB2, 0xEB3, 11},
	{0xEB4, 0xEBC, 18},
	{0xEBD, 0xEBD, 11},
	{0xEBE, 0xEBF, 5},
	{0xEC0, 0xEC4, 11},
	{0xEC5, 0xEC5, 5},
	{0xEC6, 0xEC6, 10},
	{0xEC7, 0xEC7, 5},
	{0xEC8, 0xECE, 18},
	{0xECF, 0xECF, 5},
	{0xED0, 0xED9, 20},
	{0xEDA, 0xEDB, 5},
	{0xEDC, 0xEDF, 11},
	{0xEE0, 0xEFF, 5},
	{0xF00, 0xF00, 11},
	{0xF01, 0xF03, 35},
	{0xF04, 0xF12, 29},
	{0xF13, 0xF13, 35},
	{0xF14, 0xF14, 29},
	{0xF15, 0xF17, 35},
	{0xF18, 0xF19, 18},
	{0xF1A, 0xF1F, 35},
	{0xF20, 0xF29, 20},
	{0xF2A, 0xF33, 22},
	{0xF34, 0xF34, 35},
	{0xF35, 0xF35, 18},
	{0xF36, 0xF36, 35},
	{0xF37, 0xF37, 18},
	{0xF38, 0xF38, 35},
	{0xF39, 0xF39, 18},
	{0xF3A, 0xF3A, 30},
	{0xF3B, 0xF3B, 26},
	{0xF3C, 0xF3C, 30},
	{0xF3D, 0xF3D, 26},
	{0xF3E, 0xF3F, 16},
	{0xF40, 0xF47, 11},
	{0xF48, 0xF48, 5},
	{0xF49, 0xF6C, 11},
	{0xF6D, 0xF70, 5},
	{0xF71, 0xF7E, 18},
	{0xF7F, 0xF7F, 16},
	{0xF80, 0xF84, 18},
	{0xF85, 0xF85, 29},
	{0xF86, 0xF87, 18},
	{0xF88, 0xF8C, 11},
	{0xF8D, 0xF97, 18},
	{0xF98, 0xF98, 5},
	{0xF99, 0xFBC, 18},
	{0xFBD, 0xFBD, 5},
	{0xFBE, 0xFC5, 35},
	{0xFC6, 0xFC6, 18},
	{0xFC7, 0xFCC, 35},
	{0xFCD, 0xFCD, 5},
	{0xFCE, 0xFCF, 35},
	{0xFD0, 0xFD4, 29},
	{0xFD5, 0xFD8, 35},
	{0xFD9, 0xFDA, 29},
	{0xFDB, 0xFFF, 5},
	{0x1000, 0x102A, 11},
	{0x102B, 0x102C, 16},
	{0x102D, 0x1030, 18},
	{0x1031, 0x1031, 16},
	{0x1032, 0x1037, 18},
	{0x1038, 0x1038, 16},
	{0x1039, 0x103A, 18},
	{0x103B, 0x103C, 16},
	{0x103D, 0x103E, 18},
	{0x103F, 0x103F, 11},
	{0x1040, 0x1049, 20},
	{0x104A, 0x104F, 29},
	{0x1050, 0x1055, 11},
	{0x1056, 0x1057, 16},
	{0x1058, 0x1059, 18},
	{0x105A, 0x105D, 11},
	{0x105E, 0x1060, 18},
	{0x1061, 0x1061, 11},
	{0x1062, 0x1064, 16},
	{0x1065, 0x1066, 11},
	{0x1067, 0x106D, 16},
	{0x106E, 0x1070, 11},
	{0x1071, 0x1074, 18},
	{0x1075, 0x1081, 11},
	{0x1082, 0x1082, 18},
	{0x1083, 0x1084, 16},
	{0x1085, 0x1086, 18},
	{0x1087, 0x108C, 16},
	{0x108D, 0x108D, 18},
	{0x108E, 0x108E, 11},
	{0x108F, 0x108F, 16},
	{0x1090, 0x1099, 20},
	{0x109A, 0x109C, 16},
	{0x109D, 0x109D, 18},
	{0x109E, 0x109F, 35},
	{0x10A0, 0x10C5, 13},
	{0x10C6, 0x10C6, 5},
	{0x10C7, 0x10C7, 13},
	{0x10C8, 0x10CC, 5},
	{0x10CD, 0x10CD, 13},
	{0x10CE, 0x10CF, 5},
	{0x10D0, 0x10FA, 9},
	{0x10FB, 0x10FB, 29},
	{0x10FC, 0x10FC, 10},
	{0x10FD, 0x10FF, 9},
	{0x1100, 0x1248, 11},
	{0x1249, 0x1249, 5},
	{0x124A, 0x124D, 11},
	{0x124E, 0x124F, 5},
	{0x1250, 0x1256, 11},
	{0x1257, 0x1257, 5},
	{0x1258, 0x1258, 11},
	{0x1259, 0x1259, 5},
	{0x125A, 0x125D, 11},
	{0x125E, 0x125F, 5},
	{0x1260, 0x1288, 11},
	{0x1289, 0x1289, 5},
	{0x128A, 0x128D, 11},
	{0x128E, 0x128F, 5},
	{0x1290, 0x12B0, 11},
	{0x12B1, 0x12B1, 5},
	{0x12B2, 0x12B5, 11},
	{0x12B6, 0x12B7, 5},
	{0x12B8, 0x12BE, 11},
	{0x12BF, 0x12BF, 5},
	{0x12C0, 0x12C0, 11},
	{0x12C1, 0x12C1, 5},
	{0x12C2, 0x12C5, 11},
	{0x12C6, 0x12C7, 5},
	{0x12C8, 0x12D6, 11},
	{0x12D7, 0x12D7, 5},
	{0x12D8, 0x1310, 11},
	{0x1311, 0x1311, 5},
	{0x1312, 0x1315, 11},
	{0x1316, 0x1317, 5},
	{0x1318, 0x135A, 11},
	{0x135B, 0x135C, 5},
	{0x135D, 0x135F, 18},
	{0x1360, 0x1368, 29},
	{0x1369, 0x137C, 22},
	{0x137D, 0x137F, 5},
	{0x1380, 0x138F, 11},
	{0x1390, 0x1399, 35},
	{0x139A, 0x139F, 5},
	{0x13A0, 0x13F5, 13},
	{0x13F6, 0x13F7, 5},
	{0x13F8, 0x13FD, 9},
	{0x13FE, 0x13FF, 5},
	{0x1400, 0x1400, 25},
	{0x1401, 0x166C, 11},
	{0x166D, 0x166D, 35},
	{0x166E, 0x166E, 29},
	{0x166F, 0x167F, 11},
	{0x1680, 0x1680, 39},
	{0x1681, 0x169A, 11},
	{0x169B, 0x169B, 30},
	{0x169C, 0x169C, 26},
	{0x169D, 0x169F, 5},
	{0x16A0, 0x16EA, 11},
	{0x16EB, 0x16ED, 29},
	{0x16EE, 0x16F0, 21},
	{0x16F1, 0x16F8, 11},
	{0x16F9, 0x16FF, 5},
	{0x1700, 0x1711, 11},
	{0x1712, 0x1714, 18},
	{0x1715, 0x1715, 16},
	{0x1716, 0x171E, 5},
	{0x171F, 0x1731, 11},
	{0x1732, 0x1733, 18},
	{0x1734, 0x1734, 16},
	{0x1735, 0x1736, 29},
	{0x1737, 0x173F, 5},
	{0x1740, 0x1751, 11},
	{0x1752, 0x1753, 18},
	{0x1754, 0x175F, 5},
	{0x1760, 0x176C, 11},
	{0x176D, 0x176D, 5},
	{0x176E, 0x1770, 11},
	{0x1771, 0x1771, 5},
	{0x1772, 0x1773, 18},
	{0x1774, 0x177F, 5},
	{0x1780, 0x17B3, 11},
	{0x17B4, 0x17B5, 18},
	{0x17B6, 0x17B6, 16},
	{0x17B7, 0x17BD, 18},
	{0x17BE, 0x17C5, 16},
	{0x17C6, 0x17C6, 18},
	{0x17C7, 0x17C8, 16},
	{0x17C9, 0x17D3, 18},
	{0x17D4, 0x17D6, 29},
	{0x17D7, 0x17D7, 10},
	{0x17D8, 0x17DA, 29},
	{0x17DB, 0x17DB, 32},
	{0x17DC, 0x17DC, 11},
	{0x17DD, 0x17DD, 18},
	{0x17DE, 0x17DF, 5},
	{0x17E0, 0x17E9, 20},
	{0x17EA, 0x17EF, 5},
	{0x17F0, 0x17F9, 22},
	{0x17FA, 0x17FF, 5},
	{0x1800, 0x1805, 29},
	{0x1806, 0x1806, 25},
	{0x1807, 0x180A, 29},
	{0x180B, 0x180D, 18},
	{0x180E, 0x180E, 4},
	{0x180F, 0x180F, 18},
	{0x1810, 0x1819, 20},
	{0x181A, 0x181F, 5},
	{0x1820, 0x1842, 11},
	{0x1843, 0x1843, 10},
	{0x1844, 0x1878, 11},
	{0x1879, 0x187F, 5},
	{0x1880, 0x1884, 11},
	{0x1885, 0x1886, 18},
	{0x1887, 0x18A8, 11},
	{0x18A9, 0x18A9, 18},
	{0x18AA, 0x18AA, 11},
	{0x18AB, 0x18AF, 5},
	{0x18B0, 0x18F5, 11},
	{0x18F6, 0x18FF, 5},
	{0x1900, 0x191E, 11},
	{0x191F, 0x191F, 5},
	{0x1920, 0x1922, 18},
	{0x1923, 0x1926, 16},
	{0x1927, 0x1928, 18},
	{0x1929, 0x192B, 16},
	{0x192C, 0x192F, 5},
	{0x1930, 0x1931, 16},
	{0x1932, 0x1932, 18},
	{0x1933, 0x1938, 16},
	{0x1939, 0x193B, 18},
	{0x193C, 0x193F, 5},
	{0x1940, 0x1940, 35},
	{0x1941, 0x1943, 5},
	{0x1944, 0x1945, 29},
	{0x1946, 0x194F, 20},
	{0x1950, 0x196D, 11},
	{0x196E, 0x196F, 5},
	{0x1970, 0x1974, 11},
	{0x1975, 0x197F, 5},
	{0x1980, 0x19AB, 11},
	{0x19AC, 0x19AF, 5},
	{0x19B0, 0x19C9, 11},
	{0x19CA, 0x19CF, 5},
	{0x19D0, 0x19D9, 20},
	{0x19DA, 0x19DA, 22},
	{0x19DB, 0x19DD, 5},
	{0x19DE, 0x19FF, 35},
	{0x1A00, 0x1A16, 11},
	{0x1A17, 0x1A18, 18},
	{0x1A19, 0x1A1A, 16},
	{0x1A1B, 0x1A1B, 18},
	{0x1A1C, 0x1A1D, 5},
	{0x1A1E, 0x1A1F, 29},
	{0x1A20, 0x1A54, 11},
	{0x1A55, 0x1A55, 16},
	{0x1A56, 0x1A56, 18},
	{0x1A57, 0x1A57, 16},
	{0x1A58, 0x1A5E, 18},
	{0x1A5F, 0x1A5F, 5},
	{0x1A60, 0x1A60, 18},
	{0x1A61, 0x1A61, 16},
	{0x1A62, 0x1A62, 18},
	{0x1A63, 0x1A64, 16},
	{0x1A65, 0x1A6C, 18},
	{0x1A6D, 0x1A72, 16},
	{0x1A73, 0x1A7C, 18},
	{0x1A7D, 0x1A7E, 5},
	{0x1A7F, 0x1A7F, 18},
	{0x1A80, 0x1A89, 20},
	{0x1A8A, 0x1A8F, 5},
	{0x1A90, 0x1A99, 20},
	{0x1A9A, 0x1A9F, 5},
	{0x1AA0, 0x1AA6, 29},
	{0x1AA7, 0x1AA7, 10},
	{0x1AA8, 0x1AAD, 29},
	{0x1AAE, 0x1AAF, 5},
	{0x1AB0, 0x1ABD, 18},
	{0x1ABE, 0x1ABE, 17},
	{0x1ABF, 0x1ADD, 18},
	{0x1ADE, 0x1ADF, 5},
	{0x1AE0, 0x1AEB, 18},
	{0x1AEC, 0x1AFF, 5},
	{0x1B00, 0x1B03, 18},
	{0x1B04, 0x1B04, 16},
	{0x1B05, 0x1B33, 11},
	{0x1B34, 0x1B34, 18},
	{0x1B35, 0x1B35, 16},
	{0x1B36, 0x1B3A, 18},
	{0x1B3B, 0x1B3B, 16},
	{0x1B3C, 0x1B3C, 18},
	{0x1B3D, 0x1B41, 16},
	{0x1B42, 0x1B42, 18},
	{0x1B43, 0x1B44, 16},
	{0x1B45, 0x1B4C, 11},
	{0x1B4D, 0x1B4D, 5},
	{0x1B4E, 0x1B4F, 29},
	{0x1B50, 0x1B59, 20},
	{0x1B5A, 0x1B60, 29},
	{0x1B61, 0x1B6A, 35},
	{0x1B6B, 0x1B73, 18},
	{0x1B74, 0x1B7C, 35},
	{0x1B7D, 0x1B7F, 29},
	{0x1B80, 0x1B81, 18},
	{0x1B82, 0x1B82, 16},
	{0x1B83, 0x1BA0, 11},
	{0x1BA1, 0x1BA1, 16},
	{0x1BA2, 0x1BA5, 18},
	{0x1BA6, 0x1BA7, 16},
	{0x1BA8, 0x1BA9, 18},
	{0x1BAA, 0x1BAA, 16},
	{0x1BAB, 0x1BAD, 18},
	{0x1BAE, 0x1BAF, 11},
	{0x1BB0, 0x1BB9, 20},
	{0x1BBA, 0x1BE5, 11},
	{0x1BE6, 0x1BE6, 18},
	{0x1BE7, 0x1BE7, 16},
	{0x1BE8, 0x1BE9, 18},
	{0x1BEA, 0x1BEC, 16},
	{0x1BED, 0x1BED, 18},
	{0x1BEE, 0x1BEE, 16},
	{0x1BEF, 0x1BF1, 18},
	{0x1BF2, 0x1BF3, 16},
	{0x1BF4, 0x1BFB, 5},
	{0x1BFC, 0x1BFF, 29},
	{0x1C00, 0x1C23, 11},
	{0x1C24, 0x1C2B, 16},
	{0x1C2C, 0x1C33, 18},
	{0x1C34, 0x1C35, 16},
	{0x1C36, 0x1C37, 18},
	{0x1C38, 0x1C3A, 5},
	{0x1C3B, 0x1C3F, 29},
	{0x1C40, 0x1C49, 20},
	{0x1C4A, 0x1C4C, 5},
	{0x1C4D, 0x1C4F, 11},
	{0x1C50, 0x1C59, 20},
	{0x1C5A, 0x1C77, 11},
	{0x1C78, 0x1C7D, 10},
	{0x1C7E, 0x1C7F, 29},
	{0x1C80, 0x1C88, 9},
	{0x1C89, 0x1C89, 13},
	{0x1C8A, 0x1C8A, 9},
	{0x1C8B, 0x1C8F, 5},
	{0x1C90, 0x1CBA, 13},
	{0x1CBB, 0x1CBC, 5},
	{0x1CBD, 0x1CBF, 13},
	{0x1CC0, 0x1CC7, 29},
	{0x1CC8, 0x1CCF, 5},
	{0x1CD0, 0x1CD2, 18},
	{0x1CD3, 0x1CD3, 29},
	{0x1CD4, 0x1CE0, 18},
	{0x1CE1, 0x1CE1, 16},
	{0x1CE2, 0x1CE8, 18},
	{0x1CE9, 0x1CEC, 11},
	{0x1CED, 0x1CED, 18},
	{0x1CEE, 0x1CF3, 11},
	{0x1CF4, 0x1CF4, 18},
	{0x1CF5, 0x1CF6, 11},
	{0x1CF7, 0x1CF7, 16},
	{0x1CF8, 0x1CF9, 18},
	{0x1CFA, 0x1CFA, 11},
	{0x1CFB, 0x1CFF, 5},
	{0x1D00, 0x1D2B, 9},
	{0x1D2C, 0x1D6A, 10},
	{0x1D6B, 0x1D77, 9},
	{0x1D78, 0x1D78, 10},
	{0x1D79, 0x1D9A, 9},
	{0x1D9B, 0x1DBF, 10},
	{0x1DC0, 0x1DFF, 18},
	{0x1E00, 0x1E00, 13},
	{0x1E01, 0x1E01, 9},
	{0x1E02, 0x1E02, 13},
	{0x1E03, 0x1E03, 9},
	{0x1E04, 0x1E04, 13},
	{0x1E05, 0x1E05, 9},
	{0x1E06, 0x1E06, 13},
	{0x1E07, 0x1E07, 9},
	{0x1E08, 0x1E08, 13},
	{0x1E09, 0x1E09, 9},
	{0x1E0A, 0x1E0A, 13},
	{0x1E0B, 0x1E0B, 9},
	{0x1E0C, 0x1E0C, 13},
	{0x1E0D, 0x1E0D, 9},
	{0x1E0E, 0x1E0E, 13},
	{0x1E0F, 0x1E0F, 9},
	{0x1E10, 0x1E10, 13},
	{0x1E11, 0x1E11, 9},
	{0x1E12, 0x1E12, 13},
	{0x1E13, 0x1E13, 9},
	{0x1E14, 0x1E14, 13},
	{0x1E15, 0x1E15, 9},
	{0x1E16, 0x1E16, 13},
	{0x1E17, 0x1E17, 9},
	{0x1E18, 0x1E18, 13},
	{0x1E19, 0x1E19, 9},
	{0x1E1A, 0x1E1A, 13},
	{0x1E1B, 0x1E1B, 9},
	{0x1E1C, 0x1E1C, 13},
	{0x1E1D, 0x1E1D, 9},
	{0x1E1E, 0x1E1E, 13},
	{0x1E1F, 0x1E1F, 9},
	{0x1E20, 0x1E20, 13},
	{0x1E21, 0x1E21, 9},
	{0x1E22, 0x1E22, 13},
	{0x1E23, 0x1E23, 9},
	{0x1E24, 0x1E24, 13},
	{0x1E25, 0x1E25, 9},
	{0x1E26, 0x1E26, 13},
	{0x1E27, 0x1E27, 9},
	{0x1E28, 0x1E28, 13},
	{0x1E29, 0x1E29, 9},
	{0x1E2A, 0x1E2A, 13},
	{0x1E2B, 0x1E2B, 9},
	{0x1E2C, 0x1E2C, 13},
	{0x1E2D, 0x1E2D, 9},
	{0x1E2E, 0x1E2E, 13},
	{0x1E2F, 0x1E2F, 9},
	{0x1E30, 0x1E30, 13},
	{0x1E31, 0x1E31, 9},
	{0x1E32, 0x1E32, 13},
	{0x1E33, 0x1E33, 9},
	{0x1E34, 0x1E34, 13},
	{0x1E35, 0x1E35, 9},
	{0x1E36, 0x1E36, 13},
	{0x1E37, 0x1E37, 9},
	{0x1E38, 0x1E38, 13},
	{0x1E39, 0x1E39, 9},
	{0x1E3A, 0x1E3A, 13},
	{0x1E3B, 0x1E3B, 9},
	{0x1E3C, 0x1E3C, 13},
	{0x1E3D, 0x1E3D, 9},
	{0x1E3E, 0x1E3E, 13},
	{0x1E3F, 0x1E3F, 9},
	{0x1E40, 0x1E40, 13},
	{0x1E41, 0x1E41, 9},
	{0x1E42, 0x1E42, 13},
	{0x1E43, 0x1E43, 9},
	{0x1E44, 0x1E44, 13},
	{0x1E45, 0x1E45, 9},
	{0x1E46, 0x1E46, 13},
	{0x1E47, 0x1E47, 9},
	{0x1E48, 0x1E48, 13},
	{0x1E49, 0x1E49, 9},
	{0x1E4A, 0x1E4A, 13},
	{0x1E4B, 0x1E4B, 9},
	{0x1E4C, 0x1E4C, 13},
	{0x1E4D, 0x1E4D, 9},
	{0x1E4E, 0x1E4E, 13},
	{0x1E4F, 0x1E4F, 9},
	{0x1E50, 0x1E50, 13},
	{0x1E51, 0x1E51, 9},
	{0x1E52, 0x1E52, 13},
	{0x1E53, 0x1E53, 9},
	{0x1E54, 0x1E54, 13},
	{0x1E55, 0x1E55, 9},
	{0x1E56, 0x1E56, 13},
	{0x1E57, 0x1E57, 9},
	{0x1E58, 0x1E58, 13},
	{0x1E59, 0x1E59, 9},
	{0x1E5A, 0x1E5A, 13},
	{0x1E5B, 0x1E5B, 9},
	{0x1E5C, 0x1E5C, 13},
	{0x1E5D, 0x1E5D, 9},
	{0x1E5E, 0x1E5E, 13},
	{0x1E5F, 0x1E5F, 9},
	{0x1E60, 0x1E60, 13},
	{0x1E61, 0x1E61, 9},
	{0x1E62, 0x1E62, 13},
	{0x1E63, 0x1E63, 9},
	{0x1E64, 0x1E64, 13},
	{0x1E65, 0x1E65, 9},
	{0x1E66, 0x1E66, 13},
	{0x1E67, 0x1E67, 9},
	{0x1E68, 0x1E68, 13},
	{0x1E69, 0x1E69, 9},
	{0x1E6A, 0x1E6A, 13},
	{0x1E6B, 0x1E6B, 9},
	{0x1E6C, 0x1E6C, 13},
	{0x1E6D, 0x1E6D, 9},
	{0x1E6E, 0x1E6E, 13},
	{0x1E6F, 0x1E6F, 9},
	{0x1E70, 0x1E70, 13},
	{0x1E71, 0x1E71, 9},
	{0x1E72, 0x1E72, 13},
	{0x1E73, 0x1E73, 9},
	{0x1E74, 0x1E74, 13},
	{0x1E75, 0x1E75, 9},
	{0x1E76, 0x1E76, 13},
	{0x1E77, 0x1E77, 9},
	{0x1E78, 0x1E78, 13},
	{0x1E79, 0x1E79, 9},
	{0x1E7A, 0x1E7A, 13},
	{0x1E7B, 0x1E7B, 9},
	{0x1E7C, 0x1E7C, 13},
	{0x1E7D, 0x1E7D, 9},
	{0x1E7E, 0x1E7E, 13},
	{0x1E7F, 0x1E7F, 9},
	{0x1E80, 0x1E80, 13},
	{0x1E81, 0x1E81, 9},
	{0x1E82, 0x1E82, 13},
	{0x1E83, 0x1E83, 9},
	{0x1E84, 0x1E84, 13},
	{0x1E85, 0x1E85, 9},
	{0x1E86, 0x1E86, 13},
	{0x1E87, 0x1E87, 9},
	{0x1E88, 0x1E88, 13},
	{0x1E89, 0x1E89, 9},
	{0x1E8A, 0x1E8A, 13},
	{0x1E8B, 0x1E8B, 9},
	{0x1E8C, 0x1E8C, 13},
	{0x1E8D, 0x1E8D, 9},
	{0x1E8E, 0x1E8E, 13},
	{0x1E8F, 0x1E8F, 9},
	{0x1E90, 0x1E90, 13},
	{0x1E91, 0x1E91, 9},
	{0x1E92, 0x1E92, 13},
	{0x1E93, 0x1E93, 9},
	{0x1E94, 0x1E94, 13},
	{0x1E95, 0x1E9D, 9},
	{0x1E9E, 0x1E9E, 13},
	{0x1E9F, 0x1E9F, 9},
	{0x1EA0, 0x1EA0, 13},
	{0x1EA1, 0x1EA1, 9},
	{0x1EA2, 0x1EA2, 13},
	{0x1EA3, 0x1EA3, 9},
	{0x1EA4, 0x1EA4, 13},
	{0x1EA5, 0x1EA5, 9},
	{0x1EA6, 0x1EA6, 13},
	{0x1EA7, 0x1EA7, 9},
	{0x1EA8, 0x1EA8, 13},
	{0x1EA9, 0x1EA9, 9},
	{0x1EAA, 0x1EAA, 13},
	{0x1EAB, 0x1EAB, 9},
	{0x1EAC, 0x1EAC, 13},
	{0x1EAD, 0x1EAD, 9},
	{0x1EAE, 0x1EAE, 13},
	{0x1EAF, 0x1EAF, 9},
	{0x1EB0, 0x1EB0, 13},
	{0x1EB1, 0x1EB1, 9},
	{0x1EB2, 0x1EB2, 13},
	{0x1EB3, 0x1EB3, 9},
	{0x1EB4, 0x1EB4, 13},
	{0x1EB5, 0x1EB5, 9},
	{0x1EB6, 0x1EB6, 13},
	{0x1EB7, 0x1EB7, 9},
	{0x1EB8, 0x1EB8, 13},
	{0x1EB9, 0x1EB9, 9},
	{0x1EBA, 0x1EBA, 13},
	{0x1EBB, 0x1EBB, 9},
	{0x1EBC, 0x1EBC, 13},
	{0x1EBD, 0x1EBD, 9},
	{0x1EBE, 0x1EBE, 13},
	{0x1EBF, 0x1EBF, 9},
	{0x1EC0, 0x1EC0, 13},
	{0x1EC1, 0x1EC1, 9},
	{0x1EC2, 0x1EC2, 13},
	{0x1EC3, 0x1EC3, 9},
	{0x1EC4, 0x1EC4, 13},
	{0x1EC5, 0x1EC5, 9},
	{0x1EC6, 0x1EC6, 13},
	{0x1EC7, 0x1EC7, 9},
	{0x1EC8, 0x1EC8, 13},
	{0x1EC9, 0x1EC9, 9},
	{0x1ECA, 0x1ECA, 13},
	{0x1ECB, 0x1ECB, 9},
	{0x1ECC, 0x1ECC, 13},
	{0x1ECD, 0x1ECD, 9},
	{0x1ECE, 0x1ECE, 13},
	{0x1ECF, 0x1ECF, 9},
	{0x1ED0, 0x1ED0, 13},
	{0x1ED1, 0x1ED1, 9},
	{0x1ED2, 0x1ED2, 13},
	{0x1ED3, 0x1ED3, 9},
	{0x1ED4, 0x1ED4, 13},
	{0x1ED5, 0x1ED5, 9},
	{0x1ED6, 0x1ED6, 13},
	{0x1ED7, 0x1ED7, 9},
	{0x1ED8, 0x1ED8, 13},
	{0x1ED9, 0x1ED9, 9},
	{0x1EDA, 0x1EDA, 13},
	{0x1EDB, 0x1EDB, 9},
	{0x1EDC, 0x1EDC, 13},
	{0x1EDD, 0x1EDD, 9},
	{0x1EDE, 0x1EDE, 13},
	{0x1EDF, 0x1EDF, 9},
	{0x1EE0, 0x1EE0, 13},
	{0x1EE1, 0x1EE1, 9},
	{0x1EE2, 0x1EE2, 13},
	{0x1EE3, 0x1EE3, 9},
	{0x1EE4, 0x1EE4, 13},
	{0x1EE5, 0x1EE5, 9},
	{0x1EE6, 0x1EE6, 13},
	{0x1EE7, 0x1EE7, 9},
	{0x1EE8, 0x1EE8, 13},
	{0x1EE9, 0x1EE9, 9},
	{0x1EEA, 0x1EEA, 13},
	{0x1EEB, 0x1EEB, 9},
	{0x1EEC, 0x1EEC, 13},
	{0x1EED, 0x1EED, 9},
	{0x1EEE, 0x1EEE, 13},
	{0x1EEF, 0x1EEF, 9},
	{0x1EF0, 0x1EF0, 13},
	{0x1EF1, 0x1EF1, 9},
	{0x1EF2, 0x1EF2, 13},
	{0x1EF3, 0x1EF3, 9},
	{0x1EF4, 0x1EF4, 13},
	{0x1EF5, 0x1EF5, 9},
	{0x1EF6, 0x1EF6, 13},
	{0x1EF7, 0x1EF7, 9},
	{0x1EF8, 0x1EF8, 13},
	{0x1EF9, 0x1EF9, 9},
	{0x1EFA, 0x1EFA, 13},
	{0x1EFB, 0x1EFB, 9},
	{0x1EFC, 0x1EFC, 13},
	{0x1EFD, 0x1EFD, 9},
	{0x1EFE, 0x1EFE, 13},
	{0x1EFF, 0x1F07, 9},
	{0x1F08, 0x1F0F, 13},
	{0x1F10, 0x1F15, 9},
	{0x1F16, 0x1F17, 5},
	{0x1F18, 0x1F1D, 13},
	{0x1F1E, 0x1F1F, 5},
	{0x1F20, 0x1F27, 9},
	{0x1F28, 0x1F2F, 13},
	{0x1F30, 0x1F37, 9},
	{0x1F38, 0x1F3F, 13},
	{0x1F40, 0x1F45, 9},
	{0x1F46, 0x1F47, 5},
	{0x1F48, 0x1F4D, 13},
	{0x1F4E, 0x1F4F, 5},
	{0x1F50, 0x1F57, 9},
	{0x1F58, 0x1F58, 5},
	{0x1F59, 0x1F59, 13},
	{0x1F5A, 0x1F5A, 5},
	{0x1F5B, 0x1F5B, 13},
	{0x1F5C, 0x1F5C, 5},
	{0x1F5D, 0x1F5D, 13},
	{0x1F5E, 0x1F5E, 5},
	{0x1F5F, 0x1F5F, 13},
	{0x1F60, 0x1F67, 9},
	{0x1F68, 0x1F6F, 13},
	{0x1F70, 0x1F7D, 9},
	{0x1F7E, 0x1F7F, 5},
	{0x1F80, 0x1F87, 9},
	{0x1F88, 0x1F8F, 12},
	{0x1F90, 0x1F97, 9},
	{0x1F98, 0x1F9F, 12},
	{0x1FA0, 0x1FA7, 9},
	{0x1FA8, 0x1FAF, 12},
	{0x1FB0, 0x1FB4, 9},
	{0x1FB5, 0x1FB5, 5},
	{0x1FB6, 0x1FB7, 9},
	{0x1FB8, 0x1FBB, 13},
	{0x1FBC, 0x1FBC, 12},
	{0x1FBD, 0x1FBD, 33},
	{0x1FBE, 0x1FBE, 9},
	{0x1FBF, 0x1FC1, 33},
	{0x1FC2, 0x1FC4, 9},
	{0x1FC5, 0x1FC5, 5},
	{0x1FC6, 0x1FC7, 9},
	{0x1FC8, 0x1FCB, 13},
	{0x1FCC, 0x1FCC, 12},
	{0x1FCD, 0x1FCF, 33},
	{0x1FD0, 0x1FD3, 9},
	{0x1FD4, 0x1FD5, 5},
	{0x1FD6, 0x1FD7, 9},
	{0x1FD8, 0x1FDB, 13},
	{0x1FDC, 0x1FDC, 5},
	{0x1FDD, 0x1FDF, 33},
	{0x1FE0, 0x1FE7, 9},
	{0x1FE8, 0x1FEC, 13},
	{0x1FED, 0x1FEF, 33},
	{0x1FF0, 0x1FF1, 5},
	{0x1FF2, 0x1FF4, 9},
	{0x1FF5, 0x1FF5, 5},
	{0x1FF6, 0x1FF7, 9},
	{0x1FF8, 0x1FFB, 13},
	{0x1FFC, 0x1FFC, 12},
	{0x1FFD, 0x1FFE, 33},
	{0x1FFF, 0x1FFF, 5},
	{0x2000, 0x200A, 39},
	{0x200B, 0x200F, 4},
	{0x2010, 0x2015, 25},
	{0x2016, 0x2017, 29},
	{0x2018, 0x2018, 28},
	{0x2019, 0x2019, 27},
	{0x201A, 0x201A, 30},
	{0x201B, 0x201C, 28},
	{0x201D, 0x201D, 27},
	{0x201E, 0x201E, 30},
	{0x201F, 0x201F, 28},
	{0x2020, 0x2027, 29},
	{0x2028, 0x2028, 37},
	{0x2029, 0x2029, 38},
	{0x202A, 0x202E, 4},
	{0x202F, 0x202F, 39},
	{0x2030, 0x2038, 29},
	{0x2039, 0x2039, 28},
	{0x203A, 0x203A, 27},
	{0x203B, 0x203E, 29},
	{0x203F, 0x2040, 24},
	{0x2041, 0x2043, 29},
	{0x2044, 0x2044, 34},
	{0x2045, 0x2045, 30},
	{0x2046, 0x2046, 26},
	{0x2047, 0x2051, 29},
	{0x2052, 0x2052, 34},
	{0x2053, 0x2053, 29},
	{0x2054, 0x2054, 24},
	{0x2055, 0x205E, 29},
	{0x205F, 0x205F, 39},
	{0x2060, 0x2064, 4},
	{0x2065, 0x2065, 5},
	{0x2066, 0x206F, 4},
	{0x2070, 0x2070, 22},
	{0x2071, 0x2071, 10},
	{0x2072, 0x2073, 5},
	{0x2074, 0x2079, 22},
	{0x207A, 0x207C, 34},
	{0x207D, 0x207D, 30},
	{0x207E, 0x207E, 26},
	{0x207F, 0x207F, 10},
	{0x2080, 0x2089, 22},
	{0x208A, 0x208C, 34},
	{0x208D, 0x208D, 30},
	{0x208E, 0x208E, 26},
	{0x208F, 0x208F, 5},
	{0x2090, 0x209C, 10},
	{0x209D, 0x209F, 5},
	{0x20A0, 0x20C1, 32},
	{0x20C2, 0x20CF, 5},
	{0x20D0, 0x20DC, 18},
	{0x20DD, 0x20E0, 17},
	{0x20E1, 0x20E1, 18},
	{0x20E2, 0x20E4, 17},
	{0x20E5, 0x20F0, 18},
	{0x20F1, 0x20FF, 5},
	{0x2100, 0x2101, 35},
	{0x2102, 0x2102, 13},
	{0x2103, 0x2106, 35},
	{0x2107, 0x2107, 13},
	{0x2108, 0x2109, 35},
	{0x210A, 0x210A, 9},
	{0x210B, 0x210D, 13},
	{0x210E, 0x210F, 9},
	{0x2110, 0x2112, 13},
	{0x2113, 0x2113, 9},
	{0x2114, 0x2114, 35},
	{0x2115, 0x2115, 13},
	{0x2116, 0x2117, 35},
	{0x2118, 0x2118, 34},
	{0x2119, 0x211D, 13},
	{0x211E, 0x2123, 35},
	{0x2124, 0x2124, 13},
	{0x2125, 0x2125, 35},
	{0x2126, 0x2126, 13},
	{0x2127, 0x2127, 35},
	{0x2128, 0x2128, 13},
	{0x2129, 0x2129, 35},
	{0x212A, 0x212D, 13},
	{0x212E, 0x212E, 35},
	{0x212F, 0x212F, 9},
	{0x2130, 0x2133, 13},
	{0x2134, 0x2134, 9},
	{0x2135, 0x2138, 11},
	{0x2139, 0x2139, 9},
	{0x213A, 0x213B, 35},
	{0x213C, 0x213D, 9},
	{0x213E, 0x213F, 13},
	{0x2140, 0x2144, 34},
	{0x2145, 0x2145, 13},
	{0x2146, 0x2149, 9},
	{0x214A, 0x214A, 35},
	{0x214B, 0x214B, 34},
	{0x214C, 0x214D, 35},
	{0x214E, 0x214E, 9},
	{0x214F, 0x214F, 35},
	{0x2150, 0x215F, 22},
	{0x2160, 0x2182, 21},
	{0x2183, 0x2183, 13},
	{0x2184, 0x2184, 9},
	{0x2185, 0x2188, 21},
	{0x2189, 0x2189, 22},
	{0x218A, 0x218B, 35},
	{0x218C, 0x218F, 5},
	{0x2190, 0x2194, 34},
	{0x2195, 0x2199, 35},
	{0x219A, 0x219B, 34},
	{0x219C, 0x219F, 35},
	{0x21A0, 0x21A0, 34},
	{0x21A1, 0x21A2, 35},
	{0x21A3, 0x21A3, 34},
	{0x21A4, 0x21A5, 35},
	{0x21A6, 0x21A6, 34},
	{0x21A7, 0x21AD, 35},
	{0x21AE, 0x21AE, 34},
	{0x21AF, 0x21CD, 35},
	{0x21CE, 0x21CF, 34},
	{0x21D0, 0x21D1, 35},
	{0x21D2, 0x21D2, 34},
	{0x21D3, 0x21D3, 35},
	{0x21D4, 0x21D4, 34},
	{0x21D5, 0x21F3, 35},
	{0x21F4, 0x22FF, 34},
	{0x2300, 0x2307, 35},
	{0x2308, 0x2308, 30},
	{0x2309, 0x2309, 26},
	{0x230A, 0x230A, 30},
	{0x230B, 0x230B, 26},
	{0x230C, 0x231F, 35},
	{0x2320, 0x2321, 34},
	{0x2322, 0x2328, 35},
	{0x2329, 0x2329, 30},
	{0x232A, 0x232A, 26},
	{0x232B, 0x237B, 35},
	{0x237C, 0x237C, 34},
	{0x237D, 0x239A, 35},
	{0x239B, 0x23B3, 34},
	{0x23B4, 0x23DB, 35},
	{0x23DC, 0x23E1, 34},
	{0x23E2, 0x2429, 35},
	{0x242A, 0x243F, 5},
	{0x2440, 0x244A, 35},
	{0x244B, 0x245F, 5},
	{0x2460, 0x249B, 22},
	{0x249C, 0x24E9, 35},
	{0x24EA, 0x24FF, 22},
	{0x2500, 0x25B6, 35},
	{0x25B7, 0x25B7, 34},
	{0x25B8, 0x25C0, 35},
	{0x25C1, 0x25C1, 34},
	{0x25C2, 0x25F7, 35},
	{0x25F8, 0x25FF, 34},
	{0x2600, 0x266E, 35},
	{0x266F, 0x266F, 34},
	{0x2670, 0x2767, 35},
	{0x2768, 0x2768, 30},
	{0x2769, 0x2769, 26},
	{0x276A, 0x276A, 30},
	{0x276B, 0x276B, 26},
	{0x276C, 0x276C, 30},
	{0x276D, 0x276D, 26},
	{0x276E, 0x276E, 30},
	{0x276F, 0x276F, 26},
	{0x2770, 0x2770, 30},
	{0x2771, 0x2771, 26},
	{0x2772, 0x2772, 30},
	{0x2773, 0x2773, 26},
	{0x2774, 0x2774, 30},
	{0x2775, 0x2775, 26},
	{0x2776, 0x2793, 22},
	{0x2794, 0x27BF, 35},
	{0x27C0, 0x27C4, 34},
	{0x27C5, 0x27C5, 30},
	{0x27C6, 0x27C6, 26},
	{0x27C7, 0x27E5, 34},
	{0x27E6, 0x27E6, 30},
	{0x27E7, 0x27E7, 26},
	{0x27E8, 0x27E8, 30},
	{0x27E9, 0x27E9, 26},
	{0x27EA, 0x27EA, 30},
	{0x27EB, 0x27EB, 26},
	{0x27EC, 0x27EC, 30},
	{0x27ED, 0x27ED, 26},
	{0x27EE, 0x27EE, 30},
	{0x27EF, 0x27EF, 26},
	{0x27F0, 0x27FF, 34},
	{0x2800, 0x28FF, 35},
	{0x2900, 0x2982, 34},
	{0x2983, 0x2983, 30},
	{0x2984, 0x2984, 26},
	{0x2985, 0x2985, 30},
	{0x2986, 0x2986, 26},
	{0x2987, 0x2987, 30},
	{0x2988, 0x2988, 26},
	{0x2989, 0x2989, 30},
	{0x298A, 0x298A, 26},
	{0x298B, 0x298B, 30},
	{0x298C, 0x298C, 26},
	{0x298D, 0x298D, 30},
	{0x298E, 0x298E, 26},
	{0x298F, 0x298F, 30},
	{0x2990, 0x2990, 26},
	{0x2991, 0x2991, 30},
	{0x2992, 0x2992, 26},
	{0x2993, 0x2993, 30},
	{0x2994, 0x2994, 26},
	{0x2995, 0x2995, 30},
	{0x2996, 0x2996, 26},
	{0x2997, 0x2997, 30},
	{0x2998, 0x2998, 26},
	{0x2999, 0x29D7, 34},
	{0x29D8, 0x29D8, 30},
	{0x29D9, 0x29D9, 26},
	{0x29DA, 0x29DA, 30},
	{0x29DB, 0x29DB, 26},
	{0x29DC, 0x29FB, 34},
	{0x29FC, 0x29FC, 30},
	{0x29FD, 0x29FD, 26},
	{0x29FE, 0x2AFF, 34},
	{0x2B00, 0x2B2F, 35},
	{0x2B30, 0x2B44, 34},
	{0x2B45, 0x2B46, 35},
	{0x2B47, 0x2B4C, 34},
	{0x2B4D, 0x2B73, 35},
	{0x2B74, 0x2B75, 5},
	{0x2B76, 0x2BFF, 35},
	{0x2C00, 0x2C2F, 13},
	{0x2C30, 0x2C5F, 9},
	{0x2C60, 0x2C60, 13},
	{0x2C61, 0x2C61, 9},
	{0x2C62, 0x2C64, 13},
	{0x2C65, 0x2C66, 9},
	{0x2C67, 0x2C67, 13},
	{0x2C68, 0x2C68, 9},
	{0x2C69, 0x2C69, 13},
	{0x2C6A, 0x2C6A, 9},
	{0x2C6B, 0x2C6B, 13},
	{0x2C6C, 0x2C6C, 9},
	{0x2C6D, 0x2C70, 13},
	{0x2C71, 0x2C71, 9},
	{0x2C72, 0x2C72, 13},
	{0x2C73, 0x2C74, 9},
	{0x2C75, 0x2C75, 13},
	{0x2C76, 0x2C7B, 9},
	{0x2C7C, 0x2C7D, 10},
	{0x2C7E, 0x2C80, 13},
	{0x2C81, 0x2C81, 9},
	{0x2C82, 0x2C82, 13},
	{0x2C83, 0x2C83, 9},
	{0x2C84, 0x2C84, 13},
	{0x2C85, 0x2C85, 9},
	{0x2C86, 0x2C86, 13},
	{0x2C87, 0x2C87, 9},
	{0x2C88, 0x2C88, 13},
	{0x2C89, 0x2C89, 9},
	{0x2C8A, 0x2C8A, 13},
	{0x2C8B, 0x2C8B, 9},
	{0x2C8C, 0x2C8C, 13},
	{0x2C8D, 0x2C8D, 9},
	{0x2C8E, 0x2C8E, 13},
	{0x2C8F, 0x2C8F, 9},
	{0x2C90, 0x2C90, 13},
	{0x2C91, 0x2C91, 9},
	{0x2C92, 0x2C92, 13},
	{0x2C93, 0x2C93, 9},
	{0x2C94, 0x2C94, 13},
	{0x2C95, 0x2C95, 9},
	{0x2C96, 0x2C96, 13},
	{0x2C97, 0x2C97, 9},
	{0x2C98, 0x2C98, 13},
	{0x2C99, 0x2C99, 9},
	{0x2C9A, 0x2C9A, 13},
	{0x2C9B, 0x2C9B, 9},
	{0x2C9C, 0x2C9C, 13},
	{0x2C9D, 0x2C9D, 9},
	{0x2C9E, 0x2C9E, 13},
	{0x2C9F, 0x2C9F, 9},
	{0x2CA0, 0x2CA0, 13},
	{0x2CA1, 0x2CA1, 9},
	{0x2CA2, 0x2CA2, 13},
	{0x2CA3, 0x2CA3, 9},
	{0x2CA4, 0x2CA4, 13},
	{0x2CA5, 0x2CA5, 9},
	{0x2CA6, 0x2CA6, 13},
	{0x2CA7, 0x2CA7, 9},
	{0x2CA8, 0x2CA8, 13},
	{0x2CA9, 0x2CA9, 9},
	{0x2CAA, 0x2CAA, 13},
	{0x2CAB, 0x2CAB, 9},
	{0x2CAC, 0x2CAC, 13},
	{0x2CAD, 0x2CAD, 9},
	{0x2CAE, 0x2CAE, 13},
	{0x2CAF, 0x2CAF, 9},
	{0x2CB0, 0x2CB0, 13},
	{0x2CB1, 0x2CB1, 9},
	{0x2CB2, 0x2CB2, 13},
	{0x2CB3, 0x2CB3, 9},
	{0x2CB4, 0x2CB4, 13},
	{0x2CB5, 0x2CB5, 9},
	{0x2CB6, 0x2CB6, 13},
	{0x2CB7, 0x2CB7, 9},
	{0x2CB8, 0x2CB8, 13},
	{0x2CB9, 0x2CB9, 9},
	{0x2CBA, 0x2CBA, 13},
	{0x2CBB, 0x2CBB, 9},
	{0x2CBC, 0x2CBC, 13},
	{0x2CBD, 0x2CBD, 9},
	{0x2CBE, 0x2CBE, 13},
	{0x2CBF, 0x2CBF, 9},
	{0x2CC0, 0x2CC0, 13},
	{0x2CC1, 0x2CC1, 9},
	{0x2CC2, 0x2CC2, 13},
	{0x2CC3, 0x2CC3, 9},
	{0x2CC4, 0x2CC4, 13},
	{0x2CC5, 0x2CC5, 9},
	{0x2CC6, 0x2CC6, 13},
	{0x2CC7, 0x2CC7, 9},
	{0x2CC8, 0x2CC8, 13},
	{0x2CC9, 0x2CC9, 9},
	{0x2CCA, 0x2CCA, 13},
	{0x2CCB, 0x2CCB, 9},
	{0x2CCC, 0x2CCC, 13},
	{0x2CCD, 0x2CCD, 9},
	{0x2CCE, 0x2CCE, 13},
	{0x2CCF, 0x2CCF, 9},
	{0x2CD0, 0x2CD0, 13},
	{0x2CD1, 0x2CD1, 9},
	{0x2CD2, 0x2CD2, 13},
	{0x2CD3, 0x2CD3, 9},
	{0x2CD4, 0x2CD4, 13},
	{0x2CD5, 0x2CD5, 9},
	{0x2CD6, 0x2CD6, 13},
	{0x2CD7, 0x2CD7, 9},
	{0x2CD8, 0x2CD8, 13},
	{0x2CD9, 0x2CD9, 9},
	{0x2CDA, 0x2CDA, 13},
	{0x2CDB, 0x2CDB, 9},
	{0x2CDC, 0x2CDC, 13},
	{0x2CDD, 0x2CDD, 9},
	{0x2CDE, 0x2CDE, 13},
	{0x2CDF, 0x2CDF, 9},
	{0x2CE0, 0x2CE0, 13},
	{0x2CE1, 0x2CE1, 9},
	{0x2CE2, 0x2CE2, 13},
	{0x2CE3, 0x2CE4, 9},
	{0x2CE5, 0x2CEA, 35},
	{0x2CEB, 0x2CEB, 13},
	{0x2CEC, 0x2CEC, 9},
	{0x2CED, 0x2CED, 13},
	{0x2CEE, 0x2CEE, 9},
	{0x2CEF, 0x2CF1, 18},
	{0x2CF2, 0x2CF2, 13},
	{0x2CF3, 0x2CF3, 9},
	{0x2CF4, 0x2CF8, 5},
	{0x2CF9, 0x2CFC, 29},
	{0x2CFD, 0x2CFD, 22},
	{0x2CFE, 0x2CFF, 29},
	{0x2D00, 0x2D25, 9},
	{0x2D26, 0x2D26, 5},
	{0x2D27, 0x2D27, 9},
	{0x2D28, 0x2D2C, 5},
	{0x2D2D, 0x2D2D, 9},
	{0x2D2E, 0x2D2F, 5},
	{0x2D30, 0x2D67, 11},
	{0x2D68, 0x2D6E, 5},
	{0x2D6F, 0x2D6F, 10},
	{0x2D70, 0x2D70, 29},
	{0x2D71, 0x2D7E, 5},
	{0x2D7F, 0x2D7F, 18},
	{0x2D80, 0x2D96, 11},
	{0x2D97, 0x2D9F, 5},
	{0x2DA0, 0x2DA6, 11},
	{0x2DA7, 0x2DA7, 5},
	{0x2DA8, 0x2DAE, 11},
	{0x2DAF, 0x2DAF, 5},
	{0x2DB0, 0x2DB6, 11},
	{0x2DB7, 0x2DB7, 5},
	{0x2DB8, 0x2DBE, 11},
	{0x2DBF, 0x2DBF, 5},
	{0x2DC0, 0x2DC6, 11},
	{0x2DC7, 0x2DC7, 5},
	{0x2DC8, 0x2DCE, 11},
	{0x2DCF, 0x2DCF, 5},
	{0x2DD0, 0x2DD6, 11},
	{0x2DD7, 0x2DD7, 5},
	{0x2DD8, 0x2DDE, 11},
	{0x2DDF, 0x2DDF, 5},
	{0x2DE0, 0x2DFF, 18},
	{0x2E00, 0x2E01, 29},
	{0x2E02, 0x2E02, 28},
	{0x2E03, 0x2E03, 27},
	{0x2E04, 0x2E04, 28},
	{0x2E05, 0x2E05, 27},
	{0x2E06, 0x2E08, 29},
	{0x2E09, 0x2E09, 28},
	{0x2E0A, 0x2E0A, 27},
	{0x2E0B, 0x2E0B, 29},
	{0x2E0C, 0x2E0C, 28},
	{0x2E0D, 0x2E0D, 27},
	{0x2E0E, 0x2E16, 29},
	{0x2E17, 0x2E17, 25},
	{0x2E18, 0x2E19, 29},
	{0x2E1A, 0x2E1A, 25},
	{0x2E1B, 0x2E1B, 29},
	{0x2E1C, 0x2E1C, 28},
	{0x2E1D, 0x2E1D, 27},
	{0x2E1E, 0x2E1F, 29},
	{0x2E20, 0x2E20, 28},
	{0x2E21, 0x2E21, 27},
	{0x2E22, 0x2E22, 30},
	{0x2E23, 0x2E23, 26},
	{0x2E24, 0x2E24, 30},
	{0x2E25, 0x2E25, 26},
	{0x2E26, 0x2E26, 30},
	{0x2E27, 0x2E27, 26},
	{0x2E28, 0x2E28, 30},
	{0x2E29, 0x2E29, 26},
	{0x2E2A, 0x2E2E, 29},
	{0x2E2F, 0x2E2F, 10},
	{0x2E30, 0x2E39, 29},
	{0x2E3A, 0x2E3B, 25},
	{0x2E3C, 0x2E3F, 29},
	{0x2E40, 0x2E40, 25},
	{0x2E41, 0x2E41, 29},
	{0x2E42, 0x2E42, 30},
	{0x2E43, 0x2E4F, 29},
	{0x2E50, 0x2E51, 35},
	{0x2E52, 0x2E54, 29},
	{0x2E55, 0x2E55, 30},
	{0x2E56, 0x2E56, 26},
	{0x2E57, 0x2E57, 30},
	{0x2E58, 0x2E58, 26},
	{0x2E59, 0x2E59, 30},
	{0x2E5A, 0x2E5A, 26},
	{0x2E5B, 0x2E5B, 30},
	{0x2E5C, 0x2E5C, 26},
	{0x2E5D, 0x2E5D, 25},
	{0x2E5E, 0x2E7F, 5},
	{0x2E80, 0x2E99, 35},
	{0x2E9A, 0x2E9A, 5},
	{0x2E9B, 0x2EF3, 35},
	{0x2EF4, 0x2EFF, 5},
	{0x2F00, 0x2FD5, 35},
	{0x2FD6, 0x2FEF, 5},
	{0x2FF0, 0x2FFF, 35},
	{0x3000, 0x3000, 39},
	{0x3001, 0x3003, 29},
	{0x3004, 0x3004, 35},
	{0x3005, 0x3005, 10},
	{0x3006, 0x3006, 11},
	{0x3007, 0x3007, 21},
	{0x3008, 0x3008, 30},
	{0x3009, 0x3009, 26},
	{0x300A, 0x300A, 30},
	{0x300B, 0x300B, 26},
	{0x300C, 0x300C, 30},
	{0x300D, 0x300D, 26},
	{0x300E, 0x300E, 30},
	{0x300F, 0x300F, 26},
	{0x3010, 0x3010, 30},
	{0x3011, 0x3011, 26},
	{0x3012, 0x3013, 35},
	{0x3014, 0x3014, 30},
	{0x3015, 0x3015, 26},
	{0x3016, 0x3016, 30},
	{0x3017, 0x3017, 26},
	{0x3018, 0x3018, 30},
	{0x3019, 0x3019, 26},
	{0x301A, 0x301A, 30},
	{0x301B, 0x301B, 26},
	{0x301C, 0x301C, 25},
	{0x301D, 0x301D, 30},
	{0x301E, 0x301F, 26},
	{0x3020, 0x3020, 35},
	{0x3021, 0x3029, 21},
	{0x302A, 0x302D, 18},
	{0x302E, 0x302F, 16},
	{0x3030, 0x3030, 25},
	{0x3031, 0x3035, 10},
	{0x3036, 0x3037, 35},
	{0x3038, 0x303A, 21},
	{0x303B, 0x303B, 10},
	{0x303C, 0x303C, 11},
	{0x303D, 0x303D, 29},
	{0x303E, 0x303F, 35},
	{0x3040, 0x3040, 5},
	{0x3041, 0x3096, 11},
	{0x3097, 0x3098, 5},
	{0x3099, 0x309A, 18},
	{0x309B, 0x309C, 33},
	{0x309D, 0x309E, 10},
	{0x309F, 0x309F, 11},
	{0x30A0, 0x30A0, 25},
	{0x30A1, 0x30FA, 11},
	{0x30FB, 0x30FB, 29},
	{0x30FC, 0x30FE, 10},
	{0x30FF, 0x30FF, 11},
	{0x3100, 0x3104, 5},
	{0x3105, 0x312F, 11},
	{0x3130, 0x3130, 5},
	{0x3131, 0x318E, 11},
	{0x318F, 0x318F, 5},
	{0x3190, 0x3191, 35},
	{0x3192, 0x3195, 22},
	{0x3196, 0x319F, 35},
	{0x31A0, 0x31BF, 11},
	{0x31C0, 0x31E5, 35},
	{0x31E6, 0x31EE, 5},
	{0x31EF, 0x31EF, 35},
	{0x31F0, 0x31FF, 11},
	{0x3200, 0x321E, 35},
	{0x321F, 0x321F, 5},
	{0x3220, 0x3229, 22},
	{0x322A, 0x3247, 35},
	{0x3248, 0x324F, 22},
	{0x3250, 0x3250, 35},
	{0x3251, 0x325F, 22},
	{0x3260, 0x327F, 35},
	{0x3280, 0x3289, 22},
	{0x328A, 0x32B0, 35},
	{0x32B1, 0x32BF, 22},
	{0x32C0, 0x33FF, 35},
	{0x3400, 0x4DBF, 11},
	{0x4DC0, 0x4DFF, 35},
	{0x4E00, 0xA014, 11},
	{0xA015, 0xA015, 10},
	{0xA016, 0xA48C, 11},
	{0xA48D, 0xA48F, 5},
	{0xA490, 0xA4C6, 35},
	{0xA4C7, 0xA4CF, 5},
	{0xA4D0, 0xA4F7, 11},
	{0xA4F8, 0xA4FD, 10},
	{0xA4FE, 0xA4FF, 29},
	{0xA500, 0xA60B, 11},
	{0xA60C, 0xA60C, 10},
	{0xA60D, 0xA60F, 29},
	{0xA610, 0xA61F, 11},
	{0xA620, 0xA629, 20},
	{0xA62A, 0xA62B, 11},
	{0xA62C, 0xA63F, 5},
	{0xA640, 0xA640, 13},
	{0xA641, 0xA641, 9},
	{0xA642, 0xA642, 13},
	{0xA643, 0xA643, 9},
	{0xA644, 0xA644, 13},
	{0xA645, 0xA645, 9},
	{0xA646, 0xA646, 13},
	{0xA647, 0xA647, 9},
	{0xA648, 0xA648, 13},
	{0xA649, 0xA649, 9},
	{0xA64A, 0xA64A, 13},
	{0xA64B, 0xA64B, 9},
	{0xA64C, 0xA64C, 13},
	{0xA64D, 0xA64D, 9},
	{0xA64E, 0xA64E, 13},
	{0xA64F, 0xA64F, 9},
	{0xA650, 0xA650, 13},
	{0xA651, 0xA651, 9},
	{0xA652, 0xA652, 13},
	{0xA653, 0xA653, 9},
	{0xA654, 0xA654, 13},
	{0xA655, 0xA655, 9},
	{0xA656, 0xA656, 13},
	{0xA657, 0xA657, 9},
	{0xA658, 0xA658, 13},
	{0xA659, 0xA659, 9},
	{0xA65A, 0xA65A, 13},
	{0xA65B, 0xA65B, 9},
	{0xA65C, 0xA65C, 13},
	{0xA65D, 0xA65D, 9},
	{0xA65E, 0xA65E, 13},
	{0xA65F, 0xA65F, 9},
	{0xA660, 0xA660, 13},
	{0xA661, 0xA661, 9},
	{0xA662, 0xA662, 13},
	{0xA663, 0xA663, 9},
	{0xA664, 0xA664, 13},
	{0xA665, 0xA665, 9},
	{0xA666, 0xA666, 13},
	{0xA667, 0xA667, 9},
	{0xA668, 0xA668, 13},
	{0xA669, 0xA669, 9},
	{0xA66A, 0xA66A, 13},
	{0xA66B, 0xA66B, 9},
	{0xA66C, 0xA66C, 13},
	{0xA66D, 0xA66D, 9},
	{0xA66E, 0xA66E, 11},
	{0xA66F, 0xA66F, 18},
	{0xA670, 0xA672, 17},
	{0xA673, 0xA673, 29},
	{0xA674, 0xA67D, 18},
	{0xA67E, 0xA67E, 29},
	{0xA67F, 0xA67F, 10},
	{0xA680, 0xA680, 13},
	{0xA681, 0xA681, 9},
	{0xA682, 0xA682, 13},
	{0xA683, 0xA683, 9},
	{0xA684, 0xA684, 13},
	{0xA685, 0xA685, 9},
	{0xA686, 0xA686, 13},
	{0xA687, 0xA687, 9},
	{0xA688, 0xA688, 13},
	{0xA689, 0xA689, 9},
	{0xA68A, 0xA68A, 13},
	{0xA68B, 0xA68B, 9},
	{0xA68C, 0xA68C, 13},
	{0xA68D, 0xA68D, 9},
	{0xA68E, 0xA68E, 13},
	{0xA68F, 0xA68F, 9},
	{0xA690, 0xA690, 13},
	{0xA691, 0xA691, 9},
	{0xA692, 0xA692, 13},
	{0xA693, 0xA693, 9},
	{0xA694, 0xA694, 13},
	{0xA695, 0xA695, 9},
	{0xA696, 0xA696, 13},
	{0xA697, 0xA697, 9},
	{0xA698, 0xA698, 13},
	{0xA699, 0xA699, 9},
	{0xA69A, 0xA69A, 13},
	{0xA69B, 0xA69B, 9},
	{0xA69C, 0xA69D, 10},
	{0xA69E, 0xA69F, 18},
	{0xA6A0, 0xA6E5, 11},
	{0xA6E6, 0xA6EF, 21},
	{0xA6F0, 0xA6F1, 18},
	{0xA6F2, 0xA6F7, 29},
	{0xA6F8, 0xA6FF, 5},
	{0xA700, 0xA716, 33},
	{0xA717, 0xA71F, 10},
	{0xA720, 0xA721, 33},
	{0xA722, 0xA722, 13},
	{0xA723, 0xA723, 9},
	{0xA724, 0xA724, 13},
	{0xA725, 0xA725, 9},
	{0xA726, 0xA726, 13},
	{0xA727, 0xA727, 9},
	{0xA728, 0xA728, 13},
	{0xA729, 0xA729, 9},
	{0xA72A, 0xA72A, 13},
	{0xA72B, 0xA72B, 9},
	{0xA72C, 0xA72C, 13},
	{0xA72D, 0xA72D, 9},
	{0xA72E, 0xA72E, 13},
	{0xA72F, 0xA731, 9},
	{0xA732, 0xA732, 13},
	{0xA733, 0xA733, 9},
	{0xA734, 0xA734, 13},
	{0xA735, 0xA735, 9},
	{0xA736, 0xA736, 13},
	{0xA737, 0xA737, 9},
	{0xA738, 0xA738, 13},
	{0xA739, 0xA739, 9},
	{0xA73A, 0xA73A, 13},
	{0xA73B, 0xA73B, 9},
	{0xA73C, 0xA73C, 13},
	{0xA73D, 0xA73D, 9},
	{0xA73E, 0xA73E, 13},
	{0xA73F, 0xA73F, 9},
	{0xA740, 0xA740, 13},
	{0xA741, 0xA741, 9},
	{0xA742, 0xA742, 13},
	{0xA743, 0xA743, 9},
	{0xA744, 0xA744, 13},
	{0xA745, 0xA745, 9},
	{0xA746, 0xA746, 13},
	{0xA747, 0xA747, 9},
	{0xA748, 0xA748, 13},
	{0xA749, 0xA749, 9},
	{0xA74A, 0xA74A, 13},
	{0xA74B, 0xA74B, 9},
	{0xA74C, 0xA74C, 13},
	{0xA74D, 0xA74D, 9},
	{0xA74E, 0xA74E, 13},
	{0xA74F, 0xA74F, 9},
	{0xA750, 0xA750, 13},
	{0xA751, 0xA751, 9},
	{0xA752, 0xA752, 13},
	{0xA753, 0xA753, 9},
	{0xA754, 0xA754, 13},
	{0xA755, 0xA755, 9},
	{0xA756, 0xA756, 13},
	{0xA757, 0xA757, 9},
	{0xA758, 0xA758, 13},
	{0xA759, 0xA759, 9},
	{0xA75A, 0xA75A, 13},
	{0xA75B, 0xA75B, 9},
	{0xA75C, 0xA75C, 13},
	{0xA75D, 0xA75D, 9},
	{0xA75E, 0xA75E, 13},
	{0xA75F, 0xA75F, 9},
	{0xA760, 0xA760, 13},
	{0xA761, 0xA761, 9},
	{0xA762, 0xA762, 13},
	{0xA763, 0xA763, 9},
	{0xA764, 0xA764, 13},
	{0xA765, 0xA765, 9},
	{0xA766, 0xA766, 13},
	{0xA767, 0xA767, 9},
	{0xA768, 0xA768, 13},
	{0xA769, 0xA769, 9},
	{0xA76A, 0xA76A, 13},
	{0xA76B, 0xA76B, 9},
	{0xA76C, 0xA76C, 13},
	{0xA76D, 0xA76D, 9},
	{0xA76E, 0xA76E, 13},
	{0xA76F, 0xA76F, 9},
	{0xA770, 0xA770, 10},
	{0xA771, 0xA778, 9},
	{0xA779, 0xA779, 13},
	{0xA77A, 0xA77A, 9},
	{0xA77B, 0xA77B, 13},
	{0xA77C, 0xA77C, 9},
	{0xA77D, 0xA77E, 13},
	{0xA77F, 0xA77F, 9},
	{0xA780, 0xA780, 13},
	{0xA781, 0xA781, 9},
	{0xA782, 0xA782, 13},
	{0xA783, 0xA783, 9},
	{0xA784, 0xA784, 13},
	{0xA785, 0xA785, 9},
	{0xA786, 0xA786, 13},
	{0xA787, 0xA787, 9},
	{0xA788, 0xA788, 10},
	{0xA789, 0xA78A, 33},
	{0xA78B, 0xA78B, 13},
	{0xA78C, 0xA78C, 9},
	{0xA78D, 0xA78D, 13},
	{0xA78E, 0xA78E, 9},
	{0xA78F, 0xA78F, 11},
	{0xA790, 0xA790, 13},
	{0xA791, 0xA791, 9},
	{0xA792, 0xA792, 13},
	{0xA793, 0xA795, 9},
	{0xA796, 0xA796, 13},
	{0xA797, 0xA797, 9},
	{0xA798, 0xA798, 13},
	{0xA799, 0xA799, 9},
	{0xA79A, 0xA79A, 13},
	{0xA79B, 0xA79B, 9},
	{0xA79C, 0xA79C, 13},
	{0xA79D, 0xA79D, 9},
	{0xA79E, 0xA79E, 13},
	{0xA79F, 0xA79F, 9},
	{0xA7A0, 0xA7A0, 13},
	{0xA7A1, 0xA7A1, 9},
	{0xA7A2, 0xA7A2, 13},
	{0xA7A3, 0xA7A3, 9},
	{0xA7A4, 0xA7A4, 13},
	{0xA7A5, 0xA7A5, 9},
	{0xA7A6, 0xA7A6, 13},
	{0xA7A7, 0xA7A7, 9},
	{0xA7A8, 0xA7A8, 13},
	{0xA7A9, 0xA7A9, 9},
	{0xA7AA, 0xA7AE, 13},
	{0xA7AF, 0xA7AF, 9},
	{0xA7B0, 0xA7B4, 13},
	{0xA7B5, 0xA7B5, 9},
	{0xA7B6, 0xA7B6, 13},
	{0xA7B7, 0xA7B7, 9},
	{0xA7B8, 0xA7B8, 13},
	{0xA7B9, 0xA7B9, 9},
	{0xA7BA, 0xA7BA, 13},
	{0xA7BB, 0xA7BB, 9},
	{0xA7BC, 0xA7BC, 13},
	{0xA7BD, 0xA7BD, 9},
	{0xA7BE, 0xA7BE, 13},
	{0xA7BF, 0xA7BF, 9},
	{0xA7C0, 0xA7C0, 13},
	{0xA7C1, 0xA7C1, 9},
	{0xA7C2, 0xA7C2, 13},
	{0xA7C3, 0xA7C3, 9},
	{0xA7C4, 0xA7C7, 13},
	{0xA7C8, 0xA7C8, 9},
	{0xA7C9, 0xA7C9, 13},
	{0xA7CA, 0xA7CA, 9},
	{0xA7CB, 0xA7CC, 13},
	{0xA7CD, 0xA7CD, 9},
	{0xA7CE, 0xA7CE, 13},
	{0xA7CF, 0xA7CF, 9},
	{0xA7D0, 0xA7D0, 13},
	{0xA7D1, 0xA7D1, 9},
	{0xA7D2, 0xA7D2, 13},
	{0xA7D3, 0xA7D3, 9},
	{0xA7D4, 0xA7D4, 13},
	{0xA7D5, 0xA7D5, 9},
	{0xA7D6, 0xA7D6, 13},
	{0xA7D7, 0xA7D7, 9},
	{0xA7D8, 0xA7D8, 13},
	{0xA7D9, 0xA7D9, 9},
	{0xA7DA, 0xA7DA, 13},
	{0xA7DB, 0xA7DB, 9},
	{0xA7DC, 0xA7DC, 13},
	{0xA7DD, 0xA7F0, 5},
	{0xA7F1, 0xA7F4, 10},
	{0xA7F5, 0xA7F5, 13},
	{0xA7F6, 0xA7F6, 9},
	{0xA7F7, 0xA7F7, 11},
	{0xA7F8, 0xA7F9, 10},
	{0xA7FA, 0xA7FA, 9},
	{0xA7FB, 0xA801, 11},
	{0xA802, 0xA802, 18},
	{0xA803, 0xA805, 11},
	{0xA806, 0xA806, 18},
	{0xA807, 0xA80A, 11},
	{0xA80B, 0xA80B, 18},
	{0xA80C, 0xA822, 11},
	{0xA823, 0xA824, 16},
	{0xA825, 0xA826, 18},
	{0xA827, 0xA827, 16},
	{0xA828, 0xA82B, 35},
	{0xA82C, 0xA82C, 18},
	{0xA82D, 0xA82F, 5},
	{0xA830, 0xA835, 22},
	{0xA836, 0xA837, 35},
	{0xA838, 0xA838, 32},
	{0xA839, 0xA839, 35},
	{0xA83A, 0xA83F, 5},
	{0xA840, 0xA873, 11},
	{0xA874, 0xA877, 29},
	{0xA878, 0xA87F, 5},
	{0xA880, 0xA881, 16},
	{0xA882, 0xA8B3, 11},
	{0xA8B4, 0xA8C3, 16},
	{0xA8C4, 0xA8C5, 18},
	{0xA8C6, 0xA8CD, 5},
	{0xA8CE, 0xA8CF, 29},
	{0xA8D0, 0xA8D9, 20},
	{0xA8DA, 0xA8DF, 5},
	{0xA8E0, 0xA8F1, 18},
	{0xA8F2, 0xA8F7, 11},
	{0xA8F8, 0xA8FA, 29},
	{0xA8FB, 0xA8FB, 11},
	{0xA8FC, 0xA8FC, 29},
	{0xA8FD, 0xA8FE, 11},
	{0xA8FF, 0xA8FF, 18},
	{0xA900, 0xA909, 20},
	{0xA90A, 0xA925, 11},
	{0xA926, 0xA92D, 18},
	{0xA92E, 0xA92F, 29},
	{0xA930, 0xA946, 11},
	{0xA947, 0xA951, 18},
	{0xA952, 0xA953, 16},
	{0xA954, 0xA95E, 5},
	{0xA95F, 0xA95F, 29},
	{0xA960, 0xA97C, 11},
	{0xA97D, 0xA97F, 5},
	{0xA980, 0xA982, 18},
	{0xA983, 0xA983, 16},
	{0xA984, 0xA9B2, 11},
	{0xA9B3, 0xA9B3, 18},
	{0xA9B4, 0xA9B5, 16},
	{0xA9B6, 0xA9B9, 18},
	{0xA9BA, 0xA9BB, 16},
	{0xA9BC, 0xA9BD, 18},
	{0xA9BE, 0xA9C0, 16},
	{0xA9C1, 0xA9CD, 29},
	{0xA9CE, 0xA9CE, 5},
	{0xA9CF, 0xA9CF, 10},
	{0xA9D0, 0xA9D9, 20},
	{0xA9DA, 0xA9DD, 5},
	{0xA9DE, 0xA9DF, 29},
	{0xA9E0, 0xA9E4, 11},
	{0xA9E5, 0xA9E5, 18},
	{0xA9E6, 0xA9E6, 10},
	{0xA9E7, 0xA9EF, 11},
	{0xA9F0, 0xA9F9, 20},
	{0xA9FA, 0xA9FE, 11},
	{0xA9FF, 0xA9FF, 5},
	{0xAA00, 0xAA28, 11},
	{0xAA29, 0xAA2E, 18},
	{0xAA2F, 0xAA30, 16},
	{0xAA31, 0xAA32, 18},
	{0xAA33, 0xAA34, 16},
	{0xAA35, 0xAA36, 18},
	{0xAA37, 0xAA3F, 5},
	{0xAA40, 0xAA42, 11},
	{0xAA43, 0xAA43, 18},
	{0xAA44, 0xAA4B, 11},
	{0xAA4C, 0xAA4C, 18},
	{0xAA4D, 0xAA4D, 16},
	{0xAA4E, 0xAA4F, 5},
	{0xAA50, 0xAA59, 20},
	{0xAA5A, 0xAA5B, 5},
	{0xAA5C, 0xAA5F, 29},
	{0xAA60, 0xAA6F, 11},
	{0xAA70, 0xAA70, 10},
	{0xAA71, 0xAA76, 11},
	{0xAA77, 0xAA79, 35},
	{0xAA7A, 0xAA7A, 11},
	{0xAA7B, 0xAA7B, 16},
	{0xAA7C, 0xAA7C, 18},
	{0xAA7D, 0xAA7D, 16},
	{0xAA7E, 0xAAAF, 11},
	{0xAAB0, 0xAAB0, 18},
	{0xAAB1, 0xAAB1, 11},
	{0xAAB2, 0xAAB4, 18},
	{0xAAB5, 0xAAB6, 11},
	{0xAAB7, 0xAAB8, 18},
	{0xAAB9, 0xAABD, 11},
	{0xAABE, 0xAABF, 18},
	{0xAAC0, 0xAAC0, 11},
	{0xAAC1, 0xAAC1, 18},
	{0xAAC2, 0xAAC2, 11},
	{0xAAC3, 0xAADA, 5},
	{0xAADB, 0xAADC, 11},
	{0xAADD, 0xAADD, 10},
	{0xAADE, 0xAADF, 29},
	{0xAAE0, 0xAAEA, 11},
	{0xAAEB, 0xAAEB, 16},
	{0xAAEC, 0xAAED, 18},
	{0xAAEE, 0xAAEF, 16},
	{0xAAF0, 0xAAF1, 29},
	{0xAAF2, 0xAAF2, 11},
	{0xAAF3, 0xAAF4, 10},
	{0xAAF5, 0xAAF5, 16},
	{0xAAF6, 0xAAF6, 18},
	{0xAAF7, 0xAB00, 5},
	{0xAB01, 0xAB06, 11},
	{0xAB07, 0xAB08, 5},
	{0xAB09, 0xAB0E, 11},
	{0xAB0F, 0xAB10, 5},
	{0xAB11, 0xAB16, 11},
	{0xAB17, 0xAB1F, 5},
	{0xAB20, 0xAB26, 11},
	{0xAB27, 0xAB27, 5},
	{0xAB28, 0xAB2E, 11},
	{0xAB2F, 0xAB2F, 5},
	{0xAB30, 0xAB5A, 9},
	{0xAB5B, 0xAB5B, 33},
	{0xAB5C, 0xAB5F, 10},
	{0xAB60, 0xAB68, 9},
	{0xAB69, 0xAB69, 10},
	{0xAB6A, 0xAB6B, 33},
	{0xAB6C, 0xAB6F, 5},
	{0xAB70, 0xABBF, 9},
	{0xABC0, 0xABE2, 11},
	{0xABE3, 0xABE4, 16},
	{0xABE5, 0xABE5, 18},
	{0xABE6, 0xABE7, 16},
	{0xABE8, 0xABE8, 18},
	{0xABE9, 0xABEA, 16},
	{0xABEB, 0xABEB, 29},
	{0xABEC, 0xABEC, 16},
	{0xABED, 0xABED, 18},
	{0xABEE, 0xABEF, 5},
	{0xABF0, 0xABF9, 20},
	{0xABFA, 0xABFF, 5},
	{0xAC00, 0xD7A3, 11},
	{0xD7A4, 0xD7AF, 5},
	{0xD7B0, 0xD7C6, 11},
	{0xD7C7, 0xD7CA, 5},
	{0xD7CB, 0xD7FB, 11},
	{0xD7FC, 0xD7FF, 5},
	{0xD800, 0xDFFF, 7},
	{0xE000, 0xF8FF, 6},
	{0xF900, 0xFA6D, 11},
	{0xFA6E, 0xFA6F, 5},
	{0xFA70, 0xFAD9, 11},
	{0xFADA, 0xFAFF, 5},
	{0xFB00, 0xFB06, 9},
	{0xFB07, 0xFB12, 5},
	{0xFB13, 0xFB17, 9},
	{0xFB18, 0xFB1C, 5},
	{0xFB1D, 0xFB1D, 11},
	{0xFB1E, 0xFB1E, 18},
	{0xFB1F, 0xFB28, 11},
	{0xFB29, 0xFB29, 34},
	{0xFB2A, 0xFB36, 11},
	{0xFB37, 0xFB37, 5},
	{0xFB38, 0xFB3C, 11},
	{0xFB3D, 0xFB3D, 5},
	{0xFB3E, 0xFB3E, 11},
	{0xFB3F, 0xFB3F, 5},
	{0xFB40, 0xFB41, 11},
	{0xFB42, 0xFB42, 5},
	{0xFB43, 0xFB44, 11},
	{0xFB45, 0xFB45, 5},
	{0xFB46, 0xFBB1, 11},
	{0xFBB2, 0xFBC2, 33},
	{0xFBC3, 0xFBD2, 35},
	{0xFBD3, 0xFD3D, 11},
	{0xFD3E, 0xFD3E, 26},
	{0xFD3F, 0xFD3F, 30},
	{0xFD40, 0xFD4F, 35},
	{0xFD50, 0xFD8F, 11},
	{0xFD90, 0xFD91, 35},
	{0xFD92, 0xFDC7, 11},
	{0xFDC8, 0xFDCF, 35},
	{0xFDD0, 0xFDEF, 5},
	{0xFDF0, 0xFDFB, 11},
	{0xFDFC, 0xFDFC, 32},
	{0xFDFD, 0xFDFF, 35},
	{0xFE00, 0xFE0F, 18},
	{0xFE10, 0xFE16, 29},
	{0xFE17, 0xFE17, 30},
	{0xFE18, 0xFE18, 26},
	{0xFE19, 0xFE19, 29},
	{0xFE1A, 0xFE1F, 5},
	{0xFE20, 0xFE2F, 18},
	{0xFE30, 0xFE30, 29},
	{0xFE31, 0xFE32, 25},
	{0xFE33, 0xFE34, 24},
	{0xFE35, 0xFE35, 30},
	{0xFE36, 0xFE36, 26},
	{0xFE37, 0xFE37, 30},
	{0xFE38, 0xFE38, 26},
	{0xFE39, 0xFE39, 30},
	{0xFE3A, 0xFE3A, 26},
	{0xFE3B, 0xFE3B, 30},
	{0xFE3C, 0xFE3C, 26},
	{0xFE3D, 0xFE3D, 30},
	{0xFE3E, 0xFE3E, 26},
	{0xFE3F, 0xFE3F, 30},
	{0xFE40, 0xFE40, 26},
	{0xFE41, 0xFE41, 30},
	{0xFE42, 0xFE42, 26},
	{0xFE43, 0xFE43, 30},
	{0xFE44, 0xFE44, 26},
	{0xFE45, 0xFE46, 29},
	{0xFE47, 0xFE47, 30},
	{0xFE48, 0xFE48, 26},
	{0xFE49, 0xFE4C, 29},
	{0xFE4D, 0xFE4F, 24},
	{0xFE50, 0xFE52, 29},
	{0xFE53, 0xFE53, 5},
	{0xFE54, 0xFE57, 29},
	{0xFE58, 0xFE58, 25},
	{0xFE59, 0xFE59, 30},
	{0xFE5A, 0xFE5A, 26},
	{0xFE5B, 0xFE5B, 30},
	{0xFE5C, 0xFE5C, 26},
	{0xFE5D, 0xFE5D, 30},
	{0xFE5E, 0xFE5E, 26},
	{0xFE5F, 0xFE61, 29},
	{0xFE62, 0xFE62, 34},
	{0xFE63, 0xFE63, 25},
	{0xFE64, 0xFE66, 34},
	{0xFE67, 0xFE67, 5},
	{0xFE68, 0xFE68, 29},
	{0xFE69, 0xFE69, 32},
	{0xFE6A, 0xFE6B, 29},
	{0xFE6C, 0xFE6F, 5},
	{0xFE70, 0xFE74, 11},
	{0xFE75, 0xFE75, 5},
	{0xFE76, 0xFEFC, 11},
	{0xFEFD, 0xFEFE, 5},
	{0xFEFF, 0xFEFF, 4},
	{0xFF00, 0xFF00, 5},
	{0xFF01, 0xFF03, 29},
	{0xFF04, 0xFF04, 32},
	{0xFF05, 0xFF07, 29},
	{0xFF08, 0xFF08, 30},
	{0xFF09, 0xFF09, 26},
	{0xFF0A, 0xFF0A, 29},
	{0xFF0B, 0xFF0B, 34},
	{0xFF0C, 0xFF0C, 29},
	{0xFF0D, 0xFF0D, 25},
	{0xFF0E, 0xFF0F, 29},
	{0xFF10, 0xFF19, 20},
	{0xFF1A, 0xFF1B, 29},
	{0xFF1C, 0xFF1E, 34},
	{0xFF1F, 0xFF20, 29},
	{0xFF21, 0xFF3A, 13},
	{0xFF3B, 0xFF3B, 30},
	{0xFF3C, 0xFF3C, 29},
	{0xFF3D, 0xFF3D, 26},
	{0xFF3E, 0xFF3E, 33},
	{0xFF3F, 0xFF3F, 24},
	{0xFF40, 0xFF40, 33},
	{0xFF41, 0xFF5A, 9},
	{0xFF5B, 0xFF5B, 30},
	{0xFF5C, 0xFF5C, 34},
	{0xFF5D, 0xFF5D, 26},
	{0xFF5E, 0xFF5E, 34},
	{0xFF5F, 0xFF5F, 30},
	{0xFF60, 0xFF60, 26},
	{0xFF61, 0xFF61, 29},
	{0xFF62, 0xFF62, 30},
	{0xFF63, 0xFF63, 26},
	{0xFF64, 0xFF65, 29},
	{0xFF66, 0xFF6F, 11},
	{0xFF70, 0xFF70, 10},
	{0xFF71, 0xFF9D, 11},
	{0xFF9E, 0xFF9F, 10},
	{0xFFA0, 0xFFBE, 11},
	{0xFFBF, 0xFFC1, 5},
	{0xFFC2, 0xFFC7, 11},
	{0xFFC8, 0xFFC9, 5},
	{0xFFCA, 0xFFCF, 11},
	{0xFFD0, 0xFFD1, 5},
	{0xFFD2, 0xFFD7, 11},
	{0xFFD8, 0xFFD9, 5},
	{0xFFDA, 0xFFDC, 11},
	{0xFFDD, 0xFFDF, 5},
	{0xFFE0, 0xFFE1, 32},
	{0xFFE2, 0xFFE2, 34},
	{0xFFE3, 0xFFE3, 33},
	{0xFFE4, 0xFFE4, 35},
	{0xFFE5, 0xFFE6, 32},
	{0xFFE7, 0xFFE7, 5},
	{0xFFE8, 0xFFE8, 35},
	{0xFFE9, 0xFFEC, 34},
	{0xFFED, 0xFFEE, 35},
	{0xFFEF, 0xFFF8, 5},
	{0xFFF9, 0xFFFB, 4},
	{0xFFFC, 0xFFFD, 35},
	{0xFFFE, 0xFFFF, 5},
	{0x10000, 0x1000B, 11},
	{0x1000C, 0x1000C, 5},
	{0x1000D, 0x10026, 11},
	{0x10027, 0x10027, 5},
	{0x10028, 0x1003A, 11},
	{0x1003B, 0x1003B, 5},
	{0x1003C, 0x1003D, 11},
	{0x1003E, 0x1003E, 5},
	{0x1003F, 0x1004D, 11},
	{0x1004E, 0x1004F, 5},
	{0x10050, 0x1005D, 11},
	{0x1005E, 0x1007F, 5},
	{0x10080, 0x100FA, 11},
	{0x100FB, 0x100FF, 5},
	{0x10100, 0x10102, 29},
	{0x10103, 0x10106, 5},
	{0x10107, 0x10133, 22},
	{0x10134, 0x10136, 5},
	{0x10137, 0x1013F, 35},
	{0x10140, 0x10174, 21},
	{0x10175, 0x10178, 22},
	{0x10179, 0x10189, 35},
	{0x1018A, 0x1018B, 22},
	{0x1018C, 0x1018E, 35},
	{0x1018F, 0x1018F, 5},
	{0x10190, 0x1019C, 35},
	{0x1019D, 0x1019F, 5},
	{0x101A0, 0x101A0, 35},
	{0x101A1, 0x101CF, 5},
	{0x101D0, 0x101FC, 35},
	{0x101FD, 0x101FD, 18},
	{0x101FE, 0x1027F, 5},
	{0x10280, 0x1029C, 11},
	{0x1029D, 0x1029F, 5},
	{0x102A0, 0x102D0, 11},
	{0x102D1, 0x102DF, 5},
	{0x102E0, 0x102E0, 18},
	{0x102E1, 0x102FB, 22},
	{0x102FC, 0x102FF, 5},
	{0x10300, 0x1031F, 11},
	{0x10320, 0x10323, 22},
	{0x10324, 0x1032C, 5},
	{0x1032D, 0x10340, 11},
	{0x10341, 0x10341, 21},
	{0x10342, 0x10349, 11},
	{0x1034A, 0x1034A, 21},
	{0x1034B, 0x1034F, 5},
	{0x10350, 0x10375, 11},
	{0x10376, 0x1037A, 18},
	{0x1037B, 0x1037F, 5},
	{0x10380, 0x1039D, 11},
	{0x1039E, 0x1039E, 5},
	{0x1039F, 0x1039F, 29},
	{0x103A0, 0x103C3, 11},
	{0x103C4, 0x103C7, 5},
	{0x103C8, 0x103CF, 11},
	{0x103D0, 0x103D0, 29},
	{0x103D1, 0x103D5, 21},
	{0x103D6, 0x103FF, 5},
	{0x10400, 0x10427, 13},
	{0x10428, 0x1044F, 9},
	{0x10450, 0x1049D, 11},
	{0x1049E, 0x1049F, 5},
	{0x104A0, 0x104A9, 20},
	{0x104AA, 0x104AF, 5},
	{0x104B0, 0x104D3, 13},
	{0x104D4, 0x104D7, 5},
	{0x104D8, 0x104FB, 9},
	{0x104FC, 0x104FF, 5},
	{0x10500, 0x10527, 11},
	{0x10528, 0x1052F, 5},
	{0x10530, 0x10563, 11},
	{0x10564, 0x1056E, 5},
	{0x1056F, 0x1056F, 29},
	{0x10570, 0x1057A, 13},
	{0x1057B, 0x1057B, 5},
	{0x1057C, 0x1058A, 13},
	{0x1058B, 0x1058B, 5},
	{0x1058C, 0x10592, 13},
	{0x10593, 0x10593, 5},
	{0x10594, 0x10595, 13},
	{0x10596, 0x10596, 5},
	{0x10597, 0x105A1, 9},
	{0x105A2, 0x105A2, 5},
	{0x105A3, 0x105B1, 9},
	{0x105B2, 0x105B2, 5},
	{0x105B3, 0x105B9, 9},
	{0x105BA, 0x105BA, 5},
	{0x105BB, 0x105BC, 9},
	{0x105BD, 0x105BF, 5},
	{0x105C0, 0x105F3, 11},
	{0x105F4, 0x105FF, 5},
	{0x10600, 0x10736, 11},
	{0x10737, 0x1073F, 5},
	{0x10740, 0x10755, 11},
	{0x10756, 0x1075F, 5},
	{0x10760, 0x10767, 11},
	{0x10768, 0x1077F, 5},
	{0x10780, 0x10785, 10},
	{0x10786, 0x10786, 5},
	{0x10787, 0x107B0, 10},
	{0x107B1, 0x107B1, 5},
	{0x107B2, 0x107BA, 10},
	{0x107BB, 0x107FF, 5},
	{0x10800, 0x10805, 11},
	{0x10806, 0x10807, 5},
	{0x10808, 0x10808, 11},
	{0x10809, 0x10809, 5},
	{0x1080A, 0x10835, 11},
	{0x10836, 0x10836, 5},
	{0x10837, 0x10838, 11},
	{0x10839, 0x1083B, 5},
	{0x1083C, 0x1083C, 11},
	{0x1083D, 0x1083E, 5},
	{0x1083F, 0x10855, 11},
	{0x10856, 0x10856, 5},
	{0x10857, 0x10857, 29},
	{0x10858, 0x1085F, 22},
	{0x10860, 0x10876, 11},
	{0x10877, 0x10878, 35},
	{0x10879, 0x1087F, 22},
	{0x10880, 0x1089E, 11},
	{0x1089F, 0x108A6, 5},
	{0x108A7, 0x108AF, 22},
	{0x108B0, 0x108DF, 5},
	{0x108E0, 0x108F2, 11},
	{0x108F3, 0x108F3, 5},
	{0x108F4, 0x108F5, 11},
	{0x108F6, 0x108FA, 5},
	{0x108FB, 0x108FF, 22},
	{0x10900, 0x10915, 11},
	{0x10916, 0x1091B, 22},
	{0x1091C, 0x1091E, 5},
	{0x1091F, 0x1091F, 29},
	{0x10920, 0x10939, 11},
	{0x1093A, 0x1093E, 5},
	{0x1093F, 0x1093F, 29},
	{0x10940, 0x10959, 11},
	{0x1095A, 0x1097F, 5},
	{0x10980, 0x109B7, 11},
	{0x109B8, 0x109BB, 5},
	{0x109BC, 0x109BD, 22},
	{0x109BE, 0x109BF, 11},
	{0x109C0, 0x109CF, 22},
	{0x109D0, 0x109D1, 5},
	{0x109D2, 0x109FF, 22},
	{0x10A00, 0x10A00, 11},
	{0x10A01, 0x10A03, 18},
	{0x10A04, 0x10A04, 5},
	{0x10A05, 0x10A06, 18},
	{0x10A07, 0x10A0B, 5},
	{0x10A0C, 0x10A0F, 18},
	{0x10A10, 0x10A13, 11},
	{0x10A14, 0x10A14, 5},
	{0x10A15, 0x10A17, 11},
	{0x10A18, 0x10A18, 5},
	{0x10A19, 0x10A35, 11},
	{0x10A36, 0x10A37, 5},
	{0x10A38, 0x10A3A, 18},
	{0x10A3B, 0x10A3E, 5},
	{0x10A3F, 0x10A3F, 18},
	{0x10A40, 0x10A48, 22},
	{0x10A49, 0x10A4F, 5},
	{0x10A50, 0x10A58, 29},
	{0x10A59, 0x10A5F, 5},
	{0x10A60, 0x10A7C, 11},
	{0x10A7D, 0x10A7E, 22},
	{0x10A7F, 0x10A7F, 29},
	{0x10A80, 0x10A9C, 11},
	{0x10A9D, 0x10A9F, 22},
	{0x10AA0, 0x10ABF, 5},
	{0x10AC0, 0x10AC7, 11},
	{0x10AC8, 0x10AC8, 35},
	{0x10AC9, 0x10AE4, 11},
	{0x10AE5, 0x10AE6, 18},
	{0x10AE7, 0x10AEA, 5},
	{0x10AEB, 0x10AEF, 22},
	{0x10AF0, 0x10AF6, 29},
	{0x10AF7, 0x10AFF, 5},
	{0x10B00, 0x10B35, 11},
	{0x10B36, 0x10B38, 5},
	{0x10B39, 0x10B3F, 29},
	{0x10B40, 0x10B55, 11},
	{0x10B56, 0x10B57, 5},
	{0x10B58, 0x10B5F, 22},
	{0x10B60, 0x10B72, 11},
	{0x10B73, 0x10B77, 5},
	{0x10B78, 0x10B7F, 22},
	{0x10B80, 0x10B91, 11},
	{0x10B92, 0x10B98, 5},
	{0x10B99, 0x10B9C, 29},
	{0x10B9D, 0x10BA8, 5},
	{0x10BA9, 0x10BAF, 22},
	{0x10BB0, 0x10BFF, 5},
	{0x10C00, 0x10C48, 11},
	{0x10C49, 0x10C7F, 5},
	{0x10C80, 0x10CB2, 13},
	{0x10CB3, 0x10CBF, 5},
	{0x10CC0, 0x10CF2, 9},
	{0x10CF3, 0x10CF9, 5},
	{0x10CFA, 0x10CFF, 22},
	{0x10D00, 0x10D23, 11},
	{0x10D24, 0x10D27, 18},
	{0x10D28, 0x10D2F, 5},
	{0x10D30, 0x10D39, 20},
	{0x10D3A, 0x10D3F, 5},
	{0x10D40, 0x10D49, 20},
	{0x10D4A, 0x10D4D, 11},
	{0x10D4E, 0x10D4E, 10},
	{0x10D4F, 0x10D4F, 11},
	{0x10D50, 0x10D65, 13},
	{0x10D66, 0x10D68, 5},
	{0x10D69, 0x10D6D, 18},
	{0x10D6E, 0x10D6E, 25},
	{0x10D6F, 0x10D6F, 10},
	{0x10D70, 0x10D85, 9},
	{0x10D86, 0x10D8D, 5},
	{0x10D8E, 0x10D8F, 34},
	{0x10D90, 0x10E5F, 5},
	{0x10E60, 0x10E7E, 22},
	{0x10E7F, 0x10E7F, 5},
	{0x10E80, 0x10EA9, 11},
	{0x10EAA, 0x10EAA, 5},
	{0x10EAB, 0x10EAC, 18},
	{0x10EAD, 0x10EAD, 25},
	{0x10EAE, 0x10EAF, 5},
	{0x10EB0, 0x10EB1, 11},
	{0x10EB2, 0x10EC1, 5},
	{0x10EC2, 0x10EC4, 11},
	{0x10EC5, 0x10EC5, 10},
	{0x10EC6, 0x10EC7, 11},
	{0x10EC8, 0x10ECF, 5},
	{0x10ED0, 0x10ED0, 29},
	{0x10ED1, 0x10ED8, 35},
	{0x10ED9, 0x10EF9, 5},
	{0x10EFA, 0x10EFF, 18},
	{0x10F00, 0x10F1C, 11},
	{0x10F1D, 0x10F26, 22},
	{0x10F27, 0x10F27, 11},
	{0x10F28, 0x10F2F, 5},
	{0x10F30, 0x10F45, 11},
	{0x10F46, 0x10F50, 18},
	{0x10F51, 0x10F54, 22},
	{0x10F55, 0x10F59, 29},
	{0x10F5A, 0x10F6F, 5},
	{0x10F70, 0x10F81, 11},
	{0x10F82, 0x10F85, 18},
	{0x10F86, 0x10F89, 29},
	{0x10F8A, 0x10FAF, 5},
	{0x10FB0, 0x10FC4, 11},
	{0x10FC5, 0x10FCB, 22},
	{0x10FCC, 0x10FDF, 5},
	{0x10FE0, 0x10FF6, 11},
	{0x10FF7, 0x10FFF, 5},
	{0x11000, 0x11000, 16},
	{0x11001, 0x11001, 18},
	{0x11002, 0x11002, 16},
	{0x11003, 0x11037, 11},
	{0x11038, 0x11046, 18},
	{0x11047, 0x1104D, 29},
	{0x1104E, 0x11051, 5},
	{0x11052, 0x11065, 22},
	{0x11066, 0x1106F, 20},
	{0x11070, 0x11070, 18},
	{0x11071, 0x11072, 11},
	{0x11073, 0x11074, 18},
	{0x11075, 0x11075, 11},
	{0x11076, 0x1107E, 5},
	{0x1107F, 0x11081, 18},
	{0x11082, 0x11082, 16},
	{0x11083, 0x110AF, 11},
	{0x110B0, 0x110B2, 16},
	{0x110B3, 0x110B6, 18},
	{0x110B7, 0x110B8, 16},
	{0x110B9, 0x110BA, 18},
	{0x110BB, 0x110BC, 29},
	{0x110BD, 0x110BD, 4},
	{0x110BE, 0x110C1, 29},
	{0x110C2, 0x110C2, 18},
	{0x110C3, 0x110CC, 5},
	{0x110CD, 0x110CD, 4},
	{0x110CE, 0x110CF, 5},
	{0x110D0, 0x110E8, 11},
	{0x110E9, 0x110EF, 5},
	{0x110F0, 0x110F9, 20},
	{0x110FA, 0x110FF, 5},
	{0x11100, 0x11102, 18},
	{0x11103, 0x11126, 11},
	{0x11127, 0x1112B, 18},
	{0x1112C, 0x1112C, 16},
	{0x1112D, 0x11134, 18},
	{0x11135, 0x11135, 5},
	{0x11136, 0x1113F, 20},
	{0x11140, 0x11143, 29},
	{0x11144, 0x11144, 11},
	{0x11145, 0x11146, 16},
	{0x11147, 0x11147, 11},
	{0x11148, 0x1114F, 5},
	{0x11150, 0x11172, 11},
	{0x11173, 0x11173, 18},
	{0x11174, 0x11175, 29},
	{0x11176, 0x11176, 11},
	{0x11177, 0x1117F, 5},
	{0x11180, 0x11181, 18},
	{0x11182, 0x11182, 16},
	{0x11183, 0x111B2, 11},
	{0x111B3, 0x111B5, 16},
	{0x111B6, 0x111BE, 18},
	{0x111BF, 0x111C0, 16},
	{0x111C1, 0x111C4, 11},
	{0x111C5, 0x111C8, 29},
	{0x111C9, 0x111CC, 18},
	{0x111CD, 0x111CD, 29},
	{0x111CE, 0x111CE, 16},
	{0x111CF, 0x111CF, 18},
	{0x111D0, 0x111D9, 20},
	{0x111DA, 0x111DA, 11},
	{0x111DB, 0x111DB, 29},
	{0x111DC, 0x111DC, 11},
	{0x111DD, 0x111DF, 29},
	{0x111E0, 0x111E0, 5},
	{0x111E1, 0x111F4, 22},
	{0x111F5, 0x111FF, 5},
	{0x11200, 0x11211, 11},
	{0x11212, 0x11212, 5},
	{0x11213, 0x1122B, 11},
	{0x1122C, 0x1122E, 16},
	{0x1122F, 0x11231, 18},
	{0x11232, 0x11233, 16},
	{0x11234, 0x11234, 18},
	{0x11235, 0x11235, 16},
	{0x11236, 0x11237, 18},
	{0x11238, 0x1123D, 29},
	{0x1123E, 0x1123E, 18},
	{0x1123F, 0x11240, 11},
	{0x11241, 0x11241, 18},
	{0x11242, 0x1127F, 5},
	{0x11280, 0x11286, 11},
	{0x11287, 0x11287, 5},
	{0x11288, 0x11288, 11},
	{0x11289, 0x11289, 5},
	{0x1128A, 0x1128D, 11},
	{0x1128E, 0x1128E, 5},
	{0x1128F, 0x1129D, 11},
	{0x1129E, 0x1129E, 5},
	{0x1129F, 0x112A8, 11},
	{0x112A9, 0x112A9, 29},
	{0x112AA, 0x112AF, 5},
	{0x112B0, 0x112DE, 11},
	{0x112DF, 0x112DF, 18},
	{0x112E0, 0x112E2, 16},
	{0x112E3, 0x112EA, 18},
	{0x112EB, 0x112EF, 5},
	{0x112F0, 0x112F9, 20},
	{0x112FA, 0x112FF, 5},
	{0x11300, 0x11301, 18},
	{0x11302, 0x11303, 16},
	{0x11304, 0x11304, 5},
	{0x11305, 0x1130C, 11},
	{0x1130D, 0x1130E, 5},
	{0x1130F, 0x11310, 11},
	{0x11311, 0x11312, 5},
	{0x11313, 0x11328, 11},
	{0x11329, 0x11329, 5},
	{0x1132A, 0x11330, 11},
	{0x11331, 0x11331, 5},
	{0x11332, 0x11333, 11},
	{0x11334, 0x11334, 5},
	{0x11335, 0x11339, 11},
	{0x1133A, 0x1133A, 5},
	{0x1133B, 0x1133C, 18},
	{0x1133D, 0x1133D, 11},
	{0x1133E, 0x1133F, 16},
	{0x11340, 0x11340, 18},
	{0x11341, 0x11344, 16},
	{0x11345, 0x11346, 5},
	{0x11347, 0x11348, 16},
	{0x11349, 0x1134A, 5},
	{0x1134B, 0x1134D, 16},
	{0x1134E, 0x1134F, 5},
	{0x11350, 0x11350, 11},
	{0x11351, 0x11356, 5},
	{0x11357, 0x11357, 16},
	{0x11358, 0x1135C, 5},
	{0x1135D, 0x11361, 11},
	{0x11362, 0x11363, 16},
	{0x11364, 0x11365, 5},
	{0x11366, 0x1136C, 18},
	{0x1136D, 0x1136F, 5},
	{0x11370, 0x11374, 18},
	{0x11375, 0x1137F, 5},
	{0x11380, 0x11389, 11},
	{0x1138A, 0x1138A, 5},
	{0x1138B, 0x1138B, 11},
	{0x1138C, 0x1138D, 5},
	{0x1138E, 0x1138E, 11},
	{0x1138F, 0x1138F, 5},
	{0x11390, 0x113B5, 11},
	{0x113B6, 0x113B6, 5},
	{0x113B7, 0x113B7, 11},
	{0x113B8, 0x113BA, 16},
	{0x113BB, 0x113C0, 18},
	{0x113C1, 0x113C1, 5},
	{0x113C2, 0x113C2, 16},
	{0x113C3, 0x113C4, 5},
	{0x113C5, 0x113C5, 16},
	{0x113C6, 0x113C6, 5},
	{0x113C7, 0x113CA, 16},
	{0x113CB, 0x113CB, 5},
	{0x113CC, 0x113CD, 16},
	{0x113CE, 0x113CE, 18},
	{0x113CF, 0x113CF, 16},
	{0x113D0, 0x113D0, 18},
	{0x113D1, 0x113D1, 11},
	{0x113D2, 0x113D2, 18},
	{0x113D3, 0x113D3, 11},
	{0x113D4, 0x113D5, 29},
	{0x113D6, 0x113D6, 5},
	{0x113D7, 0x113D8, 29},
	{0x113D9, 0x113E0, 5},
	{0x113E1, 0x113E2, 18},
	{0x113E3, 0x113FF, 5},
	{0x11400, 0x11434, 11},
	{0x11435, 0x11437, 16},
	{0x11438, 0x1143F, 18},
	{0x11440, 0x11441, 16},
	{0x11442, 0x11444, 18},
	{0x11445, 0x11445, 16},
	{0x11446, 0x11446, 18},
	{0x11447, 0x1144A, 11},
	{0x1144B, 0x1144F, 29},
	{0x11450, 0x11459, 20},
	{0x1145A, 0x1145B, 29},
	{0x1145C, 0x1145C, 5},
	{0x1145D, 0x1145D, 29},
	{0x1145E, 0x1145E, 18},
	{0x1145F, 0x11461, 11},
	{0x11462, 0x1147F, 5},
	{0x11480, 0x114AF, 11},
	{0x114B0, 0x114B2, 16},
	{0x114B3, 0x114B8, 18},
	{0x114B9, 0x114B9, 16},
	{0x114BA, 0x114BA, 18},
	{0x114BB, 0x114BE, 16},
	{0x114BF, 0x114C0, 18},
	{0x114C1, 0x114C1, 16},
	{0x114C2, 0x114C3, 18},
	{0x114C4, 0x114C5, 11},
	{0x114C6, 0x114C6, 29},
	{0x114C7, 0x114C7, 11},
	{0x114C8, 0x114CF, 5},
	{0x114D0, 0x114D9, 20},
	{0x114DA, 0x1157F, 5},
	{0x11580, 0x115AE, 11},
	{0x115AF, 0x115B1, 16},
	{0x115B2, 0x115B5, 18},
	{0x115B6, 0x115B7, 5},
	{0x115B8, 0x115BB, 16},
	{0x115BC, 0x115BD, 18},
	{0x115BE, 0x115BE, 16},
	{0x115BF, 0x115C0, 18},
	{0x115C1, 0x115D7, 29},
	{0x115D8, 0x115DB, 11},
	{0x115DC, 0x115DD, 18},
	{0x115DE, 0x115FF, 5},
	{0x11600, 0x1162F, 11},
	{0x11630, 0x11632, 16},
	{0x11633, 0x1163A, 18},
	{0x1163B, 0x1163C, 16},
	{0x1163D, 0x1163D, 18},
	{0x1163E, 0x1163E, 16},
	{0x1163F, 0x11640, 18},
	{0x11641, 0x11643, 29},
	{0x11644, 0x11644, 11},
	{0x11645, 0x1164F, 5},
	{0x11650, 0x11659, 20},
	{0x1165A, 0x1165F, 5},
	{0x11660, 0x1166C, 29},
	{0x1166D, 0x1167F, 5},
	{0x11680, 0x116AA, 11},
	{0x116AB, 0x116AB, 18},
	{0x116AC, 0x116AC, 16},
	{0x116AD, 0x116AD, 18},
	{0x116AE, 0x116AF, 16},
	{0x116B0, 0x116B5, 18},
	{0x116B6, 0x116B6, 16},
	{0x116B7, 0x116B7, 18},
	{0x116B8, 0x116B8, 11},
	{0x116B9, 0x116B9, 29},
	{0x116BA, 0x116BF, 5},
	{0x116C0, 0x116C9, 20},
	{0x116CA, 0x116CF, 5},
	{0x116D0, 0x116E3, 20},
	{0x116E4, 0x116FF, 5},
	{0x11700, 0x1171A, 11},
	{0x1171B, 0x1171C, 5},
	{0x1171D, 0x1171D, 18},
	{0x1171E, 0x1171E, 16},
	{0x1171F, 0x1171F, 18},
	{0x11720, 0x11721, 16},
	{0x11722, 0x11725, 18},
	{0x11726, 0x11726, 16},
	{0x11727, 0x1172B, 18},
	{0x1172C, 0x1172F, 5},
	{0x11730, 0x11739, 20},
	{0x1173A, 0x1173B, 22},
	{0x1173C, 0x1173E, 29},
	{0x1173F, 0x1173F, 35},
	{0x11740, 0x11746, 11},
	{0x11747, 0x117FF, 5},
	{0x11800, 0x1182B, 11},
	{0x1182C, 0x1182E, 16},
	{0x1182F, 0x11837, 18},
	{0x11838, 0x11838, 16},
	{0x11839, 0x1183A, 18},
	{0x1183B, 0x1183B, 29},
	{0x1183C, 0x1189F, 5},
	{0x118A0, 0x118BF, 13},
	{0x118C0, 0x118DF, 9},
	{0x118E0, 0x118E9, 20},
	{0x118EA, 0x118F2, 22},
	{0x118F3, 0x118FE, 5},
	{0x118FF, 0x11906, 11},
	{0x11907, 0x11908, 5},
	{0x11909, 0x11909, 11},
	{0x1190A, 0x1190B, 5},
	{0x1190C, 0x11913, 11},
	{0x11914, 0x11914, 5},
	{0x11915, 0x11916, 11},
	{0x11917, 0x11917, 5},
	{0x11918, 0x1192F, 11},
	{0x11930, 0x11935, 16},
	{0x11936, 0x11936, 5},
	{0x11937, 0x11938, 16},
	{0x11939, 0x1193A, 5},
	{0x1193B, 0x1193C, 18},
	{0x1193D, 0x1193D, 16},
	{0x1193E, 0x1193E, 18},
	{0x1193F, 0x1193F, 11},
	{0x11940, 0x11940, 16},
	{0x11941, 0x11941, 11},
	{0x11942, 0x11942, 16},
	{0x11943, 0x11943, 18},
	{0x11944, 0x11946, 29},
	{0x11947, 0x1194F, 5},
	{0x11950, 0x11959, 20},
	{0x1195A, 0x1199F, 5},
	{0x119A0, 0x119A7, 11},
	{0x119A8, 0x119A9, 5},
	{0x119AA, 0x119D0, 11},
	{0x119D1, 0x119D3, 16},
	{0x119D4, 0x119D7, 18},
	{0x119D8, 0x119D9, 5},
	{0x119DA, 0x119DB, 18},
	{0x119DC, 0x119DF, 16},
	{0x119E0, 0x119E0, 18},
	{0x119E1, 0x119E1, 11},
	{0x119E2, 0x119E2, 29},
	{0x119E3, 0x119E3, 11},
	{0x119E4, 0x119E4, 16},
	{0x119E5, 0x119FF, 5},
	{0x11A00, 0x11A00, 11},
	{0x11A01, 0x11A0A, 18},
	{0x11A0B, 0x11A32, 11},
	{0x11A33, 0x11A38, 18},
	{0x11A39, 0x11A39, 16},
	{0x11A3A, 0x11A3A, 11},
	{0x11A3B, 0x11A3E, 18},
	{0x11A3F, 0x11A46, 29},
	{0x11A47, 0x11A47, 18},
	{0x11A48, 0x11A4F, 5},
	{0x11A50, 0x11A50, 11},
	{0x11A51, 0x11A56, 18},
	{0x11A57, 0x11A58, 16},
	{0x11A59, 0x11A5B, 18},
	{0x11A5C, 0x11A89, 11},
	{0x11A8A, 0x11A96, 18},
	{0x11A97, 0x11A97, 16},
	{0x11A98, 0x11A99, 18},
	{0x11A9A, 0x11A9C, 29},
	{0x11A9D, 0x11A9D, 11},
	{0x11A9E, 0x11AA2, 29},
	{0x11AA3, 0x11AAF, 5},
	{0x11AB0, 0x11AF8, 11},
	{0x11AF9, 0x11AFF, 5},
	{0x11B00, 0x11B09, 29},
	{0x11B0A, 0x11B5F, 5},
	{0x11B60, 0x11B60, 18},
	{0x11B61, 0x11B61, 16},
	{0x11B62, 0x11B64, 18},
	{0x11B65, 0x11B65, 16},
	{0x11B66, 0x11B66, 18},
	{0x11B67, 0x11B67, 16},
	{0x11B68, 0x11BBF, 5},
	{0x11BC0, 0x11BE0, 11},
	{0x11BE1, 0x11BE1, 29},
	{0x11BE2, 0x11BEF, 5},
	{0x11BF0, 0x11BF9, 20},
	{0x11BFA, 0x11BFF, 5},
	{0x11C00, 0x11C08, 11},
	{0x11C09, 0x11C09, 5},
	{0x11C0A, 0x11C2E, 11},
	{0x11C2F, 0x11C2F, 16},
	{0x11C30, 0x11C36, 18},
	{0x11C37, 0x11C37, 5},
	{0x11C38, 0x11C3D, 18},
	{0x11C3E, 0x11C3E, 16},
	{0x11C3F, 0x11C3F, 18},
	{0x11C40, 0x11C40, 11},
	{0x11C41, 0x11C45, 29},
	{0x11C46, 0x11C4F, 5},
	{0x11C50, 0x11C59, 20},
	{0x11C5A, 0x11C6C, 22},
	{0x11C6D, 0x11C6F, 5},
	{0x11C70, 0x11C71, 29},
	{0x11C72, 0x11C8F, 11},
	{0x11C90, 0x11C91, 5},
	{0x11C92, 0x11CA7, 18},
	{0x11CA8, 0x11CA8, 5},
	{0x11CA9, 0x11CA9, 16},
	{0x11CAA, 0x11CB0, 18},
	{0x11CB1, 0x11CB1, 16},
	{0x11CB2, 0x11CB3, 18},
	{0x11CB4, 0x11CB4, 16},
	{0x11CB5, 0x11CB6, 18},
	{0x11CB7, 0x11CFF, 5},
	{0x11D00, 0x11D06, 11},
	{0x11D07, 0x11D07, 5},
	{0x11D08, 0x11D09, 11},
	{0x11D0A, 0x11D0A, 5},
	{0x11D0B, 0x11D30, 11},
	{0x11D31, 0x11D36, 18},
	{0x11D37, 0x11D39, 5},
	{0x11D3A, 0x11D3A, 18},
	{0x11D3B, 0x11D3B, 5},
	{0x11D3C, 0x11D3D, 18},
	{0x11D3E, 0x11D3E, 5},
	{0x11D3F, 0x11D45, 18},
	{0x11D46, 0x11D46, 11},
	{0x11D47, 0x11D47, 18},
	{0x11D48, 0x11D4F, 5},
	{0x11D50, 0x11D59, 20},
	{0x11D5A, 0x11D5F, 5},
	{0x11D60, 0x11D65, 11},
	{0x11D66, 0x11D66, 5},
	{0x11D67, 0x11D68, 11},
	{0x11D69, 0x11D69, 5},
	{0x11D6A, 0x11D89, 11},
	{0x11D8A, 0x11D8E, 16},
	{0x11D8F, 0x11D8F, 5},
	{0x11D90, 0x11D91, 18},
	{0x11D92, 0x11D92, 5},
	{0x11D93, 0x11D94, 16},
	{0x11D95, 0x11D95, 18},
	{0x11D96, 0x11D96, 16},
	{0x11D97, 0x11D97, 18},
	{0x11D98, 0x11D98, 11},
	{0x11D99, 0x11D9F, 5},
	{0x11DA0, 0x11DA9, 20},
	{0x11DAA, 0x11DAF, 5},
	{0x11DB0, 0x11DD8, 11},
	{0x11DD9, 0x11DD9, 10},
	{0x11DDA, 0x11DDB, 11},
	{0x11DDC, 0x11DDF, 5},
	{0x11DE0, 0x11DE9, 20},
	{0x11DEA, 0x11EDF, 5},
	{0x11EE0, 0x11EF2, 11},
	{0x11EF3, 0x11EF4, 18},
	{0x11EF5, 0x11EF6, 16},
	{0x11EF7, 0x11EF8, 29},
	{0x11EF9, 0x11EFF, 5},
	{0x11F00, 0x11F01, 18},
	{0x11F02, 0x11F02, 11},
	{0x11F03, 0x11F03, 16},
	{0x11F04, 0x11F10, 11},
	{0x11F11, 0x11F11, 5},
	{0x11F12, 0x11F33, 11},
	{0x11F34, 0x11F35, 16},
	{0x11F36, 0x11F3A, 18},
	{0x11F3B, 0x11F3D, 5},
	{0x11F3E, 0x11F3F, 16},
	{0x11F40, 0x11F40, 18},
	{0x11F41, 0x11F41, 16},
	{0x11F42, 0x11F42, 18},
	{0x11F43, 0x11F4F, 29},
	{0x11F50, 0x11F59, 20},
	{0x11F5A, 0x11F5A, 18},
	{0x11F5B, 0x11FAF, 5},
	{0x11FB0, 0x11FB0, 11},
	{0x11FB1, 0x11FBF, 5},
	{0x11FC0, 0x11FD4, 22},
	{0x11FD5, 0x11FDC, 35},
	{0x11FDD, 0x11FE0, 32},
	{0x11FE1, 0x11FF1, 35},
	{0x11FF2, 0x11FFE, 5},
	{0x11FFF, 0x11FFF, 29},
	{0x12000, 0x12399, 11},
	{0x1239A, 0x123FF, 5},
	{0x12400, 0x1246E, 21},
	{0x1246F, 0x1246F, 5},
	{0x12470, 0x12474, 29},
	{0x12475, 0x1247F, 5},
	{0x12480, 0x12543, 11},
	{0x12544, 0x12F8F, 5},
	{0x12F90, 0x12FF0, 11},
	{0x12FF1, 0x12FF2, 29},
	{0x12FF3, 0x12FFF, 5},
	{0x13000, 0x1342F, 11},
	{0x13430, 0x1343F, 4},
	{0x13440, 0x13440, 18},
	{0x13441, 0x13446, 11},
	{0x13447, 0x13455, 18},
	{0x13456, 0x1345F, 5},
	{0x13460, 0x143FA, 11},
	{0x143FB, 0x143FF, 5},
	{0x14400, 0x14646, 11},
	{0x14647, 0x160FF, 5},
	{0x16100, 0x1611D, 11},
	{0x1611E, 0x16129, 18},
	{0x1612A, 0x1612C, 16},
	{0x1612D, 0x1612F, 18},
	{0x16130, 0x16139, 20},
	{0x1613A, 0x167FF, 5},
	{0x16800, 0x16A38, 11},
	{0x16A39, 0x16A3F, 5},
	{0x16A40, 0x16A5E, 11},
	{0x16A5F, 0x16A5F, 5},
	{0x16A60, 0x16A69, 20},
	{0x16A6A, 0x16A6D, 5},
	{0x16A6E, 0x16A6F, 29},
	{0x16A70, 0x16ABE, 11},
	{0x16ABF, 0x16ABF, 5},
	{0x16AC0, 0x16AC9, 20},
	{0x16ACA, 0x16ACF, 5},
	{0x16AD0, 0x16AED, 11},
	{0x16AEE, 0x16AEF, 5},
	{0x16AF0, 0x16AF4, 18},
	{0x16AF5, 0x16AF5, 29},
	{0x16AF6, 0x16AFF, 5},
	{0x16B00, 0x16B2F, 11},
	{0x16B30, 0x16B36, 18},
	{0x16B37, 0x16B3B, 29},
	{0x16B3C, 0x16B3F, 35},
	{0x16B40, 0x16B43, 10},
	{0x16B44, 0x16B44, 29},
	{0x16B45, 0x16B45, 35},
	{0x16B46, 0x16B4F, 5},
	{0x16B50, 0x16B59, 20},
	{0x16B5A, 0x16B5A, 5},
	{0x16B5B, 0x16B61, 22},
	{0x16B62, 0x16B62, 5},
	{0x16B63, 0x16B77, 11},
	{0x16B78, 0x16B7C, 5},
	{0x16B7D, 0x16B8F, 11},
	{0x16B90, 0x16D3F, 5},
	{0x16D40, 0x16D42, 10},
	{0x16D43, 0x16D6A, 11},
	{0x16D6B, 0x16D6C, 10},
	{0x16D6D, 0x16D6F, 29},
	{0x16D70, 0x16D79, 20},
	{0x16D7A, 0x16E3F, 5},
	{0x16E40, 0x16E5F, 13},
	{0x16E60, 0x16E7F, 9},
	{0x16E80, 0x16E96, 22},
	{0x16E97, 0x16E9A, 29},
	{0x16E9B, 0x16E9F, 5},
	{0x16EA0, 0x16EB8, 13},
	{0x16EB9, 0x16EBA, 5},
	{0x16EBB, 0x16ED3, 9},
	{0x16ED4, 0x16EFF, 5},
	{0x16F00, 0x16F4A, 11},
	{0x16F4B, 0x16F4E, 5},
	{0x16F4F, 0x16F4F, 18},
	{0x16F50, 0x16F50, 11},
	{0x16F51, 0x16F87, 16},
	{0x16F88, 0x16F8E, 5},
	{0x16F8F, 0x16F92, 18},
	{0x16F93, 0x16F9F, 10},
	{0x16FA0, 0x16FDF, 5},
	{0x16FE0, 0x16FE1, 10},
	{0x16FE2, 0x16FE2, 29},
	{0x16FE3, 0x16FE3, 10},
	{0x16FE4, 0x16FE4, 18},
	{0x16FE5, 0x16FEF, 5},
	{0x16FF0, 0x16FF1, 16},
	{0x16FF2, 0x16FF3, 10},
	{0x16FF4, 0x16FF6, 21},
	{0x16FF7, 0x16FFF, 5},
	{0x17000, 0x18CD5, 11},
	{0x18CD6, 0x18CFE, 5},
	{0x18CFF, 0x18D1E, 11},
	{0x18D1F, 0x18D7F, 5},
	{0x18D80, 0x18DF2, 11},
	{0x18DF3, 0x1AFEF, 5},
	{0x1AFF0, 0x1AFF3, 10},
	{0x1AFF4, 0x1AFF4, 5},
	{0x1AFF5, 0x1AFFB, 10},
	{0x1AFFC, 0x1AFFC, 5},
	{0x1AFFD, 0x1AFFE, 10},
	{0x1AFFF, 0x1AFFF, 5},
	{0x1B000, 0x1B122, 11},
	{0x1B123, 0x1B131, 5},
	{0x1B132, 0x1B132, 11},
	{0x1B133, 0x1B14F, 5},
	{0x1B150, 0x1B152, 11},
	{0x1B153, 0x1B154, 5},
	{0x1B155, 0x1B155, 11},
	{0x1B156, 0x1B163, 5},
	{0x1B164, 0x1B167, 11},
	{0x1B168, 0x1B16F, 5},
	{0x1B170, 0x1B2FB, 11},
	{0x1B2FC, 0x1BBFF, 5},
	{0x1BC00, 0x1BC6A, 11},
	{0x1BC6B, 0x1BC6F, 5},
	{0x1BC70, 0x1BC7C, 11},
	{0x1BC7D, 0x1BC7F, 5},
	{0x1BC80, 0x1BC88, 11},
	{0x1BC89, 0x1BC8F, 5},
	{0x1BC90, 0x1BC99, 11},
	{0x1BC9A, 0x1BC9B, 5},
	{0x1BC9C, 0x1BC9C, 35},
	{0x1BC9D, 0x1BC9E, 18},
	{0x1BC9F, 0x1BC9F, 29},
	{0x1BCA0, 0x1BCA3, 4},
	{0x1BCA4, 0x1CBFF, 5},
	{0x1CC00, 0x1CCEF, 35},
	{0x1CCF0, 0x1CCF9, 20},
	{0x1CCFA, 0x1CCFC, 35},
	{0x1CCFD, 0x1CCFF, 5},
	{0x1CD00, 0x1CEB3, 35},
	{0x1CEB4, 0x1CEB9, 5},
	{0x1CEBA, 0x1CED0, 35},
	{0x1CED1, 0x1CEDF, 5},
	{0x1CEE0, 0x1CEEF, 35},
	{0x1CEF0, 0x1CEF0, 34},
	{0x1CEF1, 0x1CEFF, 5},
	{0x1CF00, 0x1CF2D, 18},
	{0x1CF2E, 0x1CF2F, 5},
	{0x1CF30, 0x1CF46, 18},
	{0x1CF47, 0x1CF4F, 5},
	{0x1CF50, 0x1CFC3, 35},
	{0x1CFC4, 0x1CFFF, 5},
	{0x1D000, 0x1D0F5, 35},
	{0x1D0F6, 0x1D0FF, 5},
	{0x1D100, 0x1D126, 35},
	{0x1D127, 0x1D128, 5},
	{0x1D129, 0x1D164, 35},
	{0x1D165, 0x1D166, 16},
	{0x1D167, 0x1D169, 18},
	{0x1D16A, 0x1D16C, 35},
	{0x1D16D, 0x1D172, 16},
	{0x1D173, 0x1D17A, 4},
	{0x1D17B, 0x1D182, 18},
	{0x1D183, 0x1D184, 35},
	{0x1D185, 0x1D18B, 18},
	{0x1D18C, 0x1D1A9, 35},
	{0x1D1AA, 0x1D1AD, 18},
	{0x1D1AE, 0x1D1EA, 35},
	{0x1D1EB, 0x1D1FF, 5},
	{0x1D200, 0x1D241, 35},
	{0x1D242, 0x1D244, 18},
	{0x1D245, 0x1D245, 35},
	{0x1D246, 0x1D2BF, 5},
	{0x1D2C0, 0x1D2D3, 22},
	{0x1D2D4, 0x1D2DF, 5},
	{0x1D2E0, 0x1D2F3, 22},
	{0x1D2F4, 0x1D2FF, 5},
	{0x1D300, 0x1D356, 35},
	{0x1D357, 0x1D35F, 5},
	{0x1D360, 0x1D378, 22},
	{0x1D379, 0x1D3FF, 5},
	{0x1D400, 0x1D419, 13},
	{0x1D41A, 0x1D433, 9},
	{0x1D434, 0x1D44D, 13},
	{0x1D44E, 0x1D454, 9},
	{0x1D455, 0x1D455, 5},
	{0x1D456, 0x1D467, 9},
	{0x1D468, 0x1D481, 13},
	{0x1D482, 0x1D49B, 9},
	{0x1D49C, 0x1D49C, 13},
	{0x1D49D, 0x1D49D, 5},
	{0x1D49E, 0x1D49F, 13},
	{0x1D4A0, 0x1D4A1, 5},
	{0x1D4A2, 0x1D4A2, 13},
	{0x1D4A3, 0x1D4A4, 5},
	{0x1D4A5, 0x1D4A6, 13},
	{0x1D4A7, 0x1D4A8, 5},
	{0x1D4A9, 0x1D4AC, 13},
	{0x1D4AD, 0x1D4AD, 5},
	{0x1D4AE, 0x1D4B5, 13},
	{0x1D4B6, 0x1D4B9, 9},
	{0x1D4BA, 0x1D4BA, 5},
	{0x1D4BB, 0x1D4BB, 9},
	{0x1D4BC, 0x1D4BC, 5},
	{0x1D4BD, 0x1D4C3, 9},
	{0x1D4C4, 0x1D4C4, 5},
	{0x1D4C5, 0x1D4CF, 9},
	{0x1D4D0, 0x1D4E9, 13},
	{0x1D4EA, 0x1D503, 9},
	{0x1D504, 0x1D505, 13},
	{0x1D506, 0x1D506, 5},
	{0x1D507, 0x1D50A, 13},
	{0x1D50B, 0x1D50C, 5},
	{0x1D50D, 0x1D514, 13},
	{0x1D515, 0x1D515, 5},
	{0x1D516, 0x1D51C, 13},
	{0x1D51D, 0x1D51D, 5},
	{0x1D51E, 0x1D537, 9},
	{0x1D538, 0x1D539, 13},
	{0x1D53A, 0x1D53A, 5},
	{0x1D53B, 0x1D53E, 13},
	{0x1D53F, 0x1D53F, 5},
	{0x1D540, 0x1D544, 13},
	{0x1D545, 0x1D545, 5},
	{0x1D546, 0x1D546, 13},
	{0x1D547, 0x1D549, 5},
	{0x1D54A, 0x1D550, 13},
	{0x1D551, 0x1D551, 5},
	{0x1D552, 0x1D56B, 9},
	{0x1D56C, 0x1D585, 13},
	{0x1D586, 0x1D59F, 9},
	{0x1D5A0, 0x1D5B9, 13},
	{0x1D5BA, 0x1D5D3, 9},
	{0x1D5D4, 0x1D5ED, 13},
	{0x1D5EE, 0x1D607, 9},
	{0x1D608, 0x1D621, 13},
	{0x1D622, 0x1D63B, 9},
	{0x1D63C, 0x1D655, 13},
	{0x1D656, 0x1D66F, 9},
	{0x1D670, 0x1D689, 13},
	{0x1D68A, 0x1D6A5, 9},
	{0x1D6A6, 0x1D6A7, 5},
	{0x1D6A8, 0x1D6C0, 13},
	{0x1D6C1, 0x1D6C1, 34},
	{0x1D6C2, 0x1D6DA, 9},
	{0x1D6DB, 0x1D6DB, 34},
	{0x1D6DC, 0x1D6E1, 9},
	{0x1D6E2, 0x1D6FA, 13},
	{0x1D6FB, 0x1D6FB, 34},
	{0x1D6FC, 0x1D714, 9},
	{0x1D715, 0x1D715, 34},
	{0x1D716, 0x1D71B, 9},
	{0x1D71C, 0x1D734, 13},
	{0x1D735, 0x1D735, 34},
	{0x1D736, 0x1D74E, 9},
	{0x1D74F, 0x1D74F, 34},
	{0x1D750, 0x1D755, 9},
	{0x1D756, 0x1D76E, 13},
	{0x1D76F, 0x1D76F, 34},
	{0x1D770, 0x1D788, 9},
	{0x1D789, 0x1D789, 34},
	{0x1D78A, 0x1D78F, 9},
	{0x1D790, 0x1D7A8, 13},
	{0x1D7A9, 0x1D7A9, 34},
	{0x1D7AA, 0x1D7C2, 9},
	{0x1D7C3, 0x1D7C3, 34},
	{0x1D7C4, 0x1D7C9, 9},
	{0x1D7CA, 0x1D7CA, 13},
	{0x1D7CB, 0x1D7CB, 9},
	{0x1D7CC, 0x1D7CD, 5},
	{0x1D7CE, 0x1D7FF, 20},
	{0x1D800, 0x1D9FF, 35},
	{0x1DA00, 0x1DA36, 18},
	{0x1DA37, 0x1DA3A, 35},
	{0x1DA3B, 0x1DA6C, 18},
	{0x1DA6D, 0x1DA74, 35},
	{0x1DA75, 0x1DA75, 18},
	{0x1DA76, 0x1DA83, 35},
	{0x1DA84, 0x1DA84, 18},
	{0x1DA85, 0x1DA86, 35},
	{0x1DA87, 0x1DA8B, 29},
	{0x1DA8C, 0x1DA9A, 5},
	{0x1DA9B, 0x1DA9F, 18},
	{0x1DAA0, 0x1DAA0, 5},
	{0x1DAA1, 0x1DAAF, 18},
	{0x1DAB0, 0x1DEFF, 5},
	{0x1DF00, 0x1DF09, 9},
	{0x1DF0A, 0x1DF0A, 11},
	{0x1DF0B, 0x1DF1E, 9},
	{0x1DF1F, 0x1DF24, 5},
	{0x1DF25, 0x1DF2A, 9},
	{0x1DF2B, 0x1DFFF, 5},
	{0x1E000, 0x1E006, 18},
	{0x1E007, 0x1E007, 5},
	{0x1E008, 0x1E018, 18},
	{0x1E019, 0x1E01A, 5},
	{0x1E01B, 0x1E021, 18},
	{0x1E022, 0x1E022, 5},
	{0x1E023, 0x1E024, 18},
	{0x1E025, 0x1E025, 5},
	{0x1E026, 0x1E02A, 18},
	{0x1E02B, 0x1E02F, 5},
	{0x1E030, 0x1E06D, 10},
	{0x1E06E, 0x1E08E, 5},
	{0x1E08F, 0x1E08F, 18},
	{0x1E090, 0x1E0FF, 5},
	{0x1E100, 0x1E12C, 11},
	{0x1E12D, 0x1E12F, 5},
	{0x1E130, 0x1E136, 18},
	{0x1E137, 0x1E13D, 10},
	{0x1E13E, 0x1E13F, 5},
	{0x1E140, 0x1E149, 20},
	{0x1E14A, 0x1E14D, 5},
	{0x1E14E, 0x1E14E, 11},
	{0x1E14F, 0x1E14F, 35},
	{0x1E150, 0x1E28F, 5},
	{0x1E290, 0x1E2AD, 11},
	{0x1E2AE, 0x1E2AE, 18},
	{0x1E2AF, 0x1E2BF, 5},
	{0x1E2C0, 0x1E2EB, 11},
	{0x1E2EC, 0x1E2EF, 18},
	{0x1E2F0, 0x1E2F9, 20},
	{0x1E2FA, 0x1E2FE, 5},
	{0x1E2FF, 0x1E2FF, 32},
	{0x1E300, 0x1E4CF, 5},
	{0x1E4D0, 0x1E4EA, 11},
	{0x1E4EB, 0x1E4EB, 10},
	{0x1E4EC, 0x1E4EF, 18},
	{0x1E4F0, 0x1E4F9, 20},
	{0x1E4FA, 0x1E5CF, 5},
	{0x1E5D0, 0x1E5ED, 11},
	{0x1E5EE, 0x1E5EF, 18},
	{0x1E5F0, 0x1E5F0, 11},
	{0x1E5F1, 0x1E5FA, 20},
	{0x1E5FB, 0x1E5FE, 5},
	{0x1E5FF, 0x1E5FF, 29},
	{0x1E600, 0x1E6BF, 5},
	{0x1E6C0, 0x1E6DE, 11},
	{0x1E6DF, 0x1E6DF, 5},
	{0x1E6E0, 0x1E6E2, 11},
	{0x1E6E3, 0x1E6E3, 18},
	{0x1E6E4, 0x1E6E5, 11},
	{0x1E6E6, 0x1E6E6, 18},
	{0x1E6E7, 0x1E6ED, 11},
	{0x1E6EE, 0x1E6EF, 18},
	{0x1E6F0, 0x1E6F4, 11},
	{0x1E6F5, 0x1E6F5, 18},
	{0x1E6F6, 0x1E6FD, 5},
	{0x1E6FE, 0x1E6FE, 11},
	{0x1E6FF, 0x1E6FF, 10},
	{0x1E700, 0x1E7DF, 5},
	{0x1E7E0, 0x1E7E6, 11},
	{0x1E7E7, 0x1E7E7, 5},
	{0x1E7E8, 0x1E7EB, 11},
	{0x1E7EC, 0x1E7EC, 5},
	{0x1E7ED, 0x1E7EE, 11},
	{0x1E7EF, 0x1E7EF, 5},
	{0x1E7F0, 0x1E7FE, 11},
	{0x1E7FF, 0x1E7FF, 5},
	{0x1E800, 0x1E8C4, 11},
	{0x1E8C5, 0x1E8C6, 5},
	{0x1E8C7, 0x1E8CF, 22},
	{0x1E8D0, 0x1E8D6, 18},
	{0x1E8D7, 0x1E8FF, 5},
	{0x1E900, 0x1E921, 13},
	{0x1E922, 0x1E943, 9},
	{0x1E944, 0x1E94A, 18},
	{0x1E94B, 0x1E94B, 10},
	{0x1E94C, 0x1E94F, 5},
	{0x1E950, 0x1E959, 20},
	{0x1E95A, 0x1E95D, 5},
	{0x1E95E, 0x1E95F, 29},
	{0x1E960, 0x1EC70, 5},
	{0x1EC71, 0x1ECAB, 22},
	{0x1ECAC, 0x1ECAC, 35},
	{0x1ECAD, 0x1ECAF, 22},
	{0x1ECB0, 0x1ECB0, 32},
	{0x1ECB1, 0x1ECB4, 22},
	{0x1ECB5, 0x1ED00, 5},
	{0x1ED01, 0x1ED2D, 22},
	{0x1ED2E, 0x1ED2E, 35},
	{0x1ED2F, 0x1ED3D, 22},
	{0x1ED3E, 0x1EDFF, 5},
	{0x1EE00, 0x1EE03, 11},
	{0x1EE04, 0x1EE04, 5},
	{0x1EE05, 0x1EE1F, 11},
	{0x1EE20, 0x1EE20, 5},
	{0x1EE21, 0x1EE22, 11},
	{0x1EE23, 0x1EE23, 5},
	{0x1EE24, 0x1EE24, 11},
	{0x1EE25, 0x1EE26, 5},
	{0x1EE27, 0x1EE27, 11},
	{0x1EE28, 0x1EE28, 5},
	{0x1EE29, 0x1EE32, 11},
	{0x1EE33, 0x1EE33, 5},
	{0x1EE34, 0x1EE37, 11},
	{0x1EE38, 0x1EE38, 5},
	{0x1EE39, 0x1EE39, 11},
	{0x1EE3A, 0x1EE3A, 5},
	{0x1EE3B, 0x1EE3B, 11},
	{0x1EE3C, 0x1EE41, 5},
	{0x1EE42, 0x1EE42, 11},
	{0x1EE43, 0x1EE46, 5},
	{0x1EE47, 0x1EE47, 11},
	{0x1EE48, 0x1EE48, 5},
	{0x1EE49, 0x1EE49, 11},
	{0x1EE4A, 0x1EE4A, 5},
	{0x1EE4B, 0x1EE4B, 11},
	{0x1EE4C, 0x1EE4C, 5},
	{0x1EE4D, 0x1EE4F, 11},
	{0x1EE50, 0x1EE50, 5},
	{0x1EE51, 0x1EE52, 11},
	{0x1EE53, 0x1EE53, 5},
	{0x1EE54, 0x1EE54, 11},
	{0x1EE55, 0x1EE56, 5},
	{0x1EE57, 0x1EE57, 11},
	{0x1EE58, 0x1EE58, 5},
	{0x1EE59, 0x1EE59, 11},
	{0x1EE5A, 0x1EE5A, 5},
	{0x1EE5B, 0x1EE5B, 11},
	{0x1EE5C, 0x1EE5C, 5},
	{0x1EE5D, 0x1EE5D, 11},
	{0x1EE5E, 0x1EE5E, 5},
	{0x1EE5F, 0x1EE5F, 11},
	{0x1EE60, 0x1EE60, 5},
	{0x1EE61, 0x1EE62, 11},
	{0x1EE63, 0x1EE63, 5},
	{0x1EE64, 0x1EE64, 11},
	{0x1EE65, 0x1EE66, 5},
	{0x1EE67, 0x1EE6A, 11},
	{0x1EE6B, 0x1EE6B, 5},
	{0x1EE6C, 0x1EE72, 11},
	{0x1EE73, 0x1EE73, 5},
	{0x1EE74, 0x1EE77, 11},
	{0x1EE78, 0x1EE78, 5},
	{0x1EE79, 0x1EE7C, 11},
	{0x1EE7D, 0x1EE7D, 5},
	{0x1EE7E, 0x1EE7E, 11},
	{0x1EE7F, 0x1EE7F, 5},
	{0x1EE80, 0x1EE89, 11},
	{0x1EE8A, 0x1EE8A, 5},
	{0x1EE8B, 0x1EE9B, 11},
	{0x1EE9C, 0x1EEA0, 5},
	{0x1EEA1, 0x1EEA3, 11},
	{0x1EEA4, 0x1EEA4, 5},
	{0x1EEA5, 0x1EEA9, 11},
	{0x1EEAA, 0x1EEAA, 5},
	{0x1EEAB, 0x1EEBB, 11},
	{0x1EEBC, 0x1EEEF, 5},
	{0x1EEF0, 0x1EEF1, 34},
	{0x1EEF2, 0x1EFFF, 5},
	{0x1F000, 0x1F02B, 35},
	{0x1F02C, 0x1F02F, 5},
	{0x1F030, 0x1F093, 35},
	{0x1F094, 0x1F09F, 5},
	{0x1F0A0, 0x1F0AE, 35},
	{0x1F0AF, 0x1F0B0, 5},
	{0x1F0B1, 0x1F0BF, 35},
	{0x1F0C0, 0x1F0C0, 5},
	{0x1F0C1, 0x1F0CF, 35},
	{0x1F0D0, 0x1F0D0, 5},
	{0x1F0D1, 0x1F0F5, 35},
	{0x1F0F6, 0x1F0FF, 5},
	{0x1F100, 0x1F10C, 22},
	{0x1F10D, 0x1F1AD, 35},
	{0x1F1AE, 0x1F1E5, 5},
	{0x1F1E6, 0x1F202, 35},
	{0x1F203, 0x1F20F, 5},
	{0x1F210, 0x1F23B, 35},
	{0x1F23C, 0x1F23F, 5},
	{0x1F240, 0x1F248, 35},
	{0x1F249, 0x1F24F, 5},
	{0x1F250, 0x1F251, 35},
	{0x1F252, 0x1F25F, 5},
	{0x1F260, 0x1F265, 35},
	{0x1F266, 0x1F2FF, 5},
	{0x1F300, 0x1F3FA, 35},
	{0x1F3FB, 0x1F3FF, 33},
	{0x1F400, 0x1F6D8, 35},
	{0x1F6D9, 0x1F6DB, 5},
	{0x1F6DC, 0x1F6EC, 35},
	{0x1F6ED, 0x1F6EF, 5},
	{0x1F6F0, 0x1F6FC, 35},
	{0x1F6FD, 0x1F6FF, 5},
	{0x1F700, 0x1F7D9, 35},
	{0x1F7DA, 0x1F7DF, 5},
	{0x1F7E0, 0x1F7EB, 35},
	{0x1F7EC, 0x1F7EF, 5},
	{0x1F7F0, 0x1F7F0, 35},
	{0x1F7F1, 0x1F7FF, 5},
	{0x1F800, 0x1F80B, 35},
	{0x1F80C, 0x1F80F, 5},
	{0x1F810, 0x1F847, 35},
	{0x1F848, 0x1F84F, 5},
	{0x1F850, 0x1F859, 35},
	{0x1F85A, 0x1F85F, 5},
	{0x1F860, 0x1F887, 35},
	{0x1F888, 0x1F88F, 5},
	{0x1F890, 0x1F8AD, 35},
	{0x1F8AE, 0x1F8AF, 5},
	{0x1F8B0, 0x1F8BB, 35},
	{0x1F8BC, 0x1F8BF, 5},
	{0x1F8C0, 0x1F8C1, 35},
	{0x1F8C2, 0x1F8CF, 5},
	{0x1F8D0, 0x1F8D8, 34},
	{0x1F8D9, 0x1F8FF, 5},
	{0x1F900, 0x1FA57, 35},
	{0x1FA58, 0x1FA5F, 5},
	{0x1FA60, 0x1FA6D, 35},
	{0x1FA6E, 0x1FA6F, 5},
	{0x1FA70, 0x1FA7C, 35},
	{0x1FA7D, 0x1FA7F, 5},
	{0x1FA80, 0x1FA8A, 35},
	{0x1FA8B, 0x1FA8D, 5},
	{0x1FA8E, 0x1FAC6, 35},
	{0x1FAC7, 0x1FAC7, 5},
	{0x1FAC8, 0x1FAC8, 35},
	{0x1FAC9, 0x1FACC, 5},
	{0x1FACD, 0x1FADC, 35},
	{0x1FADD, 0x1FADE, 5},
	{0x1FADF, 0x1FAEA, 35},
	{0x1FAEB, 0x1FAEE, 5},
	{0x1FAEF, 0x1FAF8, 35},
	{0x1FAF9, 0x1FAFF, 5},
	{0x1FB00, 0x1FB92, 35},
	{0x1FB93, 0x1FB93, 5},
	{0x1FB94, 0x1FBEF, 35},
	{0x1FBF0, 0x1FBF9, 20},
	{0x1FBFA, 0x1FBFA, 35},
	{0x1FBFB, 0x1FFFF, 5},
	{0x20000, 0x2A6DF, 11},
	{0x2A6E0, 0x2A6FF, 5},
	{0x2A700, 0x2B81D, 11},
	{0x2B81E, 0x2B81F, 5},
	{0x2B820, 0x2CEAD, 11},
	{0x2CEAE, 0x2CEAF, 5},
	{0x2CEB0, 0x2EBE0, 11},
	{0x2EBE1, 0x2EBEF, 5},
	{0x2EBF0, 0x2EE5D, 11},
	{0x2EE5E, 0x2F7FF, 5},
	{0x2F800, 0x2FA1D, 11},
	{0x2FA1E, 0x2FFFF, 5},
	{0x30000, 0x3134A, 11},
	{0x3134B, 0x3134F, 5},
	{0x31350, 0x33479, 11},
	{0x3347A, 0xE0000, 5},
	{0xE0001, 0xE0001, 4},
	{0xE0002, 0xE001F, 5},
	{0xE0020, 0xE007F, 4},
	{0xE0080, 0xE00FF, 5},
	{0xE0100, 0xE01EF, 18},
	{0xE01F0, 0xEFFFF, 5},
	{0xF0000, 0xFFFFD, 6},
	{0xFFFFE, 0xFFFFF, 5},
	{0x100000, 0x10FFFD, 6},
	{0x10FFFE, 0x10FFFF, 5},
};
/**
 * @brief Количество диапазонов таблицы: CATEGORIES
 *
 */
const size_t awh::regex::CATEGORIES_COUNT = 4144;
/**
 * @brief Таблица диапазонов кодовых значений: SCRIPTS
 *
 */
const awh::regex::interval_t awh::regex::SCRIPTS[] = {
	{0x0, 0x40, 25},
	{0x41, 0x5A, 74},
	{0x5B, 0x60, 25},
	{0x61, 0x7A, 74},
	{0x7B, 0xA9, 25},
	{0xAA, 0xAA, 74},
	{0xAB, 0xB9, 25},
	{0xBA, 0xBA, 74},
	{0xBB, 0xBF, 25},
	{0xC0, 0xD6, 74},
	{0xD7, 0xD7, 25},
	{0xD8, 0xF6, 74},
	{0xF7, 0xF7, 25},
	{0xF8, 0x2B8, 74},
	{0x2B9, 0x2DF, 25},
	{0x2E0, 0x2E4, 74},
	{0x2E5, 0x2E9, 25},
	{0x2EA, 0x2EB, 13},
	{0x2EC, 0x2FF, 25},
	{0x300, 0x36F, 58},
	{0x370, 0x373, 45},
	{0x374, 0x374, 25},
	{0x375, 0x377, 45},
	{0x37A, 0x37D, 45},
	{0x37E, 0x37E, 25},
	{0x37F, 0x37F, 45},
	{0x384, 0x384, 45},
	{0x385, 0x385, 25},
	{0x386, 0x386, 45},
	{0x387, 0x387, 25},
	{0x388, 0x38A, 45},
	{0x38C, 0x38C, 45},
	{0x38E, 0x3A1, 45},
	{0x3A3, 0x3E1, 45},
	{0x3E2, 0x3EF, 26},
	{0x3F0, 0x3FF, 45},
	{0x400, 0x484, 30},
	{0x485, 0x486, 58},
	{0x487, 0x52F, 30},
	{0x531, 0x556, 4},
	{0x559, 0x58A, 4},
	{0x58D, 0x58F, 4},
	{0x591, 0x5C7, 55},
	{0x5D0, 0x5EA, 55},
	{0x5EF, 0x5F4, 55},
	{0x600, 0x604, 3},
	{0x605, 0x605, 25},
	{0x606, 0x60B, 3},
	{0x60C, 0x60C, 25},
	{0x60D, 0x61A, 3},
	{0x61B, 0x61B, 25},
	{0x61C, 0x61E, 3},
	{0x61F, 0x61F, 25},
	{0x620, 0x63F, 3},
	{0x640, 0x640, 25},
	{0x641, 0x64A, 3},
	{0x64B, 0x655, 58},
	{0x656, 0x66F, 3},
	{0x670, 0x670, 58},
	{0x671, 0x6DC, 3},
	{0x6DD, 0x6DD, 25},
	{0x6DE, 0x6FF, 3},
	{0x700, 0x70D, 145},
	{0x70F, 0x74A, 145},
	{0x74D, 0x74F, 145},
	{0x750, 0x77F, 3},
	{0x780, 0x7B1, 157},
	{0x7C0, 0x7FA, 105},
	{0x7FD, 0x7FF, 105},
	{0x800, 0x82D, 131},
	{0x830, 0x83E, 131},
	{0x840, 0x85B, 85},
	{0x85E, 0x85E, 85},
	{0x860, 0x86A, 145},
	{0x870, 0x891, 3},
	{0x897, 0x8E1, 3},
	{0x8E2, 0x8E2, 25},
	{0x8E3, 0x8FF, 3},
	{0x900, 0x950, 32},
	{0x951, 0x954, 58},
	{0x955, 0x963, 32},
	{0x964, 0x965, 25},
	{0x966, 0x97F, 32},
	{0x980, 0x983, 10},
	{0x985, 0x98C, 10},
	{0x98F, 0x990, 10},
	{0x993, 0x9A8, 10},
	{0x9AA, 0x9B0, 10},
	{0x9B2, 0x9B2, 10},
	{0x9B6, 0x9B9, 10},
	{0x9BC, 0x9C4, 10},
	{0x9C7, 0x9C8, 10},
	{0x9CB, 0x9CE, 10},
	{0x9D7, 0x9D7, 10},
	{0x9DC, 0x9DD, 10},
	{0x9DF, 0x9E3, 10},
	{0x9E6, 0x9FE, 10},
	{0xA01, 0xA03, 48},
	{0xA05, 0xA0A, 48},
	{0xA0F, 0xA10, 48},
	{0xA13, 0xA28, 48},
	{0xA2A, 0xA30, 48},
	{0xA32, 0xA33, 48},
	{0xA35, 0xA36, 48},
	{0xA38, 0xA39, 48},
	{0xA3C, 0xA3C, 48},
	{0xA3E, 0xA42, 48},
	{0xA47, 0xA48, 48},
	{0xA4B, 0xA4D, 48},
	{0xA51, 0xA51, 48},
	{0xA59, 0xA5C, 48},
	{0xA5E, 0xA5E, 48},
	{0xA66, 0xA76, 48},
	{0xA81, 0xA83, 46},
	{0xA85, 0xA8D, 46},
	{0xA8F, 0xA91, 46},
	{0xA93, 0xAA8, 46},
	{0xAAA, 0xAB0, 46},
	{0xAB2, 0xAB3, 46},
	{0xAB5, 0xAB9, 46},
	{0xABC, 0xAC5, 46},
	{0xAC7, 0xAC9, 46},
	{0xACB, 0xACD, 46},
	{0xAD0, 0xAD0, 46},
	{0xAE0, 0xAE3, 46},
	{0xAE6, 0xAF1, 46},
	{0xAF9, 0xAFF, 46},
	{0xB01, 0xB03, 120},
	{0xB05, 0xB0C, 120},
	{0xB0F, 0xB10, 120},
	{0xB13, 0xB28, 120},
	{0xB2A, 0xB30, 120},
	{0xB32, 0xB33, 120},
	{0xB35, 0xB39, 120},
	{0xB3C, 0xB44, 120},
	{0xB47, 0xB48, 120},
	{0xB4B, 0xB4D, 120},
	{0xB55, 0xB57, 120},
	{0xB5C, 0xB5D, 120},
	{0xB5F, 0xB63, 120},
	{0xB66, 0xB77, 120},
	{0xB82, 0xB83, 153},
	{0xB85, 0xB8A, 153},
	{0xB8E, 0xB90, 153},
	{0xB92, 0xB95, 153},
	{0xB99, 0xB9A, 153},
	{0xB9C, 0xB9C, 153},
	{0xB9E, 0xB9F, 153},
	{0xBA3, 0xBA4, 153},
	{0xBA8, 0xBAA, 153},
	{0xBAE, 0xBB9, 153},
	{0xBBE, 0xBC2, 153},
	{0xBC6, 0xBC8, 153},
	{0xBCA, 0xBCD, 153},
	{0xBD0, 0xBD0, 153},
	{0xBD7, 0xBD7, 153},
	{0xBE6, 0xBFA, 153},
	{0xC00, 0xC0C, 156},
	{0xC0E, 0xC10, 156},
	{0xC12, 0xC28, 156},
	{0xC2A, 0xC39, 156},
	{0xC3C, 0xC44, 156},
	{0xC46, 0xC48, 156},
	{0xC4A, 0xC4D, 156},
	{0xC55, 0xC56, 156},
	{0xC58, 0xC5A, 156},
	{0xC5C, 0xC5D, 156},
	{0xC60, 0xC63, 156},
	{0xC66, 0xC6F, 156},
	{0xC77, 0xC7F, 156},
	{0xC80, 0xC8C, 63},
	{0xC8E, 0xC90, 63},
	{0xC92, 0xCA8, 63},
	{0xCAA, 0xCB3, 63},
	{0xCB5, 0xCB9, 63},
	{0xCBC, 0xCC4, 63},
	{0xCC6, 0xCC8, 63},
	{0xCCA, 0xCCD, 63},
	{0xCD5, 0xCD6, 63},
	{0xCDC, 0xCDE, 63},
	{0xCE0, 0xCE3, 63},
	{0xCE6, 0xCEF, 63},
	{0xCF1, 0xCF3, 63},
	{0xD00, 0xD0C, 84},
	{0xD0E, 0xD10, 84},
	{0xD12, 0xD44, 84},
	{0xD46, 0xD48, 84},
	{0xD4A, 0xD4F, 84},
	{0xD54, 0xD63, 84},
	{0xD66, 0xD7F, 84},
	{0xD81, 0xD83, 138},
	{0xD85, 0xD96, 138},
	{0xD9A, 0xDB1, 138},
	{0xDB3, 0xDBB, 138},
	{0xDBD, 0xDBD, 138},
	{0xDC0, 0xDC6, 138},
	{0xDCA, 0xDCA, 138},
	{0xDCF, 0xDD4, 138},
	{0xDD6, 0xDD6, 138},
	{0xDD8, 0xDDF, 138},
	{0xDE6, 0xDEF, 138},
	{0xDF2, 0xDF4, 138},
	{0xE01, 0xE3A, 158},
	{0xE3F, 0xE3F, 25},
	{0xE40, 0xE5B, 158},
	{0xE81, 0xE82, 73},
	{0xE84, 0xE84, 73},
	{0xE86, 0xE8A, 73},
	{0xE8C, 0xEA3, 73},
	{0xEA5, 0xEA5, 73},
	{0xEA7, 0xEBD, 73},
	{0xEC0, 0xEC4, 73},
	{0xEC6, 0xEC6, 73},
	{0xEC8, 0xECE, 73},
	{0xED0, 0xED9, 73},
	{0xEDC, 0xEDF, 73},
	{0xF00, 0xF47, 159},
	{0xF49, 0xF6C, 159},
	{0xF71, 0xF97, 159},
	{0xF99, 0xFBC, 159},
	{0xFBE, 0xFCC, 159},
	{0xFCE, 0xFD4, 159},
	{0xFD5, 0xFD8, 25},
	{0xFD9, 0xFDA, 159},
	{0x1000, 0x109F, 99},
	{0x10A0, 0x10C5, 41},
	{0x10C7, 0x10C7, 41},
	{0x10CD, 0x10CD, 41},
	{0x10D0, 0x10FA, 41},
	{0x10FB, 0x10FB, 25},
	{0x10FC, 0x10FF, 41},
	{0x1100, 0x11FF, 51},
	{0x1200, 0x1248, 39},
	{0x124A, 0x124D, 39},
	{0x1250, 0x1256, 39},
	{0x1258, 0x1258, 39},
	{0x125A, 0x125D, 39},
	{0x1260, 0x1288, 39},
	{0x128A, 0x128D, 39},
	{0x1290, 0x12B0, 39},
	{0x12B2, 0x12B5, 39},
	{0x12B8, 0x12BE, 39},
	{0x12C0, 0x12C0, 39},
	{0x12C2, 0x12C5, 39},
	{0x12C8, 0x12D6, 39},
	{0x12D8, 0x1310, 39},
	{0x1312, 0x1315, 39},
	{0x1318, 0x135A, 39},
	{0x135D, 0x137C, 39},
	{0x1380, 0x1399, 39},
	{0x13A0, 0x13F5, 23},
	{0x13F8, 0x13FD, 23},
	{0x1400, 0x167F, 18},
	{0x1680, 0x169C, 108},
	{0x16A0, 0x16EA, 130},
	{0x16EB, 0x16ED, 25},
	{0x16EE, 0x16F8, 130},
	{0x1700, 0x1715, 146},
	{0x171F, 0x171F, 146},
	{0x1720, 0x1734, 53},
	{0x1735, 0x1736, 25},
	{0x1740, 0x1753, 17},
	{0x1760, 0x176C, 147},
	{0x176E, 0x1770, 147},
	{0x1772, 0x1773, 147},
	{0x1780, 0x17DD, 69},
	{0x17E0, 0x17E9, 69},
	{0x17F0, 0x17F9, 69},
	{0x1800, 0x1801, 96},
	{0x1802, 0x1803, 25},
	{0x1804, 0x1804, 96},
	{0x1805, 0x1805, 25},
	{0x1806, 0x1819, 96},
	{0x1820, 0x1878, 96},
	{0x1880, 0x18AA, 96},
	{0x18B0, 0x18F5, 18},
	{0x1900, 0x191E, 76},
	{0x1920, 0x192B, 76},
	{0x1930, 0x193B, 76},
	{0x1940, 0x1940, 76},
	{0x1944, 0x194F, 76},
	{0x1950, 0x196D, 148},
	{0x1970, 0x1974, 148},
	{0x1980, 0x19AB, 103},
	{0x19B0, 0x19C9, 103},
	{0x19D0, 0x19DA, 103},
	{0x19DE, 0x19DF, 103},
	{0x19E0, 0x19FF, 69},
	{0x1A00, 0x1A1B, 16},
	{0x1A1E, 0x1A1F, 16},
	{0x1A20, 0x1A5E, 149},
	{0x1A60, 0x1A7C, 149},
	{0x1A7F, 0x1A89, 149},
	{0x1A90, 0x1A99, 149},
	{0x1AA0, 0x1AAD, 149},
	{0x1AB0, 0x1ADD, 58},
	{0x1AE0, 0x1AEB, 58},
	{0x1B00, 0x1B4C, 6},
	{0x1B4E, 0x1B7F, 6},
	{0x1B80, 0x1BBF, 142},
	{0x1BC0, 0x1BF3, 9},
	{0x1BFC, 0x1BFF, 9},
	{0x1C00, 0x1C37, 75},
	{0x1C3B, 0x1C49, 75},
	{0x1C4D, 0x1C4F, 75},
	{0x1C50, 0x1C7F, 109},
	{0x1C80, 0x1C8A, 30},
	{0x1C90, 0x1CBA, 41},
	{0x1CBD, 0x1CBF, 41},
	{0x1CC0, 0x1CC7, 142},
	{0x1CD0, 0x1CD2, 58},
	{0x1CD3, 0x1CD3, 25},
	{0x1CD4, 0x1CE0, 58},
	{0x1CE1, 0x1CE1, 25},
	{0x1CE2, 0x1CE8, 58},
	{0x1CE9, 0x1CEC, 25},
	{0x1CED, 0x1CED, 58},
	{0x1CEE, 0x1CF3, 25},
	{0x1CF4, 0x1CF4, 58},
	{0x1CF5, 0x1CF7, 25},
	{0x1CF8, 0x1CF9, 58},
	{0x1CFA, 0x1CFA, 25},
	{0x1D00, 0x1D25, 74},
	{0x1D26, 0x1D2A, 45},
	{0x1D2B, 0x1D2B, 30},
	{0x1D2C, 0x1D5C, 74},
	{0x1D5D, 0x1D61, 45},
	{0x1D62, 0x1D65, 74},
	{0x1D66, 0x1D6A, 45},
	{0x1D6B, 0x1D77, 74},
	{0x1D78, 0x1D78, 30},
	{0x1D79, 0x1DBE, 74},
	{0x1DBF, 0x1DBF, 45},
	{0x1DC0, 0x1DFF, 58},
	{0x1E00, 0x1EFF, 74},
	{0x1F00, 0x1F15, 45},
	{0x1F18, 0x1F1D, 45},
	{0x1F20, 0x1F45, 45},
	{0x1F48, 0x1F4D, 45},
	{0x1F50, 0x1F57, 45},
	{0x1F59, 0x1F59, 45},
	{0x1F5B, 0x1F5B, 45},
	{0x1F5D, 0x1F5D, 45},
	{0x1F5F, 0x1F7D, 45},
	{0x1F80, 0x1FB4, 45},
	{0x1FB6, 0x1FC4, 45},
	{0x1FC6, 0x1FD3, 45},
	{0x1FD6, 0x1FDB, 45},
	{0x1FDD, 0x1FEF, 45},
	{0x1FF2, 0x1FF4, 45},
	{0x1FF6, 0x1FFE, 45},
	{0x2000, 0x200B, 25},
	{0x200C, 0x200D, 58},
	{0x200E, 0x2064, 25},
	{0x2066, 0x2070, 25},
	{0x2071, 0x2071, 74},
	{0x2074, 0x207E, 25},
	{0x207F, 0x207F, 74},
	{0x2080, 0x208E, 25},
	{0x2090, 0x209C, 74},
	{0x20A0, 0x20C1, 25},
	{0x20D0, 0x20F0, 58},
	{0x2100, 0x2125, 25},
	{0x2126, 0x2126, 45},
	{0x2127, 0x2129, 25},
	{0x212A, 0x212B, 74},
	{0x212C, 0x2131, 25},
	{0x2132, 0x2132, 74},
	{0x2133, 0x214D, 25},
	{0x214E, 0x214E, 74},
	{0x214F, 0x215F, 25},
	{0x2160, 0x2188, 74},
	{0x2189, 0x218B, 25},
	{0x2190, 0x2429, 25},
	{0x2440, 0x244A, 25},
	{0x2460, 0x27FF, 25},
	{0x2800, 0x28FF, 15},
	{0x2900, 0x2B73, 25},
	{0x2B76, 0x2BFF, 25},
	{0x2C00, 0x2C5F, 42},
	{0x2C60, 0x2C7F, 74},
	{0x2C80, 0x2CF3, 26},
	{0x2CF9, 0x2CFF, 26},
	{0x2D00, 0x2D25, 41},
	{0x2D27, 0x2D27, 41},
	{0x2D2D, 0x2D2D, 41},
	{0x2D30, 0x2D67, 160},
	{0x2D6F, 0x2D70, 160},
	{0x2D7F, 0x2D7F, 160},
	{0x2D80, 0x2D96, 39},
	{0x2DA0, 0x2DA6, 39},
	{0x2DA8, 0x2DAE, 39},
	{0x2DB0, 0x2DB6, 39},
	{0x2DB8, 0x2DBE, 39},
	{0x2DC0, 0x2DC6, 39},
	{0x2DC8, 0x2DCE, 39},
	{0x2DD0, 0x2DD6, 39},
	{0x2DD8, 0x2DDE, 39},
	{0x2DE0, 0x2DFF, 30},
	{0x2E00, 0x2E5D, 25},
	{0x2E80, 0x2E99, 50},
	{0x2E9B, 0x2EF3, 50},
	{0x2F00, 0x2FD5, 50},
	{0x2FF0, 0x3004, 25},
	{0x3005, 0x3005, 50},
	{0x3006, 0x3006, 25},
	{0x3007, 0x3007, 50},
	{0x3008, 0x3020, 25},
	{0x3021, 0x3029, 50},
	{0x302A, 0x302D, 58},
	{0x302E, 0x302F, 51},
	{0x3030, 0x3037, 25},
	{0x3038, 0x303B, 50},
	{0x303C, 0x303F, 25},
	{0x3041, 0x3096, 56},
	{0x3099, 0x309A, 58},
	{0x309B, 0x309C, 25},
	{0x309D, 0x309F, 56},
	{0x30A0, 0x30A0, 25},
	{0x30A1, 0x30FA, 64},
	{0x30FB, 0x30FC, 25},
	{0x30FD, 0x30FF, 64},
	{0x3105, 0x312F, 13},
	{0x3131, 0x318E, 51},
	{0x3190, 0x319F, 25},
	{0x31A0, 0x31BF, 13},
	{0x31C0, 0x31E5, 25},
	{0x31EF, 0x31EF, 25},
	{0x31F0, 0x31FF, 64},
	{0x3200, 0x321E, 51},
	{0x3220, 0x325F, 25},
	{0x3260, 0x327E, 51},
	{0x327F, 0x32CF, 25},
	{0x32D0, 0x32FE, 64},
	{0x32FF, 0x32FF, 25},
	{0x3300, 0x3357, 64},
	{0x3358, 0x33FF, 25},
	{0x3400, 0x4DBF, 50},
	{0x4DC0, 0x4DFF, 25},
	{0x4E00, 0x9FFF, 50},
	{0xA000, 0xA48C, 172},
	{0xA490, 0xA4C6, 172},
	{0xA4D0, 0xA4FF, 79},
	{0xA500, 0xA62B, 167},
	{0xA640, 0xA69F, 30},
	{0xA6A0, 0xA6F7, 7},
	{0xA700, 0xA721, 25},
	{0xA722, 0xA787, 74},
	{0xA788, 0xA78A, 25},
	{0xA78B, 0xA7DC, 74},
	{0xA7F1, 0xA7FF, 74},
	{0xA800, 0xA82C, 144},
	{0xA830, 0xA839, 25},
	{0xA840, 0xA877, 126},
	{0xA880, 0xA8C5, 132},
	{0xA8CE, 0xA8D9, 132},
	{0xA8E0, 0xA8FF, 32},
	{0xA900, 0xA92D, 66},
	{0xA92E, 0xA92E, 25},
	{0xA92F, 0xA92F, 66},
	{0xA930, 0xA953, 129},
	{0xA95F, 0xA95F, 129},
	{0xA960, 0xA97C, 51},
	{0xA980, 0xA9CD, 61},
	{0xA9CF, 0xA9CF, 25},
	{0xA9D0, 0xA9D9, 61},
	{0xA9DE, 0xA9DF, 61},
	{0xA9E0, 0xA9FE, 99},
	{0xAA00, 0xAA36, 22},
	{0xAA40, 0xAA4D, 22},
	{0xAA50, 0xAA59, 22},
	{0xAA5C, 0xAA5F, 22},
	{0xAA60, 0xAA7F, 99},
	{0xAA80, 0xAAC2, 150},
	{0xAADB, 0xAADF, 150},
	{0xAAE0, 0xAAF6, 90},
	{0xAB01, 0xAB06, 39},
	{0xAB09, 0xAB0E, 39},
	{0xAB11, 0xAB16, 39},
	{0xAB20, 0xAB26, 39},
	{0xAB28, 0xAB2E, 39},
	{0xAB30, 0xAB5A, 74},
	{0xAB5B, 0xAB5B, 25},
	{0xAB5C, 0xAB64, 74},
	{0xAB65, 0xAB65, 45},
	{0xAB66, 0xAB69, 74},
	{0xAB6A, 0xAB6B, 25},
	{0xAB70, 0xABBF, 23},
	{0xABC0, 0xABED, 90},
	{0xABF0, 0xABF9, 90},
	{0xAC00, 0xD7A3, 51},
	{0xD7B0, 0xD7C6, 51},
	{0xD7CB, 0xD7FB, 51},
	{0xF900, 0xFA6D, 50},
	{0xFA70, 0xFAD9, 50},
	{0xFB00, 0xFB06, 74},
	{0xFB13, 0xFB17, 4},
	{0xFB1D, 0xFB36, 55},
	{0xFB38, 0xFB3C, 55},
	{0xFB3E, 0xFB3E, 55},
	{0xFB40, 0xFB41, 55},
	{0xFB43, 0xFB44, 55},
	{0xFB46, 0xFB4F, 55},
	{0xFB50, 0xFD3D, 3},
	{0xFD3E, 0xFD3F, 25},
	{0xFD40, 0xFDCF, 3},
	{0xFDF0, 0xFDFF, 3},
	{0xFE00, 0xFE0F, 58},
	{0xFE10, 0xFE19, 25},
	{0xFE20, 0xFE2D, 58},
	{0xFE2E, 0xFE2F, 30},
	{0xFE30, 0xFE52, 25},
	{0xFE54, 0xFE66, 25},
	{0xFE68, 0xFE6B, 25},
	{0xFE70, 0xFE74, 3},
	{0xFE76, 0xFEFC, 3},
	{0xFEFF, 0xFEFF, 25},
	{0xFF01, 0xFF20, 25},
	{0xFF21, 0xFF3A, 74},
	{0xFF3B, 0xFF40, 25},
	{0xFF41, 0xFF5A, 74},
	{0xFF5B, 0xFF65, 25},
	{0xFF66, 0xFF6F, 64},
	{0xFF70, 0xFF70, 25},
	{0xFF71, 0xFF9D, 64},
	{0xFF9E, 0xFF9F, 25},
	{0xFFA0, 0xFFBE, 51},
	{0xFFC2, 0xFFC7, 51},
	{0xFFCA, 0xFFCF, 51},
	{0xFFD2, 0xFFD7, 51},
	{0xFFDA, 0xFFDC, 51},
	{0xFFE0, 0xFFE6, 25},
	{0xFFE8, 0xFFEE, 25},
	{0xFFF9, 0xFFFD, 25},
	{0x10000, 0x1000B, 78},
	{0x1000D, 0x10026, 78},
	{0x10028, 0x1003A, 78},
	{0x1003C, 0x1003D, 78},
	{0x1003F, 0x1004D, 78},
	{0x10050, 0x1005D, 78},
	{0x10080, 0x100FA, 78},
	{0x10100, 0x10102, 25},
	{0x10107, 0x10133, 25},
	{0x10137, 0x1013F, 25},
	{0x10140, 0x1018E, 45},
	{0x10190, 0x1019C, 25},
	{0x101A0, 0x101A0, 45},
	{0x101D0, 0x101FC, 25},
	{0x101FD, 0x101FD, 58},
	{0x10280, 0x1029C, 80},
	{0x102A0, 0x102D0, 19},
	{0x102E0, 0x102E0, 58},
	{0x102E1, 0x102FB, 25},
	{0x10300, 0x10323, 112},
	{0x1032D, 0x1032F, 112},
	{0x10330, 0x1034A, 43},
	{0x10350, 0x1037A, 114},
	{0x10380, 0x1039D, 166},
	{0x1039F, 0x1039F, 166},
	{0x103A0, 0x103C3, 115},
	{0x103C8, 0x103D5, 115},
	{0x10400, 0x1044F, 31},
	{0x10450, 0x1047F, 134},
	{0x10480, 0x1049D, 122},
	{0x104A0, 0x104A9, 122},
	{0x104B0, 0x104D3, 121},
	{0x104D8, 0x104FB, 121},
	{0x10500, 0x10527, 37},
	{0x10530, 0x10563, 20},
	{0x1056F, 0x1056F, 20},
	{0x10570, 0x1057A, 168},
	{0x1057C, 0x1058A, 168},
	{0x1058C, 0x10592, 168},
	{0x10594, 0x10595, 168},
	{0x10597, 0x105A1, 168},
	{0x105A3, 0x105B1, 168},
	{0x105B3, 0x105B9, 168},
	{0x105BB, 0x105BC, 168},
	{0x105C0, 0x105F3, 162},
	{0x10600, 0x10736, 77},
	{0x10740, 0x10755, 77},
	{0x10760, 0x10767, 77},
	{0x10780, 0x10785, 74},
	{0x10787, 0x107B0, 74},
	{0x107B2, 0x107BA, 74},
	{0x10800, 0x10805, 28},
	{0x10808, 0x10808, 28},
	{0x1080A, 0x10835, 28},
	{0x10837, 0x10838, 28},
	{0x1083C, 0x1083C, 28},
	{0x1083F, 0x1083F, 28},
	{0x10840, 0x10855, 57},
	{0x10857, 0x1085F, 57},
	{0x10860, 0x1087F, 124},
	{0x10880, 0x1089E, 100},
	{0x108A7, 0x108AF, 100},
	{0x108E0, 0x108F2, 54},
	{0x108F4, 0x108F5, 54},
	{0x108FB, 0x108FF, 54},
	{0x10900, 0x1091B, 127},
	{0x1091F, 0x1091F, 127},
	{0x10920, 0x10939, 81},
	{0x1093F, 0x1093F, 81},
	{0x10940, 0x10959, 136},
	{0x10980, 0x1099F, 93},
	{0x109A0, 0x109B7, 92},
	{0x109BC, 0x109CF, 92},
	{0x109D2, 0x109FF, 92},
	{0x10A00, 0x10A03, 67},
	{0x10A05, 0x10A06, 67},
	{0x10A0C, 0x10A13, 67},
	{0x10A15, 0x10A17, 67},
	{0x10A19, 0x10A35, 67},
	{0x10A38, 0x10A3A, 67},
	{0x10A3F, 0x10A48, 67},
	{0x10A50, 0x10A58, 67},
	{0x10A60, 0x10A7F, 117},
	{0x10A80, 0x10A9F, 113},
	{0x10AC0, 0x10AE6, 86},
	{0x10AEB, 0x10AF6, 86},
	{0x10B00, 0x10B35, 5},
	{0x10B39, 0x10B3F, 5},
	{0x10B40, 0x10B55, 60},
	{0x10B58, 0x10B5F, 60},
	{0x10B60, 0x10B72, 59},
	{0x10B78, 0x10B7F, 59},
	{0x10B80, 0x10B91, 128},
	{0x10B99, 0x10B9C, 128},
	{0x10BA9, 0x10BAF, 128},
	{0x10C00, 0x10C48, 118},
	{0x10C80, 0x10CB2, 111},
	{0x10CC0, 0x10CF2, 111},
	{0x10CFA, 0x10CFF, 111},
	{0x10D00, 0x10D27, 52},
	{0x10D30, 0x10D39, 52},
	{0x10D40, 0x10D65, 40},
	{0x10D69, 0x10D85, 40},
	{0x10D8E, 0x10D8F, 40},
	{0x10E60, 0x10E7E, 3},
	{0x10E80, 0x10EA9, 171},
	{0x10EAB, 0x10EAD, 171},
	{0x10EB0, 0x10EB1, 171},
	{0x10EC2, 0x10EC7, 3},
	{0x10ED0, 0x10ED8, 3},
	{0x10EFA, 0x10EFF, 3},
	{0x10F00, 0x10F27, 116},
	{0x10F30, 0x10F59, 139},
	{0x10F70, 0x10F89, 119},
	{0x10FB0, 0x10FCB, 24},
	{0x10FE0, 0x10FF6, 38},
	{0x11000, 0x1104D, 14},
	{0x11052, 0x11075, 14},
	{0x1107F, 0x1107F, 14},
	{0x11080, 0x110C2, 62},
	{0x110CD, 0x110CD, 62},
	{0x110D0, 0x110E8, 140},
	{0x110F0, 0x110F9, 140},
	{0x11100, 0x11134, 21},
	{0x11136, 0x11147, 21},
	{0x11150, 0x11176, 82},
	{0x11180, 0x111DF, 133},
	{0x111E1, 0x111F4, 138},
	{0x11200, 0x11211, 70},
	{0x11213, 0x11241, 70},
	{0x11280, 0x11286, 98},
	{0x11288, 0x11288, 98},
	{0x1128A, 0x1128D, 98},
	{0x1128F, 0x1129D, 98},
	{0x1129F, 0x112A9, 98},
	{0x112B0, 0x112EA, 71},
	{0x112F0, 0x112F9, 71},
	{0x11300, 0x11303, 44},
	{0x11305, 0x1130C, 44},
	{0x1130F, 0x11310, 44},
	{0x11313, 0x11328, 44},
	{0x1132A, 0x11330, 44},
	{0x11332, 0x11333, 44},
	{0x11335, 0x11339, 44},
	{0x1133B, 0x1133B, 58},
	{0x1133C, 0x11344, 44},
	{0x11347, 0x11348, 44},
	{0x1134B, 0x1134D, 44},
	{0x11350, 0x11350, 44},
	{0x11357, 0x11357, 44},
	{0x1135D, 0x11363, 44},
	{0x11366, 0x1136C, 44},
	{0x11370, 0x11374, 44},
	{0x11380, 0x11389, 165},
	{0x1138B, 0x1138B, 165},
	{0x1138E, 0x1138E, 165},
	{0x11390, 0x113B5, 165},
	{0x113B7, 0x113C0, 165},
	{0x113C2, 0x113C2, 165},
	{0x113C5, 0x113C5, 165},
	{0x113C7, 0x113CA, 165},
	{0x113CC, 0x113D5, 165},
	{0x113D7, 0x113D8, 165},
	{0x113E1, 0x113E2, 165},
	{0x11400, 0x1145B, 104},
	{0x1145D, 0x11461, 104},
	{0x11480, 0x114C7, 161},
	{0x114D0, 0x114D9, 161},
	{0x11580, 0x115B5, 135},
	{0x115B8, 0x115DD, 135},
	{0x11600, 0x11644, 95},
	{0x11650, 0x11659, 95},
	{0x11660, 0x1166C, 96},
	{0x11680, 0x116B9, 152},
	{0x116C0, 0x116C9, 152},
	{0x116D0, 0x116E3, 99},
	{0x11700, 0x1171A, 1},
	{0x1171D, 0x1172B, 1},
	{0x11730, 0x11746, 1},
	{0x11800, 0x1183B, 34},
	{0x118A0, 0x118F2, 170},
	{0x118FF, 0x118FF, 170},
	{0x11900, 0x11906, 33},
	{0x11909, 0x11909, 33},
	{0x1190C, 0x11913, 33},
	{0x11915, 0x11916, 33},
	{0x11918, 0x11935, 33},
	{0x11937, 0x11938, 33},
	{0x1193B, 0x11946, 33},
	{0x11950, 0x11959, 33},
	{0x119A0, 0x119A7, 102},
	{0x119AA, 0x119D7, 102},
	{0x119DA, 0x119E4, 102},
	{0x11A00, 0x11A47, 173},
	{0x11A50, 0x11AA2, 141},
	{0x11AB0, 0x11ABF, 18},
	{0x11AC0, 0x11AF8, 125},
	{0x11B00, 0x11B09, 32},
	{0x11B60, 0x11B67, 133},
	{0x11BC0, 0x11BE1, 143},
	{0x11BF0, 0x11BF9, 143},
	{0x11C00, 0x11C08, 12},
	{0x11C0A, 0x11C36, 12},
	{0x11C38, 0x11C45, 12},
	{0x11C50, 0x11C6C, 12},
	{0x11C70, 0x11C8F, 87},
	{0x11C92, 0x11CA7, 87},
	{0x11CA9, 0x11CB6, 87},
	{0x11D00, 0x11D06, 88},
	{0x11D08, 0x11D09, 88},
	{0x11D0B, 0x11D36, 88},
	{0x11D3A, 0x11D3A, 88},
	{0x11D3C, 0x11D3D, 88},
	{0x11D3F, 0x11D47, 88},
	{0x11D50, 0x11D59, 88},
	{0x11D60, 0x11D65, 47},
	{0x11D67, 0x11D68, 47},
	{0x11D6A, 0x11D8E, 47},
	{0x11D90, 0x11D91, 47},
	{0x11D93, 0x11D98, 47},
	{0x11DA0, 0x11DA9, 47},
	{0x11DB0, 0x11DDB, 163},
	{0x11DE0, 0x11DE9, 163},
	{0x11EE0, 0x11EF8, 83},
	{0x11F00, 0x11F10, 65},
	{0x11F12, 0x11F3A, 65},
	{0x11F3E, 0x11F5A, 65},
	{0x11FB0, 0x11FB0, 79},
	{0x11FC0, 0x11FF1, 153},
	{0x11FFF, 0x11FFF, 153},
	{0x12000, 0x12399, 27},
	{0x12400, 0x1246E, 27},
	{0x12470, 0x12474, 27},
	{0x12480, 0x12543, 27},
	{0x12F90, 0x12FF2, 29},
	{0x13000, 0x13455, 36},
	{0x13460, 0x143FA, 36},
	{0x14400, 0x14646, 2},
	{0x16100, 0x16139, 49},
	{0x16800, 0x16A38, 7},
	{0x16A40, 0x16A5E, 97},
	{0x16A60, 0x16A69, 97},
	{0x16A6E, 0x16A6F, 97},
	{0x16A70, 0x16ABE, 154},
	{0x16AC0, 0x16AC9, 154},
	{0x16AD0, 0x16AED, 8},
	{0x16AF0, 0x16AF5, 8},
	{0x16B00, 0x16B45, 123},
	{0x16B50, 0x16B59, 123},
	{0x16B5B, 0x16B61, 123},
	{0x16B63, 0x16B77, 123},
	{0x16B7D, 0x16B8F, 123},
	{0x16D40, 0x16D79, 72},
	{0x16E40, 0x16E9A, 89},
	{0x16EA0, 0x16EB8, 11},
	{0x16EBB, 0x16ED3, 11},
	{0x16F00, 0x16F4A, 94},
	{0x16F4F, 0x16F87, 94},
	{0x16F8F, 0x16F9F, 94},
	{0x16FE0, 0x16FE0, 155},
	{0x16FE1, 0x16FE1, 106},
	{0x16FE2, 0x16FE3, 50},
	{0x16FE4, 0x16FE4, 68},
	{0x16FF0, 0x16FF6, 50},
	{0x17000, 0x18AFF, 155},
	{0x18B00, 0x18CD5, 68},
	{0x18CFF, 0x18CFF, 68},
	{0x18D00, 0x18D1E, 155},
	{0x18D80, 0x18DF2, 155},
	{0x1AFF0, 0x1AFF3, 64},
	{0x1AFF5, 0x1AFFB, 64},
	{0x1AFFD, 0x1AFFE, 64},
	{0x1B000, 0x1B000, 64},
	{0x1B001, 0x1B11F, 56},
	{0x1B120, 0x1B122, 64},
	{0x1B132, 0x1B132, 56},
	{0x1B150, 0x1B152, 56},
	{0x1B155, 0x1B155, 64},
	{0x1B164, 0x1B167, 64},
	{0x1B170, 0x1B2FB, 106},
	{0x1BC00, 0x1BC6A, 35},
	{0x1BC70, 0x1BC7C, 35},
	{0x1BC80, 0x1BC88, 35},
	{0x1BC90, 0x1BC99, 35},
	{0x1BC9C, 0x1BC9F, 35},
	{0x1BCA0, 0x1BCA3, 25},
	{0x1CC00, 0x1CCFC, 25},
	{0x1CD00, 0x1CEB3, 25},
	{0x1CEBA, 0x1CED0, 25},
	{0x1CEE0, 0x1CEF0, 25},
	{0x1CF00, 0x1CF2D, 58},
	{0x1CF30, 0x1CF46, 58},
	{0x1CF50, 0x1CFC3, 25},
	{0x1D000, 0x1D0F5, 25},
	{0x1D100, 0x1D126, 25},
	{0x1D129, 0x1D166, 25},
	{0x1D167, 0x1D169, 58},
	{0x1D16A, 0x1D17A, 25},
	{0x1D17B, 0x1D182, 58},
	{0x1D183, 0x1D184, 25},
	{0x1D185, 0x1D18B, 58},
	{0x1D18C, 0x1D1A9, 25},
	{0x1D1AA, 0x1D1AD, 58},
	{0x1D1AE, 0x1D1EA, 25},
	{0x1D200, 0x1D245, 45},
	{0x1D2C0, 0x1D2D3, 25},
	{0x1D2E0, 0x1D2F3, 25},
	{0x1D300, 0x1D356, 25},
	{0x1D360, 0x1D378, 25},
	{0x1D400, 0x1D454, 25},
	{0x1D456, 0x1D49C, 25},
	{0x1D49E, 0x1D49F, 25},
	{0x1D4A2, 0x1D4A2, 25},
	{0x1D4A5, 0x1D4A6, 25},
	{0x1D4A9, 0x1D4AC, 25},
	{0x1D4AE, 0x1D4B9, 25},
	{0x1D4BB, 0x1D4BB, 25},
	{0x1D4BD, 0x1D4C3, 25},
	{0x1D4C5, 0x1D505, 25},
	{0x1D507, 0x1D50A, 25},
	{0x1D50D, 0x1D514, 25},
	{0x1D516, 0x1D51C, 25},
	{0x1D51E, 0x1D539, 25},
	{0x1D53B, 0x1D53E, 25},
	{0x1D540, 0x1D544, 25},
	{0x1D546, 0x1D546, 25},
	{0x1D54A, 0x1D550, 25},
	{0x1D552, 0x1D6A5, 25},
	{0x1D6A8, 0x1D7CB, 25},
	{0x1D7CE, 0x1D7FF, 25},
	{0x1D800, 0x1DA8B, 137},
	{0x1DA9B, 0x1DA9F, 137},
	{0x1DAA1, 0x1DAAF, 137},
	{0x1DF00, 0x1DF1E, 74},
	{0x1DF25, 0x1DF2A, 74},
	{0x1E000, 0x1E006, 42},
	{0x1E008, 0x1E018, 42},
	{0x1E01B, 0x1E021, 42},
	{0x1E023, 0x1E024, 42},
	{0x1E026, 0x1E02A, 42},
	{0x1E030, 0x1E06D, 30},
	{0x1E08F, 0x1E08F, 30},
	{0x1E100, 0x1E12C, 107},
	{0x1E130, 0x1E13D, 107},
	{0x1E140, 0x1E149, 107},
	{0x1E14E, 0x1E14F, 107},
	{0x1E290, 0x1E2AE, 164},
	{0x1E2C0, 0x1E2F9, 169},
	{0x1E2FF, 0x1E2FF, 169},
	{0x1E4D0, 0x1E4F9, 101},
	{0x1E5D0, 0x1E5FA, 110},
	{0x1E5FF, 0x1E5FF, 110},
	{0x1E6C0, 0x1E6DE, 151},
	{0x1E6E0, 0x1E6F5, 151},
	{0x1E6FE, 0x1E6FF, 151},
	{0x1E7E0, 0x1E7E6, 39},
	{0x1E7E8, 0x1E7EB, 39},
	{0x1E7ED, 0x1E7EE, 39},
	{0x1E7F0, 0x1E7FE, 39},
	{0x1E800, 0x1E8C4, 91},
	{0x1E8C7, 0x1E8D6, 91},
	{0x1E900, 0x1E94B, 0},
	{0x1E950, 0x1E959, 0},
	{0x1E95E, 0x1E95F, 0},
	{0x1EC71, 0x1ECB4, 25},
	{0x1ED01, 0x1ED3D, 25},
	{0x1EE00, 0x1EE03, 3},
	{0x1EE05, 0x1EE1F, 3},
	{0x1EE21, 0x1EE22, 3},
	{0x1EE24, 0x1EE24, 3},
	{0x1EE27, 0x1EE27, 3},
	{0x1EE29, 0x1EE32, 3},
	{0x1EE34, 0x1EE37, 3},
	{0x1EE39, 0x1EE39, 3},
	{0x1EE3B, 0x1EE3B, 3},
	{0x1EE42, 0x1EE42, 3},
	{0x1EE47, 0x1EE47, 3},
	{0x1EE49, 0x1EE49, 3},
	{0x1EE4B, 0x1EE4B, 3},
	{0x1EE4D, 0x1EE4F, 3},
	{0x1EE51, 0x1EE52, 3},
	{0x1EE54, 0x1EE54, 3},
	{0x1EE57, 0x1EE57, 3},
	{0x1EE59, 0x1EE59, 3},
	{0x1EE5B, 0x1EE5B, 3},
	{0x1EE5D, 0x1EE5D, 3},
	{0x1EE5F, 0x1EE5F, 3},
	{0x1EE61, 0x1EE62, 3},
	{0x1EE64, 0x1EE64, 3},
	{0x1EE67, 0x1EE6A, 3},
	{0x1EE6C, 0x1EE72, 3},
	{0x1EE74, 0x1EE77, 3},
	{0x1EE79, 0x1EE7C, 3},
	{0x1EE7E, 0x1EE7E, 3},
	{0x1EE80, 0x1EE89, 3},
	{0x1EE8B, 0x1EE9B, 3},
	{0x1EEA1, 0x1EEA3, 3},
	{0x1EEA5, 0x1EEA9, 3},
	{0x1EEAB, 0x1EEBB, 3},
	{0x1EEF0, 0x1EEF1, 3},
	{0x1F000, 0x1F02B, 25},
	{0x1F030, 0x1F093, 25},
	{0x1F0A0, 0x1F0AE, 25},
	{0x1F0B1, 0x1F0BF, 25},
	{0x1F0C1, 0x1F0CF, 25},
	{0x1F0D1, 0x1F0F5, 25},
	{0x1F100, 0x1F1AD, 25},
	{0x1F1E6, 0x1F1FF, 25},
	{0x1F200, 0x1F200, 56},
	{0x1F201, 0x1F202, 25},
	{0x1F210, 0x1F23B, 25},
	{0x1F240, 0x1F248, 25},
	{0x1F250, 0x1F251, 25},
	{0x1F260, 0x1F265, 25},
	{0x1F300, 0x1F6D8, 25},
	{0x1F6DC, 0x1F6EC, 25},
	{0x1F6F0, 0x1F6FC, 25},
	{0x1F700, 0x1F7D9, 25},
	{0x1F7E0, 0x1F7EB, 25},
	{0x1F7F0, 0x1F7F0, 25},
	{0x1F800, 0x1F80B, 25},
	{0x1F810, 0x1F847, 25},
	{0x1F850, 0x1F859, 25},
	{0x1F860, 0x1F887, 25},
	{0x1F890, 0x1F8AD, 25},
	{0x1F8B0, 0x1F8BB, 25},
	{0x1F8C0, 0x1F8C1, 25},
	{0x1F8D0, 0x1F8D8, 25},
	{0x1F900, 0x1FA57, 25},
	{0x1FA60, 0x1FA6D, 25},
	{0x1FA70, 0x1FA7C, 25},
	{0x1FA80, 0x1FA8A, 25},
	{0x1FA8E, 0x1FAC6, 25},
	{0x1FAC8, 0x1FAC8, 25},
	{0x1FACD, 0x1FADC, 25},
	{0x1FADF, 0x1FAEA, 25},
	{0x1FAEF, 0x1FAF8, 25},
	{0x1FB00, 0x1FB92, 25},
	{0x1FB94, 0x1FBFA, 25},
	{0x20000, 0x2A6DF, 50},
	{0x2A700, 0x2B81D, 50},
	{0x2B820, 0x2CEAD, 50},
	{0x2CEB0, 0x2EBE0, 50},
	{0x2EBF0, 0x2EE5D, 50},
	{0x2F800, 0x2FA1D, 50},
	{0x30000, 0x3134A, 50},
	{0x31350, 0x33479, 50},
	{0xE0001, 0xE0001, 25},
	{0xE0020, 0xE007F, 25},
	{0xE0100, 0xE01EF, 58},
};
/**
 * @brief Количество диапазонов таблицы: SCRIPTS
 *
 */
const size_t awh::regex::SCRIPTS_COUNT = 984;
/**
 * @brief Таблица диапазонов кодовых значений: EXTENSIONS
 *
 */
const awh::regex::interval_t awh::regex::EXTENSIONS[] = {
	{0xB7, 0xB7, 0},
	{0x2BC, 0x2BC, 1},
	{0x2C7, 0x2C7, 2},
	{0x2C9, 0x2CB, 2},
	{0x2CD, 0x2CD, 3},
	{0x2D7, 0x2D7, 4},
	{0x2D9, 0x2D9, 2},
	{0x300, 0x300, 5},
	{0x301, 0x301, 6},
	{0x302, 0x302, 7},
	{0x303, 0x303, 8},
	{0x304, 0x304, 9},
	{0x305, 0x305, 10},
	{0x306, 0x306, 11},
	{0x307, 0x307, 12},
	{0x308, 0x308, 13},
	{0x309, 0x309, 14},
	{0x30A, 0x30A, 15},
	{0x30B, 0x30B, 16},
	{0x30C, 0x30C, 17},
	{0x30D, 0x30D, 18},
	{0x30E, 0x30E, 19},
	{0x310, 0x310, 18},
	{0x311, 0x311, 20},
	{0x313, 0x313, 21},
	{0x323, 0x323, 22},
	{0x324, 0x324, 23},
	{0x325, 0x325, 24},
	{0x32D, 0x32D, 25},
	{0x32E, 0x32E, 24},
	{0x330, 0x330, 26},
	{0x331, 0x331, 27},
	{0x342, 0x342, 28},
	{0x345, 0x345, 28},
	{0x358, 0x358, 29},
	{0x35E, 0x35E, 30},
	{0x363, 0x36F, 31},
	{0x374, 0x375, 32},
	{0x483, 0x483, 33},
	{0x484, 0x484, 34},
	{0x485, 0x486, 35},
	{0x487, 0x487, 34},
	{0x589, 0x589, 36},
	{0x60C, 0x60C, 37},
	{0x61B, 0x61B, 37},
	{0x61C, 0x61C, 38},
	{0x61F, 0x61F, 39},
	{0x640, 0x640, 40},
	{0x64B, 0x655, 41},
	{0x660, 0x669, 42},
	{0x670, 0x670, 41},
	{0x6D4, 0x6D4, 43},
	{0x951, 0x951, 44},
	{0x952, 0x952, 45},
	{0x964, 0x964, 46},
	{0x965, 0x965, 47},
	{0x966, 0x96F, 48},
	{0x9E6, 0x9EF, 49},
	{0xA66, 0xA6F, 50},
	{0xAE6, 0xAEF, 51},
	{0xBE6, 0xBF3, 52},
	{0xCE6, 0xCEF, 53},
	{0x1040, 0x1049, 54},
	{0x10FB, 0x10FB, 55},
	{0x16EB, 0x16ED, 56},
	{0x1735, 0x1736, 57},
	{0x1802, 0x1803, 58},
	{0x1805, 0x1805, 58},
	{0x1CD0, 0x1CD0, 59},
	{0x1CD1, 0x1CD1, 60},
	{0x1CD2, 0x1CD2, 59},
	{0x1CD3, 0x1CD3, 61},
	{0x1CD4, 0x1CD4, 60},
	{0x1CD5, 0x1CD5, 62},
	{0x1CD6, 0x1CD6, 63},
	{0x1CD7, 0x1CD7, 64},
	{0x1CD8, 0x1CD8, 65},
	{0x1CD9, 0x1CD9, 66},
	{0x1CDA, 0x1CDA, 67},
	{0x1CDB, 0x1CDB, 60},
	{0x1CDC, 0x1CDD, 66},
	{0x1CDE, 0x1CDF, 60},
	{0x1CE0, 0x1CE0, 66},
	{0x1CE1, 0x1CE1, 68},
	{0x1CE2, 0x1CE2, 69},
	{0x1CE3, 0x1CE8, 60},
	{0x1CE9, 0x1CE9, 70},
	{0x1CEA, 0x1CEA, 71},
	{0x1CEB, 0x1CEB, 72},
	{0x1CEC, 0x1CEC, 60},
	{0x1CED, 0x1CED, 73},
	{0x1CEE, 0x1CF1, 60},
	{0x1CF2, 0x1CF2, 74},
	{0x1CF3, 0x1CF3, 75},
	{0x1CF4, 0x1CF4, 76},
	{0x1CF5, 0x1CF6, 68},
	{0x1CF7, 0x1CF7, 77},
	{0x1CF8, 0x1CF9, 75},
	{0x1CFA, 0x1CFA, 78},
	{0x1DC0, 0x1DC1, 28},
	{0x1DF8, 0x1DF8, 79},
	{0x1DFA, 0x1DFA, 80},
	{0x202F, 0x202F, 81},
	{0x204F, 0x204F, 82},
	{0x205A, 0x205A, 83},
	{0x205D, 0x205D, 84},
	{0x20F0, 0x20F0, 85},
	{0x2E17, 0x2E17, 86},
	{0x2E30, 0x2E30, 87},
	{0x2E31, 0x2E31, 88},
	{0x2E3C, 0x2E3C, 89},
	{0x2E41, 0x2E41, 90},
	{0x2E43, 0x2E43, 34},
	{0x2FF0, 0x2FFF, 91},
	{0x3001, 0x3001, 92},
	{0x3002, 0x3002, 93},
	{0x3003, 0x3003, 94},
	{0x3006, 0x3006, 95},
	{0x3008, 0x3009, 96},
	{0x300A, 0x300B, 97},
	{0x300C, 0x3011, 98},
	{0x3013, 0x3013, 94},
	{0x3014, 0x301B, 98},
	{0x301C, 0x301F, 94},
	{0x302A, 0x302D, 99},
	{0x3030, 0x3030, 94},
	{0x3031, 0x3035, 100},
	{0x3037, 0x3037, 94},
	{0x303C, 0x303D, 101},
	{0x303E, 0x303F, 95},
	{0x3099, 0x309C, 100},
	{0x30A0, 0x30A0, 100},
	{0x30FB, 0x30FB, 98},
	{0x30FC, 0x30FC, 100},
	{0x3190, 0x319F, 95},
	{0x31C0, 0x31E5, 95},
	{0x31EF, 0x31EF, 91},
	{0x3220, 0x3247, 95},
	{0x3280, 0x32B0, 95},
	{0x32C0, 0x32CB, 95},
	{0x32FF, 0x32FF, 95},
	{0x3358, 0x3370, 95},
	{0x337B, 0x337F, 95},
	{0x33E0, 0x33FE, 95},
	{0xA66F, 0xA66F, 34},
	{0xA700, 0xA707, 102},
	{0xA830, 0xA832, 103},
	{0xA833, 0xA835, 104},
	{0xA836, 0xA837, 105},
	{0xA838, 0xA838, 106},
	{0xA839, 0xA839, 105},
	{0xA8F1, 0xA8F1, 107},
	{0xA8F3, 0xA8F3, 108},
	{0xA92E, 0xA92E, 109},
	{0xA9CF, 0xA9CF, 110},
	{0xFD3E, 0xFD3F, 111},
	{0xFDF2, 0xFDF2, 112},
	{0xFDFD, 0xFDFD, 112},
	{0xFE45, 0xFE46, 94},
	{0xFF61, 0xFF65, 98},
	{0xFF70, 0xFF70, 100},
	{0xFF9E, 0xFF9F, 100},
	{0x10100, 0x10101, 113},
	{0x10102, 0x10102, 114},
	{0x10107, 0x10133, 115},
	{0x10137, 0x1013F, 114},
	{0x102E0, 0x102FB, 116},
	{0x10AF2, 0x10AF2, 117},
	{0x11301, 0x11301, 52},
	{0x11303, 0x11303, 52},
	{0x1133B, 0x1133C, 52},
	{0x11FD0, 0x11FD1, 52},
	{0x11FD3, 0x11FD3, 52},
	{0x1BCA0, 0x1BCA3, 89},
	{0x1D360, 0x1D371, 95},
	{0x1F250, 0x1F251, 95},
};
/**
 * @brief Количество диапазонов таблицы: EXTENSIONS
 *
 */
const size_t awh::regex::EXTENSIONS_COUNT = 176;
/**
 * @brief Таблица диапазонов кодовых значений: BIDIRECTIONAL
 *
 */
const awh::regex::interval_t awh::regex::BIDIRECTIONAL[] = {
	{0x0, 0x8, 3},
	{0x9, 0x9, 21},
	{0xA, 0xA, 2},
	{0xB, 0xB, 21},
	{0xC, 0xC, 22},
	{0xD, 0xD, 2},
	{0xE, 0x1B, 3},
	{0x1C, 0x1E, 2},
	{0x1F, 0x1F, 21},
	{0x20, 0x20, 22},
	{0x21, 0x22, 14},
	{0x23, 0x25, 7},
	{0x26, 0x2A, 14},
	{0x2B, 0x2B, 6},
	{0x2C, 0x2C, 4},
	{0x2D, 0x2D, 6},
	{0x2E, 0x2F, 4},
	{0x30, 0x39, 5},
	{0x3A, 0x3A, 4},
	{0x3B, 0x40, 14},
	{0x41, 0x5A, 9},
	{0x5B, 0x60, 14},
	{0x61, 0x7A, 9},
	{0x7B, 0x7E, 14},
	{0x7F, 0x84, 3},
	{0x85, 0x85, 2},
	{0x86, 0x9F, 3},
	{0xA0, 0xA0, 4},
	{0xA1, 0xA1, 14},
	{0xA2, 0xA5, 7},
	{0xA6, 0xA9, 14},
	{0xAA, 0xAA, 9},
	{0xAB, 0xAC, 14},
	{0xAD, 0xAD, 3},
	{0xAE, 0xAF, 14},
	{0xB0, 0xB1, 7},
	{0xB2, 0xB3, 5},
	{0xB4, 0xB4, 14},
	{0xB5, 0xB5, 9},
	{0xB6, 0xB8, 14},
	{0xB9, 0xB9, 5},
	{0xBA, 0xBA, 9},
	{0xBB, 0xBF, 14},
	{0xC0, 0xD6, 9},
	{0xD7, 0xD7, 14},
	{0xD8, 0xF6, 9},
	{0xF7, 0xF7, 14},
	{0xF8, 0x2B8, 9},
	{0x2B9, 0x2BA, 14},
	{0x2BB, 0x2C1, 9},
	{0x2C2, 0x2CF, 14},
	{0x2D0, 0x2D1, 9},
	{0x2D2, 0x2DF, 14},
	{0x2E0, 0x2E4, 9},
	{0x2E5, 0x2ED, 14},
	{0x2EE, 0x2EE, 9},
	{0x2EF, 0x2FF, 14},
	{0x300, 0x36F, 13},
	{0x370, 0x373, 9},
	{0x374, 0x375, 14},
	{0x376, 0x37D, 9},
	{0x37E, 0x37E, 14},
	{0x37F, 0x383, 9},
	{0x384, 0x385, 14},
	{0x386, 0x386, 9},
	{0x387, 0x387, 14},
	{0x388, 0x3F5, 9},
	{0x3F6, 0x3F6, 14},
	{0x3F7, 0x482, 9},
	{0x483, 0x489, 13},
	{0x48A, 0x589, 9},
	{0x58A, 0x58A, 14},
	{0x58B, 0x58C, 9},
	{0x58D, 0x58E, 14},
	{0x58F, 0x58F, 7},
	{0x590, 0x590, 17},
	{0x591, 0x5BD, 13},
	{0x5BE, 0x5BE, 17},
	{0x5BF, 0x5BF, 13},
	{0x5C0, 0x5C0, 17},
	{0x5C1, 0x5C2, 13},
	{0x5C3, 0x5C3, 17},
	{0x5C4, 0x5C5, 13},
	{0x5C6, 0x5C6, 17},
	{0x5C7, 0x5C7, 13},
	{0x5C8, 0x5FF, 17},
	{0x600, 0x605, 1},
	{0x606, 0x607, 14},
	{0x608, 0x608, 0},
	{0x609, 0x60A, 7},
	{0x60B, 0x60B, 0},
	{0x60C, 0x60C, 4},
	{0x60D, 0x60D, 0},
	{0x60E, 0x60F, 14},
	{0x610, 0x61A, 13},
	{0x61B, 0x64A, 0},
	{0x64B, 0x65F, 13},
	{0x660, 0x669, 1},
	{0x66A, 0x66A, 7},
	{0x66B, 0x66C, 1},
	{0x66D, 0x66F, 0},
	{0x670, 0x670, 13},
	{0x671, 0x6D5, 0},
	{0x6D6, 0x6DC, 13},
	{0x6DD, 0x6DD, 1},
	{0x6DE, 0x6DE, 14},
	{0x6DF, 0x6E4, 13},
	{0x6E5, 0x6E6, 0},
	{0x6E7, 0x6E8, 13},
	{0x6E9, 0x6E9, 14},
	{0x6EA, 0x6ED, 13},
	{0x6EE, 0x6EF, 0},
	{0x6F0, 0x6F9, 5},
	{0x6FA, 0x710, 0},
	{0x711, 0x711, 13},
	{0x712, 0x72F, 0},
	{0x730, 0x74A, 13},
	{0x74B, 0x7A5, 0},
	{0x7A6, 0x7B0, 13},
	{0x7B1, 0x7BF, 0},
	{0x7C0, 0x7EA, 17},
	{0x7EB, 0x7F3, 13},
	{0x7F4, 0x7F5, 17},
	{0x7F6, 0x7F9, 14},
	{0x7FA, 0x7FC, 17},
	{0x7FD, 0x7FD, 13},
	{0x7FE, 0x815, 17},
	{0x816, 0x819, 13},
	{0x81A, 0x81A, 17},
	{0x81B, 0x823, 13},
	{0x824, 0x824, 17},
	{0x825, 0x827, 13},
	{0x828, 0x828, 17},
	{0x829, 0x82D, 13},
	{0x82E, 0x858, 17},
	{0x859, 0x85B, 13},
	{0x85C, 0x85F, 17},
	{0x860, 0x88F, 0},
	{0x890, 0x891, 1},
	{0x892, 0x896, 0},
	{0x897, 0x89F, 13},
	{0x8A0, 0x8C9, 0},
	{0x8CA, 0x8E1, 13},
	{0x8E2, 0x8E2, 1},
	{0x8E3, 0x902, 13},
	{0x903, 0x939, 9},
	{0x93A, 0x93A, 13},
	{0x93B, 0x93B, 9},
	{0x93C, 0x93C, 13},
	{0x93D, 0x940, 9},
	{0x941, 0x948, 13},
	{0x949, 0x94C, 9},
	{0x94D, 0x94D, 13},
	{0x94E, 0x950, 9},
	{0x951, 0x957, 13},
	{0x958, 0x961, 9},
	{0x962, 0x963, 13},
	{0x964, 0x980, 9},
	{0x981, 0x981, 13},
	{0x982, 0x9BB, 9},
	{0x9BC, 0x9BC, 13},
	{0x9BD, 0x9C0, 9},
	{0x9C1, 0x9C4, 13},
	{0x9C5, 0x9CC, 9},
	{0x9CD, 0x9CD, 13},
	{0x9CE, 0x9E1, 9},
	{0x9E2, 0x9E3, 13},
	{0x9E4, 0x9F1, 9},
	{0x9F2, 0x9F3, 7},
	{0x9F4, 0x9FA, 9},
	{0x9FB, 0x9FB, 7},
	{0x9FC, 0x9FD, 9},
	{0x9FE, 0x9FE, 13},
	{0x9FF, 0xA00, 9},
	{0xA01, 0xA02, 13},
	{0xA03, 0xA3B, 9},
	{0xA3C, 0xA3C, 13},
	{0xA3D, 0xA40, 9},
	{0xA41, 0xA42, 13},
	{0xA43, 0xA46, 9},
	{0xA47, 0xA48, 13},
	{0xA49, 0xA4A, 9},
	{0xA4B, 0xA4D, 13},
	{0xA4E, 0xA50, 9},
	{0xA51, 0xA51, 13},
	{0xA52, 0xA6F, 9},
	{0xA70, 0xA71, 13},
	{0xA72, 0xA74, 9},
	{0xA75, 0xA75, 13},
	{0xA76, 0xA80, 9},
	{0xA81, 0xA82, 13},
	{0xA83, 0xABB, 9},
	{0xABC, 0xABC, 13},
	{0xABD, 0xAC0, 9},
	{0xAC1, 0xAC5, 13},
	{0xAC6, 0xAC6, 9},
	{0xAC7, 0xAC8, 13},
	{0xAC9, 0xACC, 9},
	{0xACD, 0xACD, 13},
	{0xACE, 0xAE1, 9},
	{0xAE2, 0xAE3, 13},
	{0xAE4, 0xAF0, 9},
	{0xAF1, 0xAF1, 7},
	{0xAF2, 0xAF9, 9},
	{0xAFA, 0xAFF, 13},
	{0xB00, 0xB00, 9},
	{0xB01, 0xB01, 13},
	{0xB02, 0xB3B, 9},
	{0xB3C, 0xB3C, 13},
	{0xB3D, 0xB3E, 9},
	{0xB3F, 0xB3F, 13},
	{0xB40, 0xB40, 9},
	{0xB41, 0xB44, 13},
	{0xB45, 0xB4C, 9},
	{0xB4D, 0xB4D, 13},
	{0xB4E, 0xB54, 9},
	{0xB55, 0xB56, 13},
	{0xB57, 0xB61, 9},
	{0xB62, 0xB63, 13},
	{0xB64, 0xB81, 9},
	{0xB82, 0xB82, 13},
	{0xB83, 0xBBF, 9},
	{0xBC0, 0xBC0, 13},
	{0xBC1, 0xBCC, 9},
	{0xBCD, 0xBCD, 13},
	{0xBCE, 0xBF2, 9},
	{0xBF3, 0xBF8, 14},
	{0xBF9, 0xBF9, 7},
	{0xBFA, 0xBFA, 14},
	{0xBFB, 0xBFF, 9},
	{0xC00, 0xC00, 13},
	{0xC01, 0xC03, 9},
	{0xC04, 0xC04, 13},
	{0xC05, 0xC3B, 9},
	{0xC3C, 0xC3C, 13},
	{0xC3D, 0xC3D, 9},
	{0xC3E, 0xC40, 13},
	{0xC41, 0xC45, 9},
	{0xC46, 0xC48, 13},
	{0xC49, 0xC49, 9},
	{0xC4A, 0xC4D, 13},
	{0xC4E, 0xC54, 9},
	{0xC55, 0xC56, 13},
	{0xC57, 0xC61, 9},
	{0xC62, 0xC63, 13},
	{0xC64, 0xC77, 9},
	{0xC78, 0xC7E, 14},
	{0xC7F, 0xC80, 9},
	{0xC81, 0xC81, 13},
	{0xC82, 0xCBB, 9},
	{0xCBC, 0xCBC, 13},
	{0xCBD, 0xCCB, 9},
	{0xCCC, 0xCCD, 13},
	{0xCCE, 0xCE1, 9},
	{0xCE2, 0xCE3, 13},
	{0xCE4, 0xCFF, 9},
	{0xD00, 0xD01, 13},
	{0xD02, 0xD3A, 9},
	{0xD3B, 0xD3C, 13},
	{0xD3D, 0xD40, 9},
	{0xD41, 0xD44, 13},
	{0xD45, 0xD4C, 9},
	{0xD4D, 0xD4D, 13},
	{0xD4E, 0xD61, 9},
	{0xD62, 0xD63, 13},
	{0xD64, 0xD80, 9},
	{0xD81, 0xD81, 13},
	{0xD82, 0xDC9, 9},
	{0xDCA, 0xDCA, 13},
	{0xDCB, 0xDD1, 9},
	{0xDD2, 0xDD4, 13},
	{0xDD5, 0xDD5, 9},
	{0xDD6, 0xDD6, 13},
	{0xDD7, 0xE30, 9},
	{0xE31, 0xE31, 13},
	{0xE32, 0xE33, 9},
	{0xE34, 0xE3A, 13},
	{0xE3B, 0xE3E, 9},
	{0xE3F, 0xE3F, 7},
	{0xE40, 0xE46, 9},
	{0xE47, 0xE4E, 13},
	{0xE4F, 0xEB0, 9},
	{0xEB1, 0xEB1, 13},
	{0xEB2, 0xEB3, 9},
	{0xEB4, 0xEBC, 13},
	{0xEBD, 0xEC7, 9},
	{0xEC8, 0xECE, 13},
	{0xECF, 0xF17, 9},
	{0xF18, 0xF19, 13},
	{0xF1A, 0xF34, 9},
	{0xF35, 0xF35, 13},
	{0xF36, 0xF36, 9},
	{0xF37, 0xF37, 13},
	{0xF38, 0xF38, 9},
	{0xF39, 0xF39, 13},
	{0xF3A, 0xF3D, 14},
	{0xF3E, 0xF70, 9},
	{0xF71, 0xF7E, 13},
	{0xF7F, 0xF7F, 9},
	{0xF80, 0xF84, 13},
	{0xF85, 0xF85, 9},
	{0xF86, 0xF87, 13},
	{0xF88, 0xF8C, 9},
	{0xF8D, 0xF97, 13},
	{0xF98, 0xF98, 9},
	{0xF99, 0xFBC, 13},
	{0xFBD, 0xFC5, 9},
	{0xFC6, 0xFC6, 13},
	{0xFC7, 0x102C, 9},
	{0x102D, 0x1030, 13},
	{0x1031, 0x1031, 9},
	{0x1032, 0x1037, 13},
	{0x1038, 0x1038, 9},
	{0x1039, 0x103A, 13},
	{0x103B, 0x103C, 9},
	{0x103D, 0x103E, 13},
	{0x103F, 0x1057, 9},
	{0x1058, 0x1059, 13},
	{0x105A, 0x105D, 9},
	{0x105E, 0x1060, 13},
	{0x1061, 0x1070, 9},
	{0x1071, 0x1074, 13},
	{0x1075, 0x1081, 9},
	{0x1082, 0x1082, 13},
	{0x1083, 0x1084, 9},
	{0x1085, 0x1086, 13},
	{0x1087, 0x108C, 9},
	{0x108D, 0x108D, 13},
	{0x108E, 0x109C, 9},
	{0x109D, 0x109D, 13},
	{0x109E, 0x135C, 9},
	{0x135D, 0x135F, 13},
	{0x1360, 0x138F, 9},
	{0x1390, 0x1399, 14},
	{0x139A, 0x13FF, 9},
	{0x1400, 0x1400, 14},
	{0x1401, 0x167F, 9},
	{0x1680, 0x1680, 22},
	{0x1681, 0x169A, 9},
	{0x169B, 0x169C, 14},
	{0x169D, 0x1711, 9},
	{0x1712, 0x1714, 13},
	{0x1715, 0x1731, 9},
	{0x1732, 0x1733, 13},
	{0x1734, 0x1751, 9},
	{0x1752, 0x1753, 13},
	{0x1754, 0x1771, 9},
	{0x1772, 0x1773, 13},
	{0x1774, 0x17B3, 9},
	{0x17B4, 0x17B5, 13},
	{0x17B6, 0x17B6, 9},
	{0x17B7, 0x17BD, 13},
	{0x17BE, 0x17C5, 9},
	{0x17C6, 0x17C6, 13},
	{0x17C7, 0x17C8, 9},
	{0x17C9, 0x17D3, 13},
	{0x17D4, 0x17DA, 9},
	{0x17DB, 0x17DB, 7},
	{0x17DC, 0x17DC, 9},
	{0x17DD, 0x17DD, 13},
	{0x17DE, 0x17EF, 9},
	{0x17F0, 0x17F9, 14},
	{0x17FA, 0x17FF, 9},
	{0x1800, 0x180A, 14},
	{0x180B, 0x180D, 13},
	{0x180E, 0x180E, 3},
	{0x180F, 0x180F, 13},
	{0x1810, 0x1884, 9},
	{0x1885, 0x1886, 13},
	{0x1887, 0x18A8, 9},
	{0x18A9, 0x18A9, 13},
	{0x18AA, 0x191F, 9},
	{0x1920, 0x1922, 13},
	{0x1923, 0x1926, 9},
	{0x1927, 0x1928, 13},
	{0x1929, 0x1931, 9},
	{0x1932, 0x1932, 13},
	{0x1933, 0x1938, 9},
	{0x1939, 0x193B, 13},
	{0x193C, 0x193F, 9},
	{0x1940, 0x1940, 14},
	{0x1941, 0x1943, 9},
	{0x1944, 0x1945, 14},
	{0x1946, 0x19DD, 9},
	{0x19DE, 0x19FF, 14},
	{0x1A00, 0x1A16, 9},
	{0x1A17, 0x1A18, 13},
	{0x1A19, 0x1A1A, 9},
	{0x1A1B, 0x1A1B, 13},
	{0x1A1C, 0x1A55, 9},
	{0x1A56, 0x1A56, 13},
	{0x1A57, 0x1A57, 9},
	{0x1A58, 0x1A5E, 13},
	{0x1A5F, 0x1A5F, 9},
	{0x1A60, 0x1A60, 13},
	{0x1A61, 0x1A61, 9},
	{0x1A62, 0x1A62, 13},
	{0x1A63, 0x1A64, 9},
	{0x1A65, 0x1A6C, 13},
	{0x1A6D, 0x1A72, 9},
	{0x1A73, 0x1A7C, 13},
	{0x1A7D, 0x1A7E, 9},
	{0x1A7F, 0x1A7F, 13},
	{0x1A80, 0x1AAF, 9},
	{0x1AB0, 0x1ADD, 13},
	{0x1ADE, 0x1ADF, 9},
	{0x1AE0, 0x1AEB, 13},
	{0x1AEC, 0x1AFF, 9},
	{0x1B00, 0x1B03, 13},
	{0x1B04, 0x1B33, 9},
	{0x1B34, 0x1B34, 13},
	{0x1B35, 0x1B35, 9},
	{0x1B36, 0x1B3A, 13},
	{0x1B3B, 0x1B3B, 9},
	{0x1B3C, 0x1B3C, 13},
	{0x1B3D, 0x1B41, 9},
	{0x1B42, 0x1B42, 13},
	{0x1B43, 0x1B6A, 9},
	{0x1B6B, 0x1B73, 13},
	{0x1B74, 0x1B7F, 9},
	{0x1B80, 0x1B81, 13},
	{0x1B82, 0x1BA1, 9},
	{0x1BA2, 0x1BA5, 13},
	{0x1BA6, 0x1BA7, 9},
	{0x1BA8, 0x1BA9, 13},
	{0x1BAA, 0x1BAA, 9},
	{0x1BAB, 0x1BAD, 13},
	{0x1BAE, 0x1BE5, 9},
	{0x1BE6, 0x1BE6, 13},
	{0x1BE7, 0x1BE7, 9},
	{0x1BE8, 0x1BE9, 13},
	{0x1BEA, 0x1BEC, 9},
	{0x1BED, 0x1BED, 13},
	{0x1BEE, 0x1BEE, 9},
	{0x1BEF, 0x1BF1, 13},
	{0x1BF2, 0x1C2B, 9},
	{0x1C2C, 0x1C33, 13},
	{0x1C34, 0x1C35, 9},
	{0x1C36, 0x1C37, 13},
	{0x1C38, 0x1CCF, 9},
	{0x1CD0, 0x1CD2, 13},
	{0x1CD3, 0x1CD3, 9},
	{0x1CD4, 0x1CE0, 13},
	{0x1CE1, 0x1CE1, 9},
	{0x1CE2, 0x1CE8, 13},
	{0x1CE9, 0x1CEC, 9},
	{0x1CED, 0x1CED, 13},
	{0x1CEE, 0x1CF3, 9},
	{0x1CF4, 0x1CF4, 13},
	{0x1CF5, 0x1CF7, 9},
	{0x1CF8, 0x1CF9, 13},
	{0x1CFA, 0x1DBF, 9},
	{0x1DC0, 0x1DFF, 13},
	{0x1E00, 0x1FBC, 9},
	{0x1FBD, 0x1FBD, 14},
	{0x1FBE, 0x1FBE, 9},
	{0x1FBF, 0x1FC1, 14},
	{0x1FC2, 0x1FCC, 9},
	{0x1FCD, 0x1FCF, 14},
	{0x1FD0, 0x1FDC, 9},
	{0x1FDD, 0x1FDF, 14},
	{0x1FE0, 0x1FEC, 9},
	{0x1FED, 0x1FEF, 14},
	{0x1FF0, 0x1FFC, 9},
	{0x1FFD, 0x1FFE, 14},
	{0x1FFF, 0x1FFF, 9},
	{0x2000, 0x200A, 22},
	{0x200B, 0x200D, 3},
	{0x200E, 0x200E, 9},
	{0x200F, 0x200F, 17},
	{0x2010, 0x2027, 14},
	{0x2028, 0x2028, 22},
	{0x2029, 0x2029, 2},
	{0x202A, 0x202A, 10},
	{0x202B, 0x202B, 18},
	{0x202C, 0x202C, 15},
	{0x202D, 0x202D, 12},
	{0x202E, 0x202E, 20},
	{0x202F, 0x202F, 4},
	{0x2030, 0x2034, 7},
	{0x2035, 0x2043, 14},
	{0x2044, 0x2044, 4},
	{0x2045, 0x205E, 14},
	{0x205F, 0x205F, 22},
	{0x2060, 0x2065, 3},
	{0x2066, 0x2066, 11},
	{0x2067, 0x2067, 19},
	{0x2068, 0x2068, 8},
	{0x2069, 0x2069, 16},
	{0x206A, 0x206F, 3},
	{0x2070, 0x2070, 5},
	{0x2071, 0x2073, 9},
	{0x2074, 0x2079, 5},
	{0x207A, 0x207B, 6},
	{0x207C, 0x207E, 14},
	{0x207F, 0x207F, 9},
	{0x2080, 0x2089, 5},
	{0x208A, 0x208B, 6},
	{0x208C, 0x208E, 14},
	{0x208F, 0x209F, 9},
	{0x20A0, 0x20CF, 7},
	{0x20D0, 0x20F0, 13},
	{0x20F1, 0x20FF, 9},
	{0x2100, 0x2101, 14},
	{0x2102, 0x2102, 9},
	{0x2103, 0x2106, 14},
	{0x2107, 0x2107, 9},
	{0x2108, 0x2109, 14},
	{0x210A, 0x2113, 9},
	{0x2114, 0x2114, 14},
	{0x2115, 0x2115, 9},
	{0x2116, 0x2118, 14},
	{0x2119, 0x211D, 9},
	{0x211E, 0x2123, 14},
	{0x2124, 0x2124, 9},
	{0x2125, 0x2125, 14},
	{0x2126, 0x2126, 9},
	{0x2127, 0x2127, 14},
	{0x2128, 0x2128, 9},
	{0x2129, 0x2129, 14},
	{0x212A, 0x212D, 9},
	{0x212E, 0x212E, 7},
	{0x212F, 0x2139, 9},
	{0x213A, 0x213B, 14},
	{0x213C, 0x213F, 9},
	{0x2140, 0x2144, 14},
	{0x2145, 0x2149, 9},
	{0x214A, 0x214D, 14},
	{0x214E, 0x214F, 9},
	{0x2150, 0x215F, 14},
	{0x2160, 0x2188, 9},
	{0x2189, 0x218B, 14},
	{0x218C, 0x218F, 9},
	{0x2190, 0x2211, 14},
	{0x2212, 0x2212, 6},
	{0x2213, 0x2213, 7},
	{0x2214, 0x2335, 14},
	{0x2336, 0x237A, 9},
	{0x237B, 0x2394, 14},
	{0x2395, 0x2395, 9},
	{0x2396, 0x2429, 14},
	{0x242A, 0x243F, 9},
	{0x2440, 0x244A, 14},
	{0x244B, 0x245F, 9},
	{0x2460, 0x2487, 14},
	{0x2488, 0x249B, 5},
	{0x249C, 0x24E9, 9},
	{0x24EA, 0x26AB, 14},
	{0x26AC, 0x26AC, 9},
	{0x26AD, 0x27FF, 14},
	{0x2800, 0x28FF, 9},
	{0x2900, 0x2B73, 14},
	{0x2B74, 0x2B75, 9},
	{0x2B76, 0x2BFF, 14},
	{0x2C00, 0x2CE4, 9},
	{0x2CE5, 0x2CEA, 14},
	{0x2CEB, 0x2CEE, 9},
	{0x2CEF, 0x2CF1, 13},
	{0x2CF2, 0x2CF8, 9},
	{0x2CF9, 0x2CFF, 14},
	{0x2D00, 0x2D7E, 9},
	{0x2D7F, 0x2D7F, 13},
	{0x2D80, 0x2DDF, 9},
	{0x2DE0, 0x2DFF, 13},
	{0x2E00, 0x2E5D, 14},
	{0x2E5E, 0x2E7F, 9},
	{0x2E80, 0x2E99, 14},
	{0x2E9A, 0x2E9A, 9},
	{0x2E9B, 0x2EF3, 14},
	{0x2EF4, 0x2EFF, 9},
	{0x2F00, 0x2FD5, 14},
	{0x2FD6, 0x2FEF, 9},
	{0x2FF0, 0x2FFF, 14},
	{0x3000, 0x3000, 22},
	{0x3001, 0x3004, 14},
	{0x3005, 0x3007, 9},
	{0x3008, 0x3020, 14},
	{0x3021, 0x3029, 9},
	{0x302A, 0x302D, 13},
	{0x302E, 0x302F, 9},
	{0x3030, 0x3030, 14},
	{0x3031, 0x3035, 9},
	{0x3036, 0x3037, 14},
	{0x3038, 0x303C, 9},
	{0x303D, 0x303F, 14},
	{0x3040, 0x3098, 9},
	{0x3099, 0x309A, 13},
	{0x309B, 0x309C, 14},
	{0x309D, 0x309F, 9},
	{0x30A0, 0x30A0, 14},
	{0x30A1, 0x30FA, 9},
	{0x30FB, 0x30FB, 14},
	{0x30FC, 0x31BF, 9},
	{0x31C0, 0x31E5, 14},
	{0x31E6, 0x31EE, 9},
	{0x31EF, 0x31EF, 14},
	{0x31F0, 0x321C, 9},
	{0x321D, 0x321E, 14},
	{0x321F, 0x324F, 9},
	{0x3250, 0x325F, 14},
	{0x3260, 0x327B, 9},
	{0x327C, 0x327E, 14},
	{0x327F, 0x32B0, 9},
	{0x32B1, 0x32BF, 14},
	{0x32C0, 0x32CB, 9},
	{0x32CC, 0x32CF, 14},
	{0x32D0, 0x3376, 9},
	{0x3377, 0x337A, 14},
	{0x337B, 0x33DD, 9},
	{0x33DE, 0x33DF, 14},
	{0x33E0, 0x33FE, 9},
	{0x33FF, 0x33FF, 14},
	{0x3400, 0x4DBF, 9},
	{0x4DC0, 0x4DFF, 14},
	{0x4E00, 0xA48F, 9},
	{0xA490, 0xA4C6, 14},
	{0xA4C7, 0xA60C, 9},
	{0xA60D, 0xA60F, 14},
	{0xA610, 0xA66E, 9},
	{0xA66F, 0xA672, 13},
	{0xA673, 0xA673, 14},
	{0xA674, 0xA67D, 13},
	{0xA67E, 0xA67F, 14},
	{0xA680, 0xA69D, 9},
	{0xA69E, 0xA69F, 13},
	{0xA6A0, 0xA6EF, 9},
	{0xA6F0, 0xA6F1, 13},
	{0xA6F2, 0xA6FF, 9},
	{0xA700, 0xA721, 14},
	{0xA722, 0xA787, 9},
	{0xA788, 0xA788, 14},
	{0xA789, 0xA801, 9},
	{0xA802, 0xA802, 13},
	{0xA803, 0xA805, 9},
	{0xA806, 0xA806, 13},
	{0xA807, 0xA80A, 9},
	{0xA80B, 0xA80B, 13},
	{0xA80C, 0xA824, 9},
	{0xA825, 0xA826, 13},
	{0xA827, 0xA827, 9},
	{0xA828, 0xA82B, 14},
	{0xA82C, 0xA82C, 13},
	{0xA82D, 0xA837, 9},
	{0xA838, 0xA839, 7},
	{0xA83A, 0xA873, 9},
	{0xA874, 0xA877, 14},
	{0xA878, 0xA8C3, 9},
	{0xA8C4, 0xA8C5, 13},
	{0xA8C6, 0xA8DF, 9},
	{0xA8E0, 0xA8F1, 13},
	{0xA8F2, 0xA8FE, 9},
	{0xA8FF, 0xA8FF, 13},
	{0xA900, 0xA925, 9},
	{0xA926, 0xA92D, 13},
	{0xA92E, 0xA946, 9},
	{0xA947, 0xA951, 13},
	{0xA952, 0xA97F, 9},
	{0xA980, 0xA982, 13},
	{0xA983, 0xA9B2, 9},
	{0xA9B3, 0xA9B3, 13},
	{0xA9B4, 0xA9B5, 9},
	{0xA9B6, 0xA9B9, 13},
	{0xA9BA, 0xA9BB, 9},
	{0xA9BC, 0xA9BD, 13},
	{0xA9BE, 0xA9E4, 9},
	{0xA9E5, 0xA9E5, 13},
	{0xA9E6, 0xAA28, 9},
	{0xAA29, 0xAA2E, 13},
	{0xAA2F, 0xAA30, 9},
	{0xAA31, 0xAA32, 13},
	{0xAA33, 0xAA34, 9},
	{0xAA35, 0xAA36, 13},
	{0xAA37, 0xAA42, 9},
	{0xAA43, 0xAA43, 13},
	{0xAA44, 0xAA4B, 9},
	{0xAA4C, 0xAA4C, 13},
	{0xAA4D, 0xAA7B, 9},
	{0xAA7C, 0xAA7C, 13},
	{0xAA7D, 0xAAAF, 9},
	{0xAAB0, 0xAAB0, 13},
	{0xAAB1, 0xAAB1, 9},
	{0xAAB2, 0xAAB4, 13},
	{0xAAB5, 0xAAB6, 9},
	{0xAAB7, 0xAAB8, 13},
	{0xAAB9, 0xAABD, 9},
	{0xAABE, 0xAABF, 13},
	{0xAAC0, 0xAAC0, 9},
	{0xAAC1, 0xAAC1, 13},
	{0xAAC2, 0xAAEB, 9},
	{0xAAEC, 0xAAED, 13},
	{0xAAEE, 0xAAF5, 9},
	{0xAAF6, 0xAAF6, 13},
	{0xAAF7, 0xAB69, 9},
	{0xAB6A, 0xAB6B, 14},
	{0xAB6C, 0xABE4, 9},
	{0xABE5, 0xABE5, 13},
	{0xABE6, 0xABE7, 9},
	{0xABE8, 0xABE8, 13},
	{0xABE9, 0xABEC, 9},
	{0xABED, 0xABED, 13},
	{0xABEE, 0xFB1C, 9},
	{0xFB1D, 0xFB1D, 17},
	{0xFB1E, 0xFB1E, 13},
	{0xFB1F, 0xFB28, 17},
	{0xFB29, 0xFB29, 6},
	{0xFB2A, 0xFB4F, 17},
	{0xFB50, 0xFBC2, 0},
	{0xFBC3, 0xFBD2, 14},
	{0xFBD3, 0xFD3D, 0},
	{0xFD3E, 0xFD4F, 14},
	{0xFD50, 0xFD8F, 0},
	{0xFD90, 0xFD91, 14},
	{0xFD92, 0xFDC7, 0},
	{0xFDC8, 0xFDCF, 14},
	{0xFDD0, 0xFDEF, 3},
	{0xFDF0, 0xFDFC, 0},
	{0xFDFD, 0xFDFF, 14},
	{0xFE00, 0xFE0F, 13},
	{0xFE10, 0xFE19, 14},
	{0xFE1A, 0xFE1F, 9},
	{0xFE20, 0xFE2F, 13},
	{0xFE30, 0xFE4F, 14},
	{0xFE50, 0xFE50, 4},
	{0xFE51, 0xFE51, 14},
	{0xFE52, 0xFE52, 4},
	{0xFE53, 0xFE53, 9},
	{0xFE54, 0xFE54, 14},
	{0xFE55, 0xFE55, 4},
	{0xFE56, 0xFE5E, 14},
	{0xFE5F, 0xFE5F, 7},
	{0xFE60, 0xFE61, 14},
	{0xFE62, 0xFE63, 6},
	{0xFE64, 0xFE66, 14},
	{0xFE67, 0xFE67, 9},
	{0xFE68, 0xFE68, 14},
	{0xFE69, 0xFE6A, 7},
	{0xFE6B, 0xFE6B, 14},
	{0xFE6C, 0xFE6F, 9},
	{0xFE70, 0xFEFE, 0},
	{0xFEFF, 0xFEFF, 3},
	{0xFF00, 0xFF00, 9},
	{0xFF01, 0xFF02, 14},
	{0xFF03, 0xFF05, 7},
	{0xFF06, 0xFF0A, 14},
	{0xFF0B, 0xFF0B, 6},
	{0xFF0C, 0xFF0C, 4},
	{0xFF0D, 0xFF0D, 6},
	{0xFF0E, 0xFF0F, 4},
	{0xFF10, 0xFF19, 5},
	{0xFF1A, 0xFF1A, 4},
	{0xFF1B, 0xFF20, 14},
	{0xFF21, 0xFF3A, 9},
	{0xFF3B, 0xFF40, 14},
	{0xFF41, 0xFF5A, 9},
	{0xFF5B, 0xFF65, 14},
	{0xFF66, 0xFFDF, 9},
	{0xFFE0, 0xFFE1, 7},
	{0xFFE2, 0xFFE4, 14},
	{0xFFE5, 0xFFE6, 7},
	{0xFFE7, 0xFFE7, 9},
	{0xFFE8, 0xFFEE, 14},
	{0xFFEF, 0xFFEF, 9},
	{0xFFF0, 0xFFF8, 3},
	{0xFFF9, 0xFFFD, 14},
	{0xFFFE, 0xFFFF, 3},
	{0x10000, 0x10100, 9},
	{0x10101, 0x10101, 14},
	{0x10102, 0x1013F, 9},
	{0x10140, 0x1018C, 14},
	{0x1018D, 0x1018F, 9},
	{0x10190, 0x1019C, 14},
	{0x1019D, 0x1019F, 9},
	{0x101A0, 0x101A0, 14},
	{0x101A1, 0x101FC, 9},
	{0x101FD, 0x101FD, 13},
	{0x101FE, 0x102DF, 9},
	{0x102E0, 0x102E0, 13},
	{0x102E1, 0x102FB, 5},
	{0x102FC, 0x10375, 9},
	{0x10376, 0x1037A, 13},
	{0x1037B, 0x107FF, 9},
	{0x10800, 0x1091E, 17},
	{0x1091F, 0x1091F, 14},
	{0x10920, 0x10A00, 17},
	{0x10A01, 0x10A03, 13},
	{0x10A04, 0x10A04, 17},
	{0x10A05, 0x10A06, 13},
	{0x10A07, 0x10A0B, 17},
	{0x10A0C, 0x10A0F, 13},
	{0x10A10, 0x10A37, 17},
	{0x10A38, 0x10A3A, 13},
	{0x10A3B, 0x10A3E, 17},
	{0x10A3F, 0x10A3F, 13},
	{0x10A40, 0x10AE4, 17},
	{0x10AE5, 0x10AE6, 13},
	{0x10AE7, 0x10B38, 17},
	{0x10B39, 0x10B3F, 14},
	{0x10B40, 0x10CFF, 17},
	{0x10D00, 0x10D23, 0},
	{0x10D24, 0x10D27, 13},
	{0x10D28, 0x10D2F, 0},
	{0x10D30, 0x10D39, 1},
	{0x10D3A, 0x10D3F, 0},
	{0x10D40, 0x10D49, 1},
	{0x10D4A, 0x10D68, 17},
	{0x10D69, 0x10D6D, 13},
	{0x10D6E, 0x10D6E, 14},
	{0x10D6F, 0x10E5F, 17},
	{0x10E60, 0x10E7E, 1},
	{0x10E7F, 0x10EAA, 17},
	{0x10EAB, 0x10EAC, 13},
	{0x10EAD, 0x10EBF, 17},
	{0x10EC0, 0x10ECF, 0},
	{0x10ED0, 0x10ED8, 14},
	{0x10ED9, 0x10EF9, 0},
	{0x10EFA, 0x10EFF, 13},
	{0x10F00, 0x10F2F, 17},
	{0x10F30, 0x10F45, 0},
	{0x10F46, 0x10F50, 13},
	{0x10F51, 0x10F6F, 0},
	{0x10F70, 0x10F81, 17},
	{0x10F82, 0x10F85, 13},
	{0x10F86, 0x10FFF, 17},
	{0x11000, 0x11000, 9},
	{0x11001, 0x11001, 13},
	{0x11002, 0x11037, 9},
	{0x11038, 0x11046, 13},
	{0x11047, 0x11051, 9},
	{0x11052, 0x11065, 14},
	{0x11066, 0x1106F, 9},
	{0x11070, 0x11070, 13},
	{0x11071, 0x11072, 9},
	{0x11073, 0x11074, 13},
	{0x11075, 0x1107E, 9},
	{0x1107F, 0x11081, 13},
	{0x11082, 0x110B2, 9},
	{0x110B3, 0x110B6, 13},
	{0x110B7, 0x110B8, 9},
	{0x110B9, 0x110BA, 13},
	{0x110BB, 0x110C1, 9},
	{0x110C2, 0x110C2, 13},
	{0x110C3, 0x110FF, 9},
	{0x11100, 0x11102, 13},
	{0x11103, 0x11126, 9},
	{0x11127, 0x1112B, 13},
	{0x1112C, 0x1112C, 9},
	{0x1112D, 0x11134, 13},
	{0x11135, 0x11172, 9},
	{0x11173, 0x11173, 13},
	{0x11174, 0x1117F, 9},
	{0x11180, 0x11181, 13},
	{0x11182, 0x111B5, 9},
	{0x111B6, 0x111BE, 13},
	{0x111BF, 0x111C8, 9},
	{0x111C9, 0x111CC, 13},
	{0x111CD, 0x111CE, 9},
	{0x111CF, 0x111CF, 13},
	{0x111D0, 0x1122E, 9},
	{0x1122F, 0x11231, 13},
	{0x11232, 0x11233, 9},
	{0x11234, 0x11234, 13},
	{0x11235, 0x11235, 9},
	{0x11236, 0x11237, 13},
	{0x11238, 0x1123D, 9},
	{0x1123E, 0x1123E, 13},
	{0x1123F, 0x11240, 9},
	{0x11241, 0x11241, 13},
	{0x11242, 0x112DE, 9},
	{0x112DF, 0x112DF, 13},
	{0x112E0, 0x112E2, 9},
	{0x112E3, 0x112EA, 13},
	{0x112EB, 0x112FF, 9},
	{0x11300, 0x11301, 13},
	{0x11302, 0x1133A, 9},
	{0x1133B, 0x1133C, 13},
	{0x1133D, 0x1133F, 9},
	{0x11340, 0x11340, 13},
	{0x11341, 0x11365, 9},
	{0x11366, 0x1136C, 13},
	{0x1136D, 0x1136F, 9},
	{0x11370, 0x11374, 13},
	{0x11375, 0x113BA, 9},
	{0x113BB, 0x113C0, 13},
	{0x113C1, 0x113CD, 9},
	{0x113CE, 0x113CE, 13},
	{0x113CF, 0x113CF, 9},
	{0x113D0, 0x113D0, 13},
	{0x113D1, 0x113D1, 9},
	{0x113D2, 0x113D2, 13},
	{0x113D3, 0x113E0, 9},
	{0x113E1, 0x113E2, 13},
	{0x113E3, 0x11437, 9},
	{0x11438, 0x1143F, 13},
	{0x11440, 0x11441, 9},
	{0x11442, 0x11444, 13},
	{0x11445, 0x11445, 9},
	{0x11446, 0x11446, 13},
	{0x11447, 0x1145D, 9},
	{0x1145E, 0x1145E, 13},
	{0x1145F, 0x114B2, 9},
	{0x114B3, 0x114B8, 13},
	{0x114B9, 0x114B9, 9},
	{0x114BA, 0x114BA, 13},
	{0x114BB, 0x114BE, 9},
	{0x114BF, 0x114C0, 13},
	{0x114C1, 0x114C1, 9},
	{0x114C2, 0x114C3, 13},
	{0x114C4, 0x115B1, 9},
	{0x115B2, 0x115B5, 13},
	{0x115B6, 0x115BB, 9},
	{0x115BC, 0x115BD, 13},
	{0x115BE, 0x115BE, 9},
	{0x115BF, 0x115C0, 13},
	{0x115C1, 0x115DB, 9},
	{0x115DC, 0x115DD, 13},
	{0x115DE, 0x11632, 9},
	{0x11633, 0x1163A, 13},
	{0x1163B, 0x1163C, 9},
	{0x1163D, 0x1163D, 13},
	{0x1163E, 0x1163E, 9},
	{0x1163F, 0x11640, 13},
	{0x11641, 0x1165F, 9},
	{0x11660, 0x1166C, 14},
	{0x1166D, 0x116AA, 9},
	{0x116AB, 0x116AB, 13},
	{0x116AC, 0x116AC, 9},
	{0x116AD, 0x116AD, 13},
	{0x116AE, 0x116AF, 9},
	{0x116B0, 0x116B5, 13},
	{0x116B6, 0x116B6, 9},
	{0x116B7, 0x116B7, 13},
	{0x116B8, 0x1171C, 9},
	{0x1171D, 0x1171D, 13},
	{0x1171E, 0x1171E, 9},
	{0x1171F, 0x1171F, 13},
	{0x11720, 0x11721, 9},
	{0x11722, 0x11725, 13},
	{0x11726, 0x11726, 9},
	{0x11727, 0x1172B, 13},
	{0x1172C, 0x1182E, 9},
	{0x1182F, 0x11837, 13},
	{0x11838, 0x11838, 9},
	{0x11839, 0x1183A, 13},
	{0x1183B, 0x1193A, 9},
	{0x1193B, 0x1193C, 13},
	{0x1193D, 0x1193D, 9},
	{0x1193E, 0x1193E, 13},
	{0x1193F, 0x11942, 9},
	{0x11943, 0x11943, 13},
	{0x11944, 0x119D3, 9},
	{0x119D4, 0x119D7, 13},
	{0x119D8, 0x119D9, 9},
	{0x119DA, 0x119DB, 13},
	{0x119DC, 0x119DF, 9},
	{0x119E0, 0x119E0, 13},
	{0x119E1, 0x11A00, 9},
	{0x11A01, 0x11A06, 13},
	{0x11A07, 0x11A08, 9},
	{0x11A09, 0x11A0A, 13},
	{0x11A0B, 0x11A32, 9},
	{0x11A33, 0x11A38, 13},
	{0x11A39, 0x11A3A, 9},
	{0x11A3B, 0x11A3E, 13},
	{0x11A3F, 0x11A46, 9},
	{0x11A47, 0x11A47, 13},
	{0x11A48, 0x11A50, 9},
	{0x11A51, 0x11A56, 13},
	{0x11A57, 0x11A58, 9},
	{0x11A59, 0x11A5B, 13},
	{0x11A5C, 0x11A89, 9},
	{0x11A8A, 0x11A96, 13},
	{0x11A97, 0x11A97, 9},
	{0x11A98, 0x11A99, 13},
	{0x11A9A, 0x11B5F, 9},
	{0x11B60, 0x11B60, 13},
	{0x11B61, 0x11B61, 9},
	{0x11B62, 0x11B64, 13},
	{0x11B65, 0x11B65, 9},
	{0x11B66, 0x11B66, 13},
	{0x11B67, 0x11C2F, 9},
	{0x11C30, 0x11C36, 13},
	{0x11C37, 0x11C37, 9},
	{0x11C38, 0x11C3D, 13},
	{0x11C3E, 0x11C91, 9},
	{0x11C92, 0x11CA7, 13},
	{0x11CA8, 0x11CA9, 9},
	{0x11CAA, 0x11CB0, 13},
	{0x11CB1, 0x11CB1, 9},
	{0x11CB2, 0x11CB3, 13},
	{0x11CB4, 0x11CB4, 9},
	{0x11CB5, 0x11CB6, 13},
	{0x11CB7, 0x11D30, 9},
	{0x11D31, 0x11D36, 13},
	{0x11D37, 0x11D39, 9},
	{0x11D3A, 0x11D3A, 13},
	{0x11D3B, 0x11D3B, 9},
	{0x11D3C, 0x11D3D, 13},
	{0x11D3E, 0x11D3E, 9},
	{0x11D3F, 0x11D45, 13},
	{0x11D46, 0x11D46, 9},
	{0x11D47, 0x11D47, 13},
	{0x11D48, 0x11D8F, 9},
	{0x11D90, 0x11D91, 13},
	{0x11D92, 0x11D94, 9},
	{0x11D95, 0x11D95, 13},
	{0x11D96, 0x11D96, 9},
	{0x11D97, 0x11D97, 13},
	{0x11D98, 0x11EF2, 9},
	{0x11EF3, 0x11EF4, 13},
	{0x11EF5, 0x11EFF, 9},
	{0x11F00, 0x11F01, 13},
	{0x11F02, 0x11F35, 9},
	{0x11F36, 0x11F3A, 13},
	{0x11F3B, 0x11F3F, 9},
	{0x11F40, 0x11F40, 13},
	{0x11F41, 0x11F41, 9},
	{0x11F42, 0x11F42, 13},
	{0x11F43, 0x11F59, 9},
	{0x11F5A, 0x11F5A, 13},
	{0x11F5B, 0x11FD4, 9},
	{0x11FD5, 0x11FDC, 14},
	{0x11FDD, 0x11FE0, 7},
	{0x11FE1, 0x11FF1, 14},
	{0x11FF2, 0x1343F, 9},
	{0x13440, 0x13440, 13},
	{0x13441, 0x13446, 9},
	{0x13447, 0x13455, 13},
	{0x13456, 0x1611D, 9},
	{0x1611E, 0x16129, 13},
	{0x1612A, 0x1612C, 9},
	{0x1612D, 0x1612F, 13},
	{0x16130, 0x16AEF, 9},
	{0x16AF0, 0x16AF4, 13},
	{0x16AF5, 0x16B2F, 9},
	{0x16B30, 0x16B36, 13},
	{0x16B37, 0x16F4E, 9},
	{0x16F4F, 0x16F4F, 13},
	{0x16F50, 0x16F8E, 9},
	{0x16F8F, 0x16F92, 13},
	{0x16F93, 0x16FE1, 9},
	{0x16FE2, 0x16FE2, 14},
	{0x16FE3, 0x16FE3, 9},
	{0x16FE4, 0x16FE4, 13},
	{0x16FE5, 0x1BC9C, 9},
	{0x1BC9D, 0x1BC9E, 13},
	{0x1BC9F, 0x1BC9F, 9},
	{0x1BCA0, 0x1BCA3, 3},
	{0x1BCA4, 0x1CBFF, 9},
	{0x1CC00, 0x1CCD5, 14},
	{0x1CCD6, 0x1CCEF, 9},
	{0x1CCF0, 0x1CCF9, 5},
	{0x1CCFA, 0x1CCFC, 14},
	{0x1CCFD, 0x1CCFF, 9},
	{0x1CD00, 0x1CEB3, 14},
	{0x1CEB4, 0x1CEB9, 9},
	{0x1CEBA, 0x1CED0, 14},
	{0x1CED1, 0x1CEDF, 9},
	{0x1CEE0, 0x1CEF0, 14},
	{0x1CEF1, 0x1CEFF, 9},
	{0x1CF00, 0x1CF2D, 13},
	{0x1CF2E, 0x1CF2F, 9},
	{0x1CF30, 0x1CF46, 13},
	{0x1CF47, 0x1D166, 9},
	{0x1D167, 0x1D169, 13},
	{0x1D16A, 0x1D172, 9},
	{0x1D173, 0x1D17A, 3},
	{0x1D17B, 0x1D182, 13},
	{0x1D183, 0x1D184, 9},
	{0x1D185, 0x1D18B, 13},
	{0x1D18C, 0x1D1A9, 9},
	{0x1D1AA, 0x1D1AD, 13},
	{0x1D1AE, 0x1D1E8, 9},
	{0x1D1E9, 0x1D1EA, 14},
	{0x1D1EB, 0x1D1FF, 9},
	{0x1D200, 0x1D241, 14},
	{0x1D242, 0x1D244, 13},
	{0x1D245, 0x1D245, 14},
	{0x1D246, 0x1D2FF, 9},
	{0x1D300, 0x1D356, 14},
	{0x1D357, 0x1D6C0, 9},
	{0x1D6C1, 0x1D6C1, 14},
	{0x1D6C2, 0x1D6DA, 9},
	{0x1D6DB, 0x1D6DB, 14},
	{0x1D6DC, 0x1D6FA, 9},
	{0x1D6FB, 0x1D6FB, 14},
	{0x1D6FC, 0x1D714, 9},
	{0x1D715, 0x1D715, 14},
	{0x1D716, 0x1D734, 9},
	{0x1D735, 0x1D735, 14},
	{0x1D736, 0x1D74E, 9},
	{0x1D74F, 0x1D74F, 14},
	{0x1D750, 0x1D76E, 9},
	{0x1D76F, 0x1D76F, 14},
	{0x1D770, 0x1D788, 9},
	{0x1D789, 0x1D789, 14},
	{0x1D78A, 0x1D7A8, 9},
	{0x1D7A9, 0x1D7A9, 14},
	{0x1D7AA, 0x1D7C2, 9},
	{0x1D7C3, 0x1D7C3, 14},
	{0x1D7C4, 0x1D7CD, 9},
	{0x1D7CE, 0x1D7FF, 5},
	{0x1D800, 0x1D9FF, 9},
	{0x1DA00, 0x1DA36, 13},
	{0x1DA37, 0x1DA3A, 9},
	{0x1DA3B, 0x1DA6C, 13},
	{0x1DA6D, 0x1DA74, 9},
	{0x1DA75, 0x1DA75, 13},
	{0x1DA76, 0x1DA83, 9},
	{0x1DA84, 0x1DA84, 13},
	{0x1DA85, 0x1DA9A, 9},
	{0x1DA9B, 0x1DA9F, 13},
	{0x1DAA0, 0x1DAA0, 9},
	{0x1DAA1, 0x1DAAF, 13},
	{0x1DAB0, 0x1DFFF, 9},
	{0x1E000, 0x1E006, 13},
	{0x1E007, 0x1E007, 9},
	{0x1E008, 0x1E018, 13},
	{0x1E019, 0x1E01A, 9},
	{0x1E01B, 0x1E021, 13},
	{0x1E022, 0x1E022, 9},
	{0x1E023, 0x1E024, 13},
	{0x1E025, 0x1E025, 9},
	{0x1E026, 0x1E02A, 13},
	{0x1E02B, 0x1E08E, 9},
	{0x1E08F, 0x1E08F, 13},
	{0x1E090, 0x1E12F, 9},
	{0x1E130, 0x1E136, 13},
	{0x1E137, 0x1E2AD, 9},
	{0x1E2AE, 0x1E2AE, 13},
	{0x1E2AF, 0x1E2EB, 9},
	{0x1E2EC, 0x1E2EF, 13},
	{0x1E2F0, 0x1E2FE, 9},
	{0x1E2FF, 0x1E2FF, 7},
	{0x1E300, 0x1E4EB, 9},
	{0x1E4EC, 0x1E4EF, 13},
	{0x1E4F0, 0x1E5ED, 9},
	{0x1E5EE, 0x1E5EF, 13},
	{0x1E5F0, 0x1E6E2, 9},
	{0x1E6E3, 0x1E6E3, 13},
	{0x1E6E4, 0x1E6E5, 9},
	{0x1E6E6, 0x1E6E6, 13},
	{0x1E6E7, 0x1E6ED, 9},
	{0x1E6EE, 0x1E6EF, 13},
	{0x1E6F0, 0x1E6F4, 9},
	{0x1E6F5, 0x1E6F5, 13},
	{0x1E6F6, 0x1E7FF, 9},
	{0x1E800, 0x1E8CF, 17},
	{0x1E8D0, 0x1E8D6, 13},
	{0x1E8D7, 0x1E943, 17},
	{0x1E944, 0x1E94A, 13},
	{0x1E94B, 0x1EC6F, 17},
	{0x1EC70, 0x1ECBF, 0},
	{0x1ECC0, 0x1ECFF, 17},
	{0x1ED00, 0x1ED4F, 0},
	{0x1ED50, 0x1EDFF, 17},
	{0x1EE00, 0x1EEEF, 0},
	{0x1EEF0, 0x1EEF1, 14},
	{0x1EEF2, 0x1EEFF, 0},
	{0x1EF00, 0x1EFFF, 17},
	{0x1F000, 0x1F02B, 14},
	{0x1F02C, 0x1F02F, 9},
	{0x1F030, 0x1F093, 14},
	{0x1F094, 0x1F09F, 9},
	{0x1F0A0, 0x1F0AE, 14},
	{0x1F0AF, 0x1F0B0, 9},
	{0x1F0B1, 0x1F0BF, 14},
	{0x1F0C0, 0x1F0C0, 9},
	{0x1F0C1, 0x1F0CF, 14},
	{0x1F0D0, 0x1F0D0, 9},
	{0x1F0D1, 0x1F0F5, 14},
	{0x1F0F6, 0x1F0FF, 9},
	{0x1F100, 0x1F10A, 5},
	{0x1F10B, 0x1F10F, 14},
	{0x1F110, 0x1F12E, 9},
	{0x1F12F, 0x1F12F, 14},
	{0x1F130, 0x1F169, 9},
	{0x1F16A, 0x1F16F, 14},
	{0x1F170, 0x1F1AC, 9},
	{0x1F1AD, 0x1F1AD, 14},
	{0x1F1AE, 0x1F25F, 9},
	{0x1F260, 0x1F265, 14},
	{0x1F266, 0x1F2FF, 9},
	{0x1F300, 0x1F6D8, 14},
	{0x1F6D9, 0x1F6DB, 9},
	{0x1F6DC, 0x1F6EC, 14},
	{0x1F6ED, 0x1F6EF, 9},
	{0x1F6F0, 0x1F6FC, 14},
	{0x1F6FD, 0x1F6FF, 9},
	{0x1F700, 0x1F7D9, 14},
	{0x1F7DA, 0x1F7DF, 9},
	{0x1F7E0, 0x1F7EB, 14},
	{0x1F7EC, 0x1F7EF, 9},
	{0x1F7F0, 0x1F7F0, 14},
	{0x1F7F1, 0x1F7FF, 9},
	{0x1F800, 0x1F80B, 14},
	{0x1F80C, 0x1F80F, 9},
	{0x1F810, 0x1F847, 14},
	{0x1F848, 0x1F84F, 9},
	{0x1F850, 0x1F859, 14},
	{0x1F85A, 0x1F85F, 9},
	{0x1F860, 0x1F887, 14},
	{0x1F888, 0x1F88F, 9},
	{0x1F890, 0x1F8AD, 14},
	{0x1F8AE, 0x1F8AF, 9},
	{0x1F8B0, 0x1F8BB, 14},
	{0x1F8BC, 0x1F8BF, 9},
	{0x1F8C0, 0x1F8C1, 14},
	{0x1F8C2, 0x1F8CF, 9},
	{0x1F8D0, 0x1F8D8, 14},
	{0x1F8D9, 0x1F8FF, 9},
	{0x1F900, 0x1FA57, 14},
	{0x1FA58, 0x1FA5F, 9},
	{0x1FA60, 0x1FA6D, 14},
	{0x1FA6E, 0x1FA6F, 9},
	{0x1FA70, 0x1FA7C, 14},
	{0x1FA7D, 0x1FA7F, 9},
	{0x1FA80, 0x1FA8A, 14},
	{0x1FA8B, 0x1FA8D, 9},
	{0x1FA8E, 0x1FAC6, 14},
	{0x1FAC7, 0x1FAC7, 9},
	{0x1FAC8, 0x1FAC8, 14},
	{0x1FAC9, 0x1FACC, 9},
	{0x1FACD, 0x1FADC, 14},
	{0x1FADD, 0x1FADE, 9},
	{0x1FADF, 0x1FAEA, 14},
	{0x1FAEB, 0x1FAEE, 9},
	{0x1FAEF, 0x1FAF8, 14},
	{0x1FAF9, 0x1FAFF, 9},
	{0x1FB00, 0x1FB92, 14},
	{0x1FB93, 0x1FB93, 9},
	{0x1FB94, 0x1FBEF, 14},
	{0x1FBF0, 0x1FBF9, 5},
	{0x1FBFA, 0x1FBFA, 14},
	{0x1FBFB, 0x1FFFD, 9},
	{0x1FFFE, 0x1FFFF, 3},
	{0x20000, 0x2FFFD, 9},
	{0x2FFFE, 0x2FFFF, 3},
	{0x30000, 0x3FFFD, 9},
	{0x3FFFE, 0x3FFFF, 3},
	{0x40000, 0x4FFFD, 9},
	{0x4FFFE, 0x4FFFF, 3},
	{0x50000, 0x5FFFD, 9},
	{0x5FFFE, 0x5FFFF, 3},
	{0x60000, 0x6FFFD, 9},
	{0x6FFFE, 0x6FFFF, 3},
	{0x70000, 0x7FFFD, 9},
	{0x7FFFE, 0x7FFFF, 3},
	{0x80000, 0x8FFFD, 9},
	{0x8FFFE, 0x8FFFF, 3},
	{0x90000, 0x9FFFD, 9},
	{0x9FFFE, 0x9FFFF, 3},
	{0xA0000, 0xAFFFD, 9},
	{0xAFFFE, 0xAFFFF, 3},
	{0xB0000, 0xBFFFD, 9},
	{0xBFFFE, 0xBFFFF, 3},
	{0xC0000, 0xCFFFD, 9},
	{0xCFFFE, 0xCFFFF, 3},
	{0xD0000, 0xDFFFD, 9},
	{0xDFFFE, 0xE00FF, 3},
	{0xE0100, 0xE01EF, 13},
	{0xE01F0, 0xE0FFF, 3},
	{0xE1000, 0xEFFFD, 9},
	{0xEFFFE, 0xEFFFF, 3},
	{0xF0000, 0xFFFFD, 9},
	{0xFFFFE, 0xFFFFF, 3},
	{0x100000, 0x10FFFD, 9},
	{0x10FFFE, 0x10FFFF, 3},
};
/**
 * @brief Количество диапазонов таблицы: BIDIRECTIONAL
 *
 */
const size_t awh::regex::BIDIRECTIONAL_COUNT = 1267;
/**
 * @brief Таблица диапазонов кодовых значений: BINARIES
 *
 */
const awh::regex::interval_t awh::regex::BINARIES[] = {
	{0x30, 0x39, 0},
	{0x41, 0x46, 0},
	{0x61, 0x66, 0},
	{0x41, 0x5A, 1},
	{0x61, 0x7A, 1},
	{0xAA, 0xAA, 1},
	{0xB5, 0xB5, 1},
	{0xBA, 0xBA, 1},
	{0xC0, 0xD6, 1},
	{0xD8, 0xF6, 1},
	{0xF8, 0x2C1, 1},
	{0x2C6, 0x2D1, 1},
	{0x2E0, 0x2E4, 1},
	{0x2EC, 0x2EC, 1},
	{0x2EE, 0x2EE, 1},
	{0x345, 0x345, 1},
	{0x363, 0x374, 1},
	{0x376, 0x377, 1},
	{0x37A, 0x37D, 1},
	{0x37F, 0x37F, 1},
	{0x386, 0x386, 1},
	{0x388, 0x38A, 1},
	{0x38C, 0x38C, 1},
	{0x38E, 0x3A1, 1},
	{0x3A3, 0x3F5, 1},
	{0x3F7, 0x481, 1},
	{0x48A, 0x52F, 1},
	{0x531, 0x556, 1},
	{0x559, 0x559, 1},
	{0x560, 0x588, 1},
	{0x5B0, 0x5BD, 1},
	{0x5BF, 0x5BF, 1},
	{0x5C1, 0x5C2, 1},
	{0x5C4, 0x5C5, 1},
	{0x5C7, 0x5C7, 1},
	{0x5D0, 0x5EA, 1},
	{0x5EF, 0x5F2, 1},
	{0x610, 0x61A, 1},
	{0x620, 0x657, 1},
	{0x659, 0x65F, 1},
	{0x66E, 0x6D3, 1},
	{0x6D5, 0x6DC, 1},
	{0x6E1, 0x6E8, 1},
	{0x6ED, 0x6EF, 1},
	{0x6FA, 0x6FC, 1},
	{0x6FF, 0x6FF, 1},
	{0x710, 0x73F, 1},
	{0x74D, 0x7B1, 1},
	{0x7CA, 0x7EA, 1},
	{0x7F4, 0x7F5, 1},
	{0x7FA, 0x7FA, 1},
	{0x800, 0x817, 1},
	{0x81A, 0x82C, 1},
	{0x840, 0x858, 1},
	{0x860, 0x86A, 1},
	{0x870, 0x887, 1},
	{0x889, 0x88F, 1},
	{0x897, 0x897, 1},
	{0x8A0, 0x8C9, 1},
	{0x8D4, 0x8DF, 1},
	{0x8E3, 0x8E9, 1},
	{0x8F0, 0x93B, 1},
	{0x93D, 0x94C, 1},
	{0x94E, 0x950, 1},
	{0x955, 0x963, 1},
	{0x971, 0x983, 1},
	{0x985, 0x98C, 1},
	{0x98F, 0x990, 1},
	{0x993, 0x9A8, 1},
	{0x9AA, 0x9B0, 1},
	{0x9B2, 0x9B2, 1},
	{0x9B6, 0x9B9, 1},
	{0x9BD, 0x9C4, 1},
	{0x9C7, 0x9C8, 1},
	{0x9CB, 0x9CC, 1},
	{0x9CE, 0x9CE, 1},
	{0x9D7, 0x9D7, 1},
	{0x9DC, 0x9DD, 1},
	{0x9DF, 0x9E3, 1},
	{0x9F0, 0x9F1, 1},
	{0x9FC, 0x9FC, 1},
	{0xA01, 0xA03, 1},
	{0xA05, 0xA0A, 1},
	{0xA0F, 0xA10, 1},
	{0xA13, 0xA28, 1},
	{0xA2A, 0xA30, 1},
	{0xA32, 0xA33, 1},
	{0xA35, 0xA36, 1},
	{0xA38, 0xA39, 1},
	{0xA3E, 0xA42, 1},
	{0xA47, 0xA48, 1},
	{0xA4B, 0xA4C, 1},
	{0xA51, 0xA51, 1},
	{0xA59, 0xA5C, 1},
	{0xA5E, 0xA5E, 1},
	{0xA70, 0xA75, 1},
	{0xA81, 0xA83, 1},
	{0xA85, 0xA8D, 1},
	{0xA8F, 0xA91, 1},
	{0xA93, 0xAA8, 1},
	{0xAAA, 0xAB0, 1},
	{0xAB2, 0xAB3, 1},
	{0xAB5, 0xAB9, 1},
	{0xABD, 0xAC5, 1},
	{0xAC7, 0xAC9, 1},
	{0xACB, 0xACC, 1},
	{0xAD0, 0xAD0, 1},
	{0xAE0, 0xAE3, 1},
	{0xAF9, 0xAFC, 1},
	{0xB01, 0xB03, 1},
	{0xB05, 0xB0C, 1},
	{0xB0F, 0xB10, 1},
	{0xB13, 0xB28, 1},
	{0xB2A, 0xB30, 1},
	{0xB32, 0xB33, 1},
	{0xB35, 0xB39, 1},
	{0xB3D, 0xB44, 1},
	{0xB47, 0xB48, 1},
	{0xB4B, 0xB4C, 1},
	{0xB56, 0xB57, 1},
	{0xB5C, 0xB5D, 1},
	{0xB5F, 0xB63, 1},
	{0xB71, 0xB71, 1},
	{0xB82, 0xB83, 1},
	{0xB85, 0xB8A, 1},
	{0xB8E, 0xB90, 1},
	{0xB92, 0xB95, 1},
	{0xB99, 0xB9A, 1},
	{0xB9C, 0xB9C, 1},
	{0xB9E, 0xB9F, 1},
	{0xBA3, 0xBA4, 1},
	{0xBA8, 0xBAA, 1},
	{0xBAE, 0xBB9, 1},
	{0xBBE, 0xBC2, 1},
	{0xBC6, 0xBC8, 1},
	{0xBCA, 0xBCC, 1},
	{0xBD0, 0xBD0, 1},
	{0xBD7, 0xBD7, 1},
	{0xC00, 0xC0C, 1},
	{0xC0E, 0xC10, 1},
	{0xC12, 0xC28, 1},
	{0xC2A, 0xC39, 1},
	{0xC3D, 0xC44, 1},
	{0xC46, 0xC48, 1},
	{0xC4A, 0xC4C, 1},
	{0xC55, 0xC56, 1},
	{0xC58, 0xC5A, 1},
	{0xC5C, 0xC5D, 1},
	{0xC60, 0xC63, 1},
	{0xC80, 0xC83, 1},
	{0xC85, 0xC8C, 1},
	{0xC8E, 0xC90, 1},
	{0xC92, 0xCA8, 1},
	{0xCAA, 0xCB3, 1},
	{0xCB5, 0xCB9, 1},
	{0xCBD, 0xCC4, 1},
	{0xCC6, 0xCC8, 1},
	{0xCCA, 0xCCC, 1},
	{0xCD5, 0xCD6, 1},
	{0xCDC, 0xCDE, 1},
	{0xCE0, 0xCE3, 1},
	{0xCF1, 0xCF3, 1},
	{0xD00, 0xD0C, 1},
	{0xD0E, 0xD10, 1},
	{0xD12, 0xD3A, 1},
	{0xD3D, 0xD44, 1},
	{0xD46, 0xD48, 1},
	{0xD4A, 0xD4C, 1},
	{0xD4E, 0xD4E, 1},
	{0xD54, 0xD57, 1},
	{0xD5F, 0xD63, 1},
	{0xD7A, 0xD7F, 1},
	{0xD81, 0xD83, 1},
	{0xD85, 0xD96, 1},
	{0xD9A, 0xDB1, 1},
	{0xDB3, 0xDBB, 1},
	{0xDBD, 0xDBD, 1},
	{0xDC0, 0xDC6, 1},
	{0xDCF, 0xDD4, 1},
	{0xDD6, 0xDD6, 1},
	{0xDD8, 0xDDF, 1},
	{0xDF2, 0xDF3, 1},
	{0xE01, 0xE3A, 1},
	{0xE40, 0xE46, 1},
	{0xE4D, 0xE4D, 1},
	{0xE81, 0xE82, 1},
	{0xE84, 0xE84, 1},
	{0xE86, 0xE8A, 1},
	{0xE8C, 0xEA3, 1},
	{0xEA5, 0xEA5, 1},
	{0xEA7, 0xEB9, 1},
	{0xEBB, 0xEBD, 1},
	{0xEC0, 0xEC4, 1},
	{0xEC6, 0xEC6, 1},
	{0xECD, 0xECD, 1},
	{0xEDC, 0xEDF, 1},
	{0xF00, 0xF00, 1},
	{0xF40, 0xF47, 1},
	{0xF49, 0xF6C, 1},
	{0xF71, 0xF83, 1},
	{0xF88, 0xF97, 1},
	{0xF99, 0xFBC, 1},
	{0x1000, 0x1036, 1},
	{0x1038, 0x1038, 1},
	{0x103B, 0x103F, 1},
	{0x1050, 0x108F, 1},
	{0x109A, 0x109D, 1},
	{0x10A0, 0x10C5, 1},
	{0x10C7, 0x10C7, 1},
	{0x10CD, 0x10CD, 1},
	{0x10D0, 0x10FA, 1},
	{0x10FC, 0x1248, 1},
	{0x124A, 0x124D, 1},
	{0x1250, 0x1256, 1},
	{0x1258, 0x1258, 1},
	{0x125A, 0x125D, 1},
	{0x1260, 0x1288, 1},
	{0x128A, 0x128D, 1},
	{0x1290, 0x12B0, 1},
	{0x12B2, 0x12B5, 1},
	{0x12B8, 0x12BE, 1},
	{0x12C0, 0x12C0, 1},
	{0x12C2, 0x12C5, 1},
	{0x12C8, 0x12D6, 1},
	{0x12D8, 0x1310, 1},
	{0x1312, 0x1315, 1},
	{0x1318, 0x135A, 1},
	{0x1380, 0x138F, 1},
	{0x13A0, 0x13F5, 1},
	{0x13F8, 0x13FD, 1},
	{0x1401, 0x166C, 1},
	{0x166F, 0x167F, 1},
	{0x1681, 0x169A, 1},
	{0x16A0, 0x16EA, 1},
	{0x16EE, 0x16F8, 1},
	{0x1700, 0x1713, 1},
	{0x171F, 0x1733, 1},
	{0x1740, 0x1753, 1},
	{0x1760, 0x176C, 1},
	{0x176E, 0x1770, 1},
	{0x1772, 0x1773, 1},
	{0x1780, 0x17B3, 1},
	{0x17B6, 0x17C8, 1},
	{0x17D7, 0x17D7, 1},
	{0x17DC, 0x17DC, 1},
	{0x1820, 0x1878, 1},
	{0x1880, 0x18AA, 1},
	{0x18B0, 0x18F5, 1},
	{0x1900, 0x191E, 1},
	{0x1920, 0x192B, 1},
	{0x1930, 0x1938, 1},
	{0x1950, 0x196D, 1},
	{0x1970, 0x1974, 1},
	{0x1980, 0x19AB, 1},
	{0x19B0, 0x19C9, 1},
	{0x1A00, 0x1A1B, 1},
	{0x1A20, 0x1A5E, 1},
	{0x1A61, 0x1A74, 1},
	{0x1AA7, 0x1AA7, 1},
	{0x1ABF, 0x1AC0, 1},
	{0x1ACC, 0x1ACE, 1},
	{0x1B00, 0x1B33, 1},
	{0x1B35, 0x1B43, 1},
	{0x1B45, 0x1B4C, 1},
	{0x1B80, 0x1BA9, 1},
	{0x1BAC, 0x1BAF, 1},
	{0x1BBA, 0x1BE5, 1},
	{0x1BE7, 0x1BF1, 1},
	{0x1C00, 0x1C36, 1},
	{0x1C4D, 0x1C4F, 1},
	{0x1C5A, 0x1C7D, 1},
	{0x1C80, 0x1C8A, 1},
	{0x1C90, 0x1CBA, 1},
	{0x1CBD, 0x1CBF, 1},
	{0x1CE9, 0x1CEC, 1},
	{0x1CEE, 0x1CF3, 1},
	{0x1CF5, 0x1CF6, 1},
	{0x1CFA, 0x1CFA, 1},
	{0x1D00, 0x1DBF, 1},
	{0x1DD3, 0x1DF4, 1},
	{0x1E00, 0x1F15, 1},
	{0x1F18, 0x1F1D, 1},
	{0x1F20, 0x1F45, 1},
	{0x1F48, 0x1F4D, 1},
	{0x1F50, 0x1F57, 1},
	{0x1F59, 0x1F59, 1},
	{0x1F5B, 0x1F5B, 1},
	{0x1F5D, 0x1F5D, 1},
	{0x1F5F, 0x1F7D, 1},
	{0x1F80, 0x1FB4, 1},
	{0x1FB6, 0x1FBC, 1},
	{0x1FBE, 0x1FBE, 1},
	{0x1FC2, 0x1FC4, 1},
	{0x1FC6, 0x1FCC, 1},
	{0x1FD0, 0x1FD3, 1},
	{0x1FD6, 0x1FDB, 1},
	{0x1FE0, 0x1FEC, 1},
	{0x1FF2, 0x1FF4, 1},
	{0x1FF6, 0x1FFC, 1},
	{0x2071, 0x2071, 1},
	{0x207F, 0x207F, 1},
	{0x2090, 0x209C, 1},
	{0x2102, 0x2102, 1},
	{0x2107, 0x2107, 1},
	{0x210A, 0x2113, 1},
	{0x2115, 0x2115, 1},
	{0x2119, 0x211D, 1},
	{0x2124, 0x2124, 1},
	{0x2126, 0x2126, 1},
	{0x2128, 0x2128, 1},
	{0x212A, 0x212D, 1},
	{0x212F, 0x2139, 1},
	{0x213C, 0x213F, 1},
	{0x2145, 0x2149, 1},
	{0x214E, 0x214E, 1},
	{0x2160, 0x2188, 1},
	{0x24B6, 0x24E9, 1},
	{0x2C00, 0x2CE4, 1},
	{0x2CEB, 0x2CEE, 1},
	{0x2CF2, 0x2CF3, 1},
	{0x2D00, 0x2D25, 1},
	{0x2D27, 0x2D27, 1},
	{0x2D2D, 0x2D2D, 1},
	{0x2D30, 0x2D67, 1},
	{0x2D6F, 0x2D6F, 1},
	{0x2D80, 0x2D96, 1},
	{0x2DA0, 0x2DA6, 1},
	{0x2DA8, 0x2DAE, 1},
	{0x2DB0, 0x2DB6, 1},
	{0x2DB8, 0x2DBE, 1},
	{0x2DC0, 0x2DC6, 1},
	{0x2DC8, 0x2DCE, 1},
	{0x2DD0, 0x2DD6, 1},
	{0x2DD8, 0x2DDE, 1},
	{0x2DE0, 0x2DFF, 1},
	{0x2E2F, 0x2E2F, 1},
	{0x3005, 0x3007, 1},
	{0x3021, 0x3029, 1},
	{0x3031, 0x3035, 1},
	{0x3038, 0x303C, 1},
	{0x3041, 0x3096, 1},
	{0x309D, 0x309F, 1},
	{0x30A1, 0x30FA, 1},
	{0x30FC, 0x30FF, 1},
	{0x3105, 0x312F, 1},
	{0x3131, 0x318E, 1},
	{0x31A0, 0x31BF, 1},
	{0x31F0, 0x31FF, 1},
	{0x3400, 0x4DBF, 1},
	{0x4E00, 0xA48C, 1},
	{0xA4D0, 0xA4FD, 1},
	{0xA500, 0xA60C, 1},
	{0xA610, 0xA61F, 1},
	{0xA62A, 0xA62B, 1},
	{0xA640, 0xA66E, 1},
	{0xA674, 0xA67B, 1},
	{0xA67F, 0xA6EF, 1},
	{0xA717, 0xA71F, 1},
	{0xA722, 0xA788, 1},
	{0xA78B, 0xA7DC, 1},
	{0xA7F1, 0xA805, 1},
	{0xA807, 0xA827, 1},
	{0xA840, 0xA873, 1},
	{0xA880, 0xA8C3, 1},
	{0xA8C5, 0xA8C5, 1},
	{0xA8F2, 0xA8F7, 1},
	{0xA8FB, 0xA8FB, 1},
	{0xA8FD, 0xA8FF, 1},
	{0xA90A, 0xA92A, 1},
	{0xA930, 0xA952, 1},
	{0xA960, 0xA97C, 1},
	{0xA980, 0xA9B2, 1},
	{0xA9B4, 0xA9BF, 1},
	{0xA9CF, 0xA9CF, 1},
	{0xA9E0, 0xA9EF, 1},
	{0xA9FA, 0xA9FE, 1},
	{0xAA00, 0xAA36, 1},
	{0xAA40, 0xAA4D, 1},
	{0xAA60, 0xAA76, 1},
	{0xAA7A, 0xAABE, 1},
	{0xAAC0, 0xAAC0, 1},
	{0xAAC2, 0xAAC2, 1},
	{0xAADB, 0xAADD, 1},
	{0xAAE0, 0xAAEF, 1},
	{0xAAF2, 0xAAF5, 1},
	{0xAB01, 0xAB06, 1},
	{0xAB09, 0xAB0E, 1},
	{0xAB11, 0xAB16, 1},
	{0xAB20, 0xAB26, 1},
	{0xAB28, 0xAB2E, 1},
	{0xAB30, 0xAB5A, 1},
	{0xAB5C, 0xAB69, 1},
	{0xAB70, 0xABEA, 1},
	{0xAC00, 0xD7A3, 1},
	{0xD7B0, 0xD7C6, 1},
	{0xD7CB, 0xD7FB, 1},
	{0xF900, 0xFA6D, 1},
	{0xFA70, 0xFAD9, 1},
	{0xFB00, 0xFB06, 1},
	{0xFB13, 0xFB17, 1},
	{0xFB1D, 0xFB28, 1},
	{0xFB2A, 0xFB36, 1},
	{0xFB38, 0xFB3C, 1},
	{0xFB3E, 0xFB3E, 1},
	{0xFB40, 0xFB41, 1},
	{0xFB43, 0xFB44, 1},
	{0xFB46, 0xFBB1, 1},
	{0xFBD3, 0xFD3D, 1},
	{0xFD50, 0xFD8F, 1},
	{0xFD92, 0xFDC7, 1},
	{0xFDF0, 0xFDFB, 1},
	{0xFE70, 0xFE74, 1},
	{0xFE76, 0xFEFC, 1},
	{0xFF21, 0xFF3A, 1},
	{0xFF41, 0xFF5A, 1},
	{0xFF66, 0xFFBE, 1},
	{0xFFC2, 0xFFC7, 1},
	{0xFFCA, 0xFFCF, 1},
	{0xFFD2, 0xFFD7, 1},
	{0xFFDA, 0xFFDC, 1},
	{0x10000, 0x1000B, 1},
	{0x1000D, 0x10026, 1},
	{0x10028, 0x1003A, 1},
	{0x1003C, 0x1003D, 1},
	{0x1003F, 0x1004D, 1},
	{0x10050, 0x1005D, 1},
	{0x10080, 0x100FA, 1},
	{0x10140, 0x10174, 1},
	{0x10280, 0x1029C, 1},
	{0x102A0, 0x102D0, 1},
	{0x10300, 0x1031F, 1},
	{0x1032D, 0x1034A, 1},
	{0x10350, 0x1037A, 1},
	{0x10380, 0x1039D, 1},
	{0x103A0, 0x103C3, 1},
	{0x103C8, 0x103CF, 1},
	{0x103D1, 0x103D5, 1},
	{0x10400, 0x1049D, 1},
	{0x104B0, 0x104D3, 1},
	{0x104D8, 0x104FB, 1},
	{0x10500, 0x10527, 1},
	{0x10530, 0x10563, 1},
	{0x10570, 0x1057A, 1},
	{0x1057C, 0x1058A, 1},
	{0x1058C, 0x10592, 1},
	{0x10594, 0x10595, 1},
	{0x10597, 0x105A1, 1},
	{0x105A3, 0x105B1, 1},
	{0x105B3, 0x105B9, 1},
	{0x105BB, 0x105BC, 1},
	{0x105C0, 0x105F3, 1},
	{0x10600, 0x10736, 1},
	{0x10740, 0x10755, 1},
	{0x10760, 0x10767, 1},
	{0x10780, 0x10785, 1},
	{0x10787, 0x107B0, 1},
	{0x107B2, 0x107BA, 1},
	{0x10800, 0x10805, 1},
	{0x10808, 0x10808, 1},
	{0x1080A, 0x10835, 1},
	{0x10837, 0x10838, 1},
	{0x1083C, 0x1083C, 1},
	{0x1083F, 0x10855, 1},
	{0x10860, 0x10876, 1},
	{0x10880, 0x1089E, 1},
	{0x108E0, 0x108F2, 1},
	{0x108F4, 0x108F5, 1},
	{0x10900, 0x10915, 1},
	{0x10920, 0x10939, 1},
	{0x10940, 0x10959, 1},
	{0x10980, 0x109B7, 1},
	{0x109BE, 0x109BF, 1},
	{0x10A00, 0x10A03, 1},
	{0x10A05, 0x10A06, 1},
	{0x10A0C, 0x10A13, 1},
	{0x10A15, 0x10A17, 1},
	{0x10A19, 0x10A35, 1},
	{0x10A60, 0x10A7C, 1},
	{0x10A80, 0x10A9C, 1},
	{0x10AC0, 0x10AC7, 1},
	{0x10AC9, 0x10AE4, 1},
	{0x10B00, 0x10B35, 1},
	{0x10B40, 0x10B55, 1},
	{0x10B60, 0x10B72, 1},
	{0x10B80, 0x10B91, 1},
	{0x10C00, 0x10C48, 1},
	{0x10C80, 0x10CB2, 1},
	{0x10CC0, 0x10CF2, 1},
	{0x10D00, 0x10D27, 1},
	{0x10D4A, 0x10D65, 1},
	{0x10D69, 0x10D69, 1},
	{0x10D6F, 0x10D85, 1},
	{0x10E80, 0x10EA9, 1},
	{0x10EAB, 0x10EAC, 1},
	{0x10EB0, 0x10EB1, 1},
	{0x10EC2, 0x10EC7, 1},
	{0x10EFA, 0x10EFC, 1},
	{0x10F00, 0x10F1C, 1},
	{0x10F27, 0x10F27, 1},
	{0x10F30, 0x10F45, 1},
	{0x10F70, 0x10F81, 1},
	{0x10FB0, 0x10FC4, 1},
	{0x10FE0, 0x10FF6, 1},
	{0x11000, 0x11045, 1},
	{0x11071, 0x11075, 1},
	{0x11080, 0x110B8, 1},
	{0x110C2, 0x110C2, 1},
	{0x110D0, 0x110E8, 1},
	{0x11100, 0x11132, 1},
	{0x11144, 0x11147, 1},
	{0x11150, 0x11172, 1},
	{0x11176, 0x11176, 1},
	{0x11180, 0x111BF, 1},
	{0x111C1, 0x111C4, 1},
	{0x111CE, 0x111CF, 1},
	{0x111DA, 0x111DA, 1},
	{0x111DC, 0x111DC, 1},
	{0x11200, 0x11211, 1},
	{0x11213, 0x11234, 1},
	{0x11237, 0x11237, 1},
	{0x1123E, 0x11241, 1},
	{0x11280, 0x11286, 1},
	{0x11288, 0x11288, 1},
	{0x1128A, 0x1128D, 1},
	{0x1128F, 0x1129D, 1},
	{0x1129F, 0x112A8, 1},
	{0x112B0, 0x112E8, 1},
	{0x11300, 0x11303, 1},
	{0x11305, 0x1130C, 1},
	{0x1130F, 0x11310, 1},
	{0x11313, 0x11328, 1},
	{0x1132A, 0x11330, 1},
	{0x11332, 0x11333, 1},
	{0x11335, 0x11339, 1},
	{0x1133D, 0x11344, 1},
	{0x11347, 0x11348, 1},
	{0x1134B, 0x1134C, 1},
	{0x11350, 0x11350, 1},
	{0x11357, 0x11357, 1},
	{0x1135D, 0x11363, 1},
	{0x11380, 0x11389, 1},
	{0x1138B, 0x1138B, 1},
	{0x1138E, 0x1138E, 1},
	{0x11390, 0x113B5, 1},
	{0x113B7, 0x113C0, 1},
	{0x113C2, 0x113C2, 1},
	{0x113C5, 0x113C5, 1},
	{0x113C7, 0x113CA, 1},
	{0x113CC, 0x113CD, 1},
	{0x113D1, 0x113D1, 1},
	{0x113D3, 0x113D3, 1},
	{0x11400, 0x11441, 1},
	{0x11443, 0x11445, 1},
	{0x11447, 0x1144A, 1},
	{0x1145F, 0x11461, 1},
	{0x11480, 0x114C1, 1},
	{0x114C4, 0x114C5, 1},
	{0x114C7, 0x114C7, 1},
	{0x11580, 0x115B5, 1},
	{0x115B8, 0x115BE, 1},
	{0x115D8, 0x115DD, 1},
	{0x11600, 0x1163E, 1},
	{0x11640, 0x11640, 1},
	{0x11644, 0x11644, 1},
	{0x11680, 0x116B5, 1},
	{0x116B8, 0x116B8, 1},
	{0x11700, 0x1171A, 1},
	{0x1171D, 0x1172A, 1},
	{0x11740, 0x11746, 1},
	{0x11800, 0x11838, 1},
	{0x118A0, 0x118DF, 1},
	{0x118FF, 0x11906, 1},
	{0x11909, 0x11909, 1},
	{0x1190C, 0x11913, 1},
	{0x11915, 0x11916, 1},
	{0x11918, 0x11935, 1},
	{0x11937, 0x11938, 1},
	{0x1193B, 0x1193C, 1},
	{0x1193F, 0x11942, 1},
	{0x119A0, 0x119A7, 1},
	{0x119AA, 0x119D7, 1},
	{0x119DA, 0x119DF, 1},
	{0x119E1, 0x119E1, 1},
	{0x119E3, 0x119E4, 1},
	{0x11A00, 0x11A32, 1},
	{0x11A35, 0x11A3E, 1},
	{0x11A50, 0x11A97, 1},
	{0x11A9D, 0x11A9D, 1},
	{0x11AB0, 0x11AF8, 1},
	{0x11B60, 0x11B67, 1},
	{0x11BC0, 0x11BE0, 1},
	{0x11C00, 0x11C08, 1},
	{0x11C0A, 0x11C36, 1},
	{0x11C38, 0x11C3E, 1},
	{0x11C40, 0x11C40, 1},
	{0x11C72, 0x11C8F, 1},
	{0x11C92, 0x11CA7, 1},
	{0x11CA9, 0x11CB6, 1},
	{0x11D00, 0x11D06, 1},
	{0x11D08, 0x11D09, 1},
	{0x11D0B, 0x11D36, 1},
	{0x11D3A, 0x11D3A, 1},
	{0x11D3C, 0x11D3D, 1},
	{0x11D3F, 0x11D41, 1},
	{0x11D43, 0x11D43, 1},
	{0x11D46, 0x11D47, 1},
	{0x11D60, 0x11D65, 1},
	{0x11D67, 0x11D68, 1},
	{0x11D6A, 0x11D8E, 1},
	{0x11D90, 0x11D91, 1},
	{0x11D93, 0x11D96, 1},
	{0x11D98, 0x11D98, 1},
	{0x11DB0, 0x11DDB, 1},
	{0x11EE0, 0x11EF6, 1},
	{0x11F00, 0x11F10, 1},
	{0x11F12, 0x11F3A, 1},
	{0x11F3E, 0x11F40, 1},
	{0x11FB0, 0x11FB0, 1},
	{0x12000, 0x12399, 1},
	{0x12400, 0x1246E, 1},
	{0x12480, 0x12543, 1},
	{0x12F90, 0x12FF0, 1},
	{0x13000, 0x1342F, 1},
	{0x13441, 0x13446, 1},
	{0x13460, 0x143FA, 1},
	{0x14400, 0x14646, 1},
	{0x16100, 0x1612E, 1},
	{0x16800, 0x16A38, 1},
	{0x16A40, 0x16A5E, 1},
	{0x16A70, 0x16ABE, 1},
	{0x16AD0, 0x16AED, 1},
	{0x16B00, 0x16B2F, 1},
	{0x16B40, 0x16B43, 1},
	{0x16B63, 0x16B77, 1},
	{0x16B7D, 0x16B8F, 1},
	{0x16D40, 0x16D6C, 1},
	{0x16E40, 0x16E7F, 1},
	{0x16EA0, 0x16EB8, 1},
	{0x16EBB, 0x16ED3, 1},
	{0x16F00, 0x16F4A, 1},
	{0x16F4F, 0x16F87, 1},
	{0x16F8F, 0x16F9F, 1},
	{0x16FE0, 0x16FE1, 1},
	{0x16FE3, 0x16FE3, 1},
	{0x16FF0, 0x16FF6, 1},
	{0x17000, 0x18CD5, 1},
	{0x18CFF, 0x18D1E, 1},
	{0x18D80, 0x18DF2, 1},
	{0x1AFF0, 0x1AFF3, 1},
	{0x1AFF5, 0x1AFFB, 1},
	{0x1AFFD, 0x1AFFE, 1},
	{0x1B000, 0x1B122, 1},
	{0x1B132, 0x1B132, 1},
	{0x1B150, 0x1B152, 1},
	{0x1B155, 0x1B155, 1},
	{0x1B164, 0x1B167, 1},
	{0x1B170, 0x1B2FB, 1},
	{0x1BC00, 0x1BC6A, 1},
	{0x1BC70, 0x1BC7C, 1},
	{0x1BC80, 0x1BC88, 1},
	{0x1BC90, 0x1BC99, 1},
	{0x1BC9E, 0x1BC9E, 1},
	{0x1D400, 0x1D454, 1},
	{0x1D456, 0x1D49C, 1},
	{0x1D49E, 0x1D49F, 1},
	{0x1D4A2, 0x1D4A2, 1},
	{0x1D4A5, 0x1D4A6, 1},
	{0x1D4A9, 0x1D4AC, 1},
	{0x1D4AE, 0x1D4B9, 1},
	{0x1D4BB, 0x1D4BB, 1},
	{0x1D4BD, 0x1D4C3, 1},
	{0x1D4C5, 0x1D505, 1},
	{0x1D507, 0x1D50A, 1},
	{0x1D50D, 0x1D514, 1},
	{0x1D516, 0x1D51C, 1},
	{0x1D51E, 0x1D539, 1},
	{0x1D53B, 0x1D53E, 1},
	{0x1D540, 0x1D544, 1},
	{0x1D546, 0x1D546, 1},
	{0x1D54A, 0x1D550, 1},
	{0x1D552, 0x1D6A5, 1},
	{0x1D6A8, 0x1D6C0, 1},
	{0x1D6C2, 0x1D6DA, 1},
	{0x1D6DC, 0x1D6FA, 1},
	{0x1D6FC, 0x1D714, 1},
	{0x1D716, 0x1D734, 1},
	{0x1D736, 0x1D74E, 1},
	{0x1D750, 0x1D76E, 1},
	{0x1D770, 0x1D788, 1},
	{0x1D78A, 0x1D7A8, 1},
	{0x1D7AA, 0x1D7C2, 1},
	{0x1D7C4, 0x1D7CB, 1},
	{0x1DF00, 0x1DF1E, 1},
	{0x1DF25, 0x1DF2A, 1},
	{0x1E000, 0x1E006, 1},
	{0x1E008, 0x1E018, 1},
	{0x1E01B, 0x1E021, 1},
	{0x1E023, 0x1E024, 1},
	{0x1E026, 0x1E02A, 1},
	{0x1E030, 0x1E06D, 1},
	{0x1E08F, 0x1E08F, 1},
	{0x1E100, 0x1E12C, 1},
	{0x1E137, 0x1E13D, 1},
	{0x1E14E, 0x1E14E, 1},
	{0x1E290, 0x1E2AD, 1},
	{0x1E2C0, 0x1E2EB, 1},
	{0x1E4D0, 0x1E4EB, 1},
	{0x1E5D0, 0x1E5ED, 1},
	{0x1E5F0, 0x1E5F0, 1},
	{0x1E6C0, 0x1E6DE, 1},
	{0x1E6E0, 0x1E6F5, 1},
	{0x1E6FE, 0x1E6FF, 1},
	{0x1E7E0, 0x1E7E6, 1},
	{0x1E7E8, 0x1E7EB, 1},
	{0x1E7ED, 0x1E7EE, 1},
	{0x1E7F0, 0x1E7FE, 1},
	{0x1E800, 0x1E8C4, 1},
	{0x1E900, 0x1E943, 1},
	{0x1E947, 0x1E947, 1},
	{0x1E94B, 0x1E94B, 1},
	{0x1EE00, 0x1EE03, 1},
	{0x1EE05, 0x1EE1F, 1},
	{0x1EE21, 0x1EE22, 1},
	{0x1EE24, 0x1EE24, 1},
	{0x1EE27, 0x1EE27, 1},
	{0x1EE29, 0x1EE32, 1},
	{0x1EE34, 0x1EE37, 1},
	{0x1EE39, 0x1EE39, 1},
	{0x1EE3B, 0x1EE3B, 1},
	{0x1EE42, 0x1EE42, 1},
	{0x1EE47, 0x1EE47, 1},
	{0x1EE49, 0x1EE49, 1},
	{0x1EE4B, 0x1EE4B, 1},
	{0x1EE4D, 0x1EE4F, 1},
	{0x1EE51, 0x1EE52, 1},
	{0x1EE54, 0x1EE54, 1},
	{0x1EE57, 0x1EE57, 1},
	{0x1EE59, 0x1EE59, 1},
	{0x1EE5B, 0x1EE5B, 1},
	{0x1EE5D, 0x1EE5D, 1},
	{0x1EE5F, 0x1EE5F, 1},
	{0x1EE61, 0x1EE62, 1},
	{0x1EE64, 0x1EE64, 1},
	{0x1EE67, 0x1EE6A, 1},
	{0x1EE6C, 0x1EE72, 1},
	{0x1EE74, 0x1EE77, 1},
	{0x1EE79, 0x1EE7C, 1},
	{0x1EE7E, 0x1EE7E, 1},
	{0x1EE80, 0x1EE89, 1},
	{0x1EE8B, 0x1EE9B, 1},
	{0x1EEA1, 0x1EEA3, 1},
	{0x1EEA5, 0x1EEA9, 1},
	{0x1EEAB, 0x1EEBB, 1},
	{0x1F130, 0x1F149, 1},
	{0x1F150, 0x1F169, 1},
	{0x1F170, 0x1F189, 1},
	{0x20000, 0x2A6DF, 1},
	{0x2A700, 0x2B81D, 1},
	{0x2B820, 0x2CEAD, 1},
	{0x2CEB0, 0x2EBE0, 1},
	{0x2EBF0, 0x2EE5D, 1},
	{0x2F800, 0x2FA1D, 1},
	{0x30000, 0x3134A, 1},
	{0x31350, 0x33479, 1},
	{0x61C, 0x61C, 2},
	{0x200E, 0x200F, 2},
	{0x202A, 0x202E, 2},
	{0x2066, 0x2069, 2},
	{0x28, 0x29, 3},
	{0x3C, 0x3C, 3},
	{0x3E, 0x3E, 3},
	{0x5B, 0x5B, 3},
	{0x5D, 0x5D, 3},
	{0x7B, 0x7B, 3},
	{0x7D, 0x7D, 3},
	{0xAB, 0xAB, 3},
	{0xBB, 0xBB, 3},
	{0xF3A, 0xF3D, 3},
	{0x169B, 0x169C, 3},
	{0x2039, 0x203A, 3},
	{0x2045, 0x2046, 3},
	{0x207D, 0x207E, 3},
	{0x208D, 0x208E, 3},
	{0x2208, 0x220D, 3},
	{0x2215, 0x2215, 3},
	{0x221F, 0x2222, 3},
	{0x2224, 0x2224, 3},
	{0x223C, 0x223D, 3},
	{0x2243, 0x2243, 3},
	{0x2245, 0x2245, 3},
	{0x224C, 0x224C, 3},
	{0x2252, 0x2255, 3},
	{0x2264, 0x226B, 3},
	{0x226E, 0x228B, 3},
	{0x228F, 0x2292, 3},
	{0x2298, 0x2298, 3},
	{0x22A2, 0x22A3, 3},
	{0x22A6, 0x22A6, 3},
	{0x22A8, 0x22A9, 3},
	{0x22AB, 0x22AB, 3},
	{0x22B0, 0x22B8, 3},
	{0x22C9, 0x22CD, 3},
	{0x22D0, 0x22D1, 3},
	{0x22D6, 0x22ED, 3},
	{0x22F0, 0x22F4, 3},
	{0x22F6, 0x22F7, 3},
	{0x22FA, 0x22FE, 3},
	{0x2308, 0x230B, 3},
	{0x2329, 0x232A, 3},
	{0x2768, 0x2775, 3},
	{0x27C3, 0x27C6, 3},
	{0x27C8, 0x27C9, 3},
	{0x27CB, 0x27CB, 3},
	{0x27CD, 0x27CD, 3},
	{0x27D5, 0x27D6, 3},
	{0x27DC, 0x27DE, 3},
	{0x27E2, 0x27EF, 3},
	{0x2983, 0x2998, 3},
	{0x299B, 0x299B, 3},
	{0x29A0, 0x29A0, 3},
	{0x29A3, 0x29A5, 3},
	{0x29A8, 0x29AF, 3},
	{0x29B8, 0x29B8, 3},
	{0x29C0, 0x29C1, 3},
	{0x29C4, 0x29C5, 3},
	{0x29CF, 0x29D2, 3},
	{0x29D4, 0x29D5, 3},
	{0x29D8, 0x29DB, 3},
	{0x29E8, 0x29E9, 3},
	{0x29F5, 0x29F5, 3},
	{0x29F8, 0x29F9, 3},
	{0x29FC, 0x29FD, 3},
	{0x2A2B, 0x2A2E, 3},
	{0x2A34, 0x2A35, 3},
	{0x2A3C, 0x2A3D, 3},
	{0x2A64, 0x2A65, 3},
	{0x2A79, 0x2AA2, 3},
	{0x2AA6, 0x2AAD, 3},
	{0x2AAF, 0x2AD6, 3},
	{0x2ADE, 0x2ADE, 3},
	{0x2AE3, 0x2AE5, 3},
	{0x2AEC, 0x2AEE, 3},
	{0x2AF7, 0x2AFA, 3},
	{0x2BFE, 0x2BFE, 3},
	{0x2E02, 0x2E05, 3},
	{0x2E09, 0x2E0A, 3},
	{0x2E0C, 0x2E0D, 3},
	{0x2E1C, 0x2E1D, 3},
	{0x2E20, 0x2E29, 3},
	{0x2E55, 0x2E5C, 3},
	{0x3008, 0x3011, 3},
	{0x3014, 0x301B, 3},
	{0xFE59, 0xFE5E, 3},
	{0xFE64, 0xFE65, 3},
	{0xFF08, 0xFF09, 3},
	{0xFF1C, 0xFF1C, 3},
	{0xFF1E, 0xFF1E, 3},
	{0xFF3B, 0xFF3B, 3},
	{0xFF3D, 0xFF3D, 3},
	{0xFF5B, 0xFF5B, 3},
	{0xFF5D, 0xFF5D, 3},
	{0xFF5F, 0xFF60, 3},
	{0xFF62, 0xFF63, 3},
	{0x27, 0x27, 4},
	{0x2E, 0x2E, 4},
	{0x3A, 0x3A, 4},
	{0x5E, 0x5E, 4},
	{0x60, 0x60, 4},
	{0xA8, 0xA8, 4},
	{0xAD, 0xAD, 4},
	{0xAF, 0xAF, 4},
	{0xB4, 0xB4, 4},
	{0xB7, 0xB8, 4},
	{0x2B0, 0x36F, 4},
	{0x374, 0x375, 4},
	{0x37A, 0x37A, 4},
	{0x384, 0x385, 4},
	{0x387, 0x387, 4},
	{0x483, 0x489, 4},
	{0x559, 0x559, 4},
	{0x55F, 0x55F, 4},
	{0x591, 0x5BD, 4},
	{0x5BF, 0x5BF, 4},
	{0x5C1, 0x5C2, 4},
	{0x5C4, 0x5C5, 4},
	{0x5C7, 0x5C7, 4},
	{0x5F4, 0x5F4, 4},
	{0x600, 0x605, 4},
	{0x610, 0x61A, 4},
	{0x61C, 0x61C, 4},
	{0x640, 0x640, 4},
	{0x64B, 0x65F, 4},
	{0x670, 0x670, 4},
	{0x6D6, 0x6DD, 4},
	{0x6DF, 0x6E8, 4},
	{0x6EA, 0x6ED, 4},
	{0x70F, 0x70F, 4},
	{0x711, 0x711, 4},
	{0x730, 0x74A, 4},
	{0x7A6, 0x7B0, 4},
	{0x7EB, 0x7F5, 4},
	{0x7FA, 0x7FA, 4},
	{0x7FD, 0x7FD, 4},
	{0x816, 0x82D, 4},
	{0x859, 0x85B, 4},
	{0x888, 0x888, 4},
	{0x890, 0x891, 4},
	{0x897, 0x89F, 4},
	{0x8C9, 0x902, 4},
	{0x93A, 0x93A, 4},
	{0x93C, 0x93C, 4},
	{0x941, 0x948, 4},
	{0x94D, 0x94D, 4},
	{0x951, 0x957, 4},
	{0x962, 0x963, 4},
	{0x971, 0x971, 4},
	{0x981, 0x981, 4},
	{0x9BC, 0x9BC, 4},
	{0x9C1, 0x9C4, 4},
	{0x9CD, 0x9CD, 4},
	{0x9E2, 0x9E3, 4},
	{0x9FE, 0x9FE, 4},
	{0xA01, 0xA02, 4},
	{0xA3C, 0xA3C, 4},
	{0xA41, 0xA42, 4},
	{0xA47, 0xA48, 4},
	{0xA4B, 0xA4D, 4},
	{0xA51, 0xA51, 4},
	{0xA70, 0xA71, 4},
	{0xA75, 0xA75, 4},
	{0xA81, 0xA82, 4},
	{0xABC, 0xABC, 4},
	{0xAC1, 0xAC5, 4},
	{0xAC7, 0xAC8, 4},
	{0xACD, 0xACD, 4},
	{0xAE2, 0xAE3, 4},
	{0xAFA, 0xAFF, 4},
	{0xB01, 0xB01, 4},
	{0xB3C, 0xB3C, 4},
	{0xB3F, 0xB3F, 4},
	{0xB41, 0xB44, 4},
	{0xB4D, 0xB4D, 4},
	{0xB55, 0xB56, 4},
	{0xB62, 0xB63, 4},
	{0xB82, 0xB82, 4},
	{0xBC0, 0xBC0, 4},
	{0xBCD, 0xBCD, 4},
	{0xC00, 0xC00, 4},
	{0xC04, 0xC04, 4},
	{0xC3C, 0xC3C, 4},
	{0xC3E, 0xC40, 4},
	{0xC46, 0xC48, 4},
	{0xC4A, 0xC4D, 4},
	{0xC55, 0xC56, 4},
	{0xC62, 0xC63, 4},
	{0xC81, 0xC81, 4},
	{0xCBC, 0xCBC, 4},
	{0xCBF, 0xCBF, 4},
	{0xCC6, 0xCC6, 4},
	{0xCCC, 0xCCD, 4},
	{0xCE2, 0xCE3, 4},
	{0xD00, 0xD01, 4},
	{0xD3B, 0xD3C, 4},
	{0xD41, 0xD44, 4},
	{0xD4D, 0xD4D, 4},
	{0xD62, 0xD63, 4},
	{0xD81, 0xD81, 4},
	{0xDCA, 0xDCA, 4},
	{0xDD2, 0xDD4, 4},
	{0xDD6, 0xDD6, 4},
	{0xE31, 0xE31, 4},
	{0xE34, 0xE3A, 4},
	{0xE46, 0xE4E, 4},
	{0xEB1, 0xEB1, 4},
	{0xEB4, 0xEBC, 4},
	{0xEC6, 0xEC6, 4},
	{0xEC8, 0xECE, 4},
	{0xF18, 0xF19, 4},
	{0xF35, 0xF35, 4},
	{0xF37, 0xF37, 4},
	{0xF39, 0xF39, 4},
	{0xF71, 0xF7E, 4},
	{0xF80, 0xF84, 4},
	{0xF86, 0xF87, 4},
	{0xF8D, 0xF97, 4},
	{0xF99, 0xFBC, 4},
	{0xFC6, 0xFC6, 4},
	{0x102D, 0x1030, 4},
	{0x1032, 0x1037, 4},
	{0x1039, 0x103A, 4},
	{0x103D, 0x103E, 4},
	{0x1058, 0x1059, 4},
	{0x105E, 0x1060, 4},
	{0x1071, 0x1074, 4},
	{0x1082, 0x1082, 4},
	{0x1085, 0x1086, 4},
	{0x108D, 0x108D, 4},
	{0x109D, 0x109D, 4},
	{0x10FC, 0x10FC, 4},
	{0x135D, 0x135F, 4},
	{0x1712, 0x1714, 4},
	{0x1732, 0x1733, 4},
	{0x1752, 0x1753, 4},
	{0x1772, 0x1773, 4},
	{0x17B4, 0x17B5, 4},
	{0x17B7, 0x17BD, 4},
	{0x17C6, 0x17C6, 4},
	{0x17C9, 0x17D3, 4},
	{0x17D7, 0x17D7, 4},
	{0x17DD, 0x17DD, 4},
	{0x180B, 0x180F, 4},
	{0x1843, 0x1843, 4},
	{0x1885, 0x1886, 4},
	{0x18A9, 0x18A9, 4},
	{0x1920, 0x1922, 4},
	{0x1927, 0x1928, 4},
	{0x1932, 0x1932, 4},
	{0x1939, 0x193B, 4},
	{0x1A17, 0x1A18, 4},
	{0x1A1B, 0x1A1B, 4},
	{0x1A56, 0x1A56, 4},
	{0x1A58, 0x1A5E, 4},
	{0x1A60, 0x1A60, 4},
	{0x1A62, 0x1A62, 4},
	{0x1A65, 0x1A6C, 4},
	{0x1A73, 0x1A7C, 4},
	{0x1A7F, 0x1A7F, 4},
	{0x1AA7, 0x1AA7, 4},
	{0x1AB0, 0x1ADD, 4},
	{0x1AE0, 0x1AEB, 4},
	{0x1B00, 0x1B03, 4},
	{0x1B34, 0x1B34, 4},
	{0x1B36, 0x1B3A, 4},
	{0x1B3C, 0x1B3C, 4},
	{0x1B42, 0x1B42, 4},
	{0x1B6B, 0x1B73, 4},
	{0x1B80, 0x1B81, 4},
	{0x1BA2, 0x1BA5, 4},
	{0x1BA8, 0x1BA9, 4},
	{0x1BAB, 0x1BAD, 4},
	{0x1BE6, 0x1BE6, 4},
	{0x1BE8, 0x1BE9, 4},
	{0x1BED, 0x1BED, 4},
	{0x1BEF, 0x1BF1, 4},
	{0x1C2C, 0x1C33, 4},
	{0x1C36, 0x1C37, 4},
	{0x1C78, 0x1C7D, 4},
	{0x1CD0, 0x1CD2, 4},
	{0x1CD4, 0x1CE0, 4},
	{0x1CE2, 0x1CE8, 4},
	{0x1CED, 0x1CED, 4},
	{0x1CF4, 0x1CF4, 4},
	{0x1CF8, 0x1CF9, 4},
	{0x1D2C, 0x1D6A, 4},
	{0x1D78, 0x1D78, 4},
	{0x1D9B, 0x1DFF, 4},
	{0x1FBD, 0x1FBD, 4},
	{0x1FBF, 0x1FC1, 4},
	{0x1FCD, 0x1FCF, 4},
	{0x1FDD, 0x1FDF, 4},
	{0x1FED, 0x1FEF, 4},
	{0x1FFD, 0x1FFE, 4},
	{0x200B, 0x200F, 4},
	{0x2018, 0x2019, 4},
	{0x2024, 0x2024, 4},
	{0x2027, 0x2027, 4},
	{0x202A, 0x202E, 4},
	{0x2060, 0x2064, 4},
	{0x2066, 0x206F, 4},
	{0x2071, 0x2071, 4},
	{0x207F, 0x207F, 4},
	{0x2090, 0x209C, 4},
	{0x20D0, 0x20F0, 4},
	{0x2C7C, 0x2C7D, 4},
	{0x2CEF, 0x2CF1, 4},
	{0x2D6F, 0x2D6F, 4},
	{0x2D7F, 0x2D7F, 4},
	{0x2DE0, 0x2DFF, 4},
	{0x2E2F, 0x2E2F, 4},
	{0x3005, 0x3005, 4},
	{0x302A, 0x302D, 4},
	{0x3031, 0x3035, 4},
	{0x303B, 0x303B, 4},
	{0x3099, 0x309E, 4},
	{0x30FC, 0x30FE, 4},
	{0xA015, 0xA015, 4},
	{0xA4F8, 0xA4FD, 4},
	{0xA60C, 0xA60C, 4},
	{0xA66F, 0xA672, 4},
	{0xA674, 0xA67D, 4},
	{0xA67F, 0xA67F, 4},
	{0xA69C, 0xA69F, 4},
	{0xA6F0, 0xA6F1, 4},
	{0xA700, 0xA721, 4},
	{0xA770, 0xA770, 4},
	{0xA788, 0xA78A, 4},
	{0xA7F1, 0xA7F4, 4},
	{0xA7F8, 0xA7F9, 4},
	{0xA802, 0xA802, 4},
	{0xA806, 0xA806, 4},
	{0xA80B, 0xA80B, 4},
	{0xA825, 0xA826, 4},
	{0xA82C, 0xA82C, 4},
	{0xA8C4, 0xA8C5, 4},
	{0xA8E0, 0xA8F1, 4},
	{0xA8FF, 0xA8FF, 4},
	{0xA926, 0xA92D, 4},
	{0xA947, 0xA951, 4},
	{0xA980, 0xA982, 4},
	{0xA9B3, 0xA9B3, 4},
	{0xA9B6, 0xA9B9, 4},
	{0xA9BC, 0xA9BD, 4},
	{0xA9CF, 0xA9CF, 4},
	{0xA9E5, 0xA9E6, 4},
	{0xAA29, 0xAA2E, 4},
	{0xAA31, 0xAA32, 4},
	{0xAA35, 0xAA36, 4},
	{0xAA43, 0xAA43, 4},
	{0xAA4C, 0xAA4C, 4},
	{0xAA70, 0xAA70, 4},
	{0xAA7C, 0xAA7C, 4},
	{0xAAB0, 0xAAB0, 4},
	{0xAAB2, 0xAAB4, 4},
	{0xAAB7, 0xAAB8, 4},
	{0xAABE, 0xAABF, 4},
	{0xAAC1, 0xAAC1, 4},
	{0xAADD, 0xAADD, 4},
	{0xAAEC, 0xAAED, 4},
	{0xAAF3, 0xAAF4, 4},
	{0xAAF6, 0xAAF6, 4},
	{0xAB5B, 0xAB5F, 4},
	{0xAB69, 0xAB6B, 4},
	{0xABE5, 0xABE5, 4},
	{0xABE8, 0xABE8, 4},
	{0xABED, 0xABED, 4},
	{0xFB1E, 0xFB1E, 4},
	{0xFBB2, 0xFBC2, 4},
	{0xFE00, 0xFE0F, 4},
	{0xFE13, 0xFE13, 4},
	{0xFE20, 0xFE2F, 4},
	{0xFE52, 0xFE52, 4},
	{0xFE55, 0xFE55, 4},
	{0xFEFF, 0xFEFF, 4},
	{0xFF07, 0xFF07, 4},
	{0xFF0E, 0xFF0E, 4},
	{0xFF1A, 0xFF1A, 4},
	{0xFF3E, 0xFF3E, 4},
	{0xFF40, 0xFF40, 4},
	{0xFF70, 0xFF70, 4},
	{0xFF9E, 0xFF9F, 4},
	{0xFFE3, 0xFFE3, 4},
	{0xFFF9, 0xFFFB, 4},
	{0x101FD, 0x101FD, 4},
	{0x102E0, 0x102E0, 4},
	{0x10376, 0x1037A, 4},
	{0x10780, 0x10785, 4},
	{0x10787, 0x107B0, 4},
	{0x107B2, 0x107BA, 4},
	{0x10A01, 0x10A03, 4},
	{0x10A05, 0x10A06, 4},
	{0x10A0C, 0x10A0F, 4},
	{0x10A38, 0x10A3A, 4},
	{0x10A3F, 0x10A3F, 4},
	{0x10AE5, 0x10AE6, 4},
	{0x10D24, 0x10D27, 4},
	{0x10D4E, 0x10D4E, 4},
	{0x10D69, 0x10D6D, 4},
	{0x10D6F, 0x10D6F, 4},
	{0x10EAB, 0x10EAC, 4},
	{0x10EC5, 0x10EC5, 4},
	{0x10EFA, 0x10EFF, 4},
	{0x10F46, 0x10F50, 4},
	{0x10F82, 0x10F85, 4},
	{0x11001, 0x11001, 4},
	{0x11038, 0x11046, 4},
	{0x11070, 0x11070, 4},
	{0x11073, 0x11074, 4},
	{0x1107F, 0x11081, 4},
	{0x110B3, 0x110B6, 4},
	{0x110B9, 0x110BA, 4},
	{0x110BD, 0x110BD, 4},
	{0x110C2, 0x110C2, 4},
	{0x110CD, 0x110CD, 4},
	{0x11100, 0x11102, 4},
	{0x11127, 0x1112B, 4},
	{0x1112D, 0x11134, 4},
	{0x11173, 0x11173, 4},
	{0x11180, 0x11181, 4},
	{0x111B6, 0x111BE, 4},
	{0x111C9, 0x111CC, 4},
	{0x111CF, 0x111CF, 4},
	{0x1122F, 0x11231, 4},
	{0x11234, 0x11234, 4},
	{0x11236, 0x11237, 4},
	{0x1123E, 0x1123E, 4},
	{0x11241, 0x11241, 4},
	{0x112DF, 0x112DF, 4},
	{0x112E3, 0x112EA, 4},
	{0x11300, 0x11301, 4},
	{0x1133B, 0x1133C, 4},
	{0x11340, 0x11340, 4},
	{0x11366, 0x1136C, 4},
	{0x11370, 0x11374, 4},
	{0x113BB, 0x113C0, 4},
	{0x113CE, 0x113CE, 4},
	{0x113D0, 0x113D0, 4},
	{0x113D2, 0x113D2, 4},
	{0x113E1, 0x113E2, 4},
	{0x11438, 0x1143F, 4},
	{0x11442, 0x11444, 4},
	{0x11446, 0x11446, 4},
	{0x1145E, 0x1145E, 4},
	{0x114B3, 0x114B8, 4},
	{0x114BA, 0x114BA, 4},
	{0x114BF, 0x114C0, 4},
	{0x114C2, 0x114C3, 4},
	{0x115B2, 0x115B5, 4},
	{0x115BC, 0x115BD, 4},
	{0x115BF, 0x115C0, 4},
	{0x115DC, 0x115DD, 4},
	{0x11633, 0x1163A, 4},
	{0x1163D, 0x1163D, 4},
	{0x1163F, 0x11640, 4},
	{0x116AB, 0x116AB, 4},
	{0x116AD, 0x116AD, 4},
	{0x116B0, 0x116B5, 4},
	{0x116B7, 0x116B7, 4},
	{0x1171D, 0x1171D, 4},
	{0x1171F, 0x1171F, 4},
	{0x11722, 0x11725, 4},
	{0x11727, 0x1172B, 4},
	{0x1182F, 0x11837, 4},
	{0x11839, 0x1183A, 4},
	{0x1193B, 0x1193C, 4},
	{0x1193E, 0x1193E, 4},
	{0x11943, 0x11943, 4},
	{0x119D4, 0x119D7, 4},
	{0x119DA, 0x119DB, 4},
	{0x119E0, 0x119E0, 4},
	{0x11A01, 0x11A0A, 4},
	{0x11A33, 0x11A38, 4},
	{0x11A3B, 0x11A3E, 4},
	{0x11A47, 0x11A47, 4},
	{0x11A51, 0x11A56, 4},
	{0x11A59, 0x11A5B, 4},
	{0x11A8A, 0x11A96, 4},
	{0x11A98, 0x11A99, 4},
	{0x11B60, 0x11B60, 4},
	{0x11B62, 0x11B64, 4},
	{0x11B66, 0x11B66, 4},
	{0x11C30, 0x11C36, 4},
	{0x11C38, 0x11C3D, 4},
	{0x11C3F, 0x11C3F, 4},
	{0x11C92, 0x11CA7, 4},
	{0x11CAA, 0x11CB0, 4},
	{0x11CB2, 0x11CB3, 4},
	{0x11CB5, 0x11CB6, 4},
	{0x11D31, 0x11D36, 4},
	{0x11D3A, 0x11D3A, 4},
	{0x11D3C, 0x11D3D, 4},
	{0x11D3F, 0x11D45, 4},
	{0x11D47, 0x11D47, 4},
	{0x11D90, 0x11D91, 4},
	{0x11D95, 0x11D95, 4},
	{0x11D97, 0x11D97, 4},
	{0x11DD9, 0x11DD9, 4},
	{0x11EF3, 0x11EF4, 4},
	{0x11F00, 0x11F01, 4},
	{0x11F36, 0x11F3A, 4},
	{0x11F40, 0x11F40, 4},
	{0x11F42, 0x11F42, 4},
	{0x11F5A, 0x11F5A, 4},
	{0x13430, 0x13440, 4},
	{0x13447, 0x13455, 4},
	{0x1611E, 0x16129, 4},
	{0x1612D, 0x1612F, 4},
	{0x16AF0, 0x16AF4, 4},
	{0x16B30, 0x16B36, 4},
	{0x16B40, 0x16B43, 4},
	{0x16D40, 0x16D42, 4},
	{0x16D6B, 0x16D6C, 4},
	{0x16F4F, 0x16F4F, 4},
	{0x16F8F, 0x16F9F, 4},
	{0x16FE0, 0x16FE1, 4},
	{0x16FE3, 0x16FE4, 4},
	{0x16FF2, 0x16FF3, 4},
	{0x1AFF0, 0x1AFF3, 4},
	{0x1AFF5, 0x1AFFB, 4},
	{0x1AFFD, 0x1AFFE, 4},
	{0x1BC9D, 0x1BC9E, 4},
	{0x1BCA0, 0x1BCA3, 4},
	{0x1CF00, 0x1CF2D, 4},
	{0x1CF30, 0x1CF46, 4},
	{0x1D167, 0x1D169, 4},
	{0x1D173, 0x1D182, 4},
	{0x1D185, 0x1D18B, 4},
	{0x1D1AA, 0x1D1AD, 4},
	{0x1D242, 0x1D244, 4},
	{0x1DA00, 0x1DA36, 4},
	{0x1DA3B, 0x1DA6C, 4},
	{0x1DA75, 0x1DA75, 4},
	{0x1DA84, 0x1DA84, 4},
	{0x1DA9B, 0x1DA9F, 4},
	{0x1DAA1, 0x1DAAF, 4},
	{0x1E000, 0x1E006, 4},
	{0x1E008, 0x1E018, 4},
	{0x1E01B, 0x1E021, 4},
	{0x1E023, 0x1E024, 4},
	{0x1E026, 0x1E02A, 4},
	{0x1E030, 0x1E06D, 4},
	{0x1E08F, 0x1E08F, 4},
	{0x1E130, 0x1E13D, 4},
	{0x1E2AE, 0x1E2AE, 4},
	{0x1E2EC, 0x1E2EF, 4},
	{0x1E4EB, 0x1E4EF, 4},
	{0x1E5EE, 0x1E5EF, 4},
	{0x1E6E3, 0x1E6E3, 4},
	{0x1E6E6, 0x1E6E6, 4},
	{0x1E6EE, 0x1E6EF, 4},
	{0x1E6F5, 0x1E6F5, 4},
	{0x1E6FF, 0x1E6FF, 4},
	{0x1E8D0, 0x1E8D6, 4},
	{0x1E944, 0x1E94B, 4},
	{0x1F3FB, 0x1F3FF, 4},
	{0xE0001, 0xE0001, 4},
	{0xE0020, 0xE007F, 4},
	{0xE0100, 0xE01EF, 4},
	{0x41, 0x5A, 5},
	{0x61, 0x7A, 5},
	{0xAA, 0xAA, 5},
	{0xB5, 0xB5, 5},
	{0xBA, 0xBA, 5},
	{0xC0, 0xD6, 5},
	{0xD8, 0xF6, 5},
	{0xF8, 0x1BA, 5},
	{0x1BC, 0x1BF, 5},
	{0x1C4, 0x293, 5},
	{0x296, 0x2B8, 5},
	{0x2C0, 0x2C1, 5},
	{0x2E0, 0x2E4, 5},
	{0x345, 0x345, 5},
	{0x370, 0x373, 5},
	{0x376, 0x377, 5},
	{0x37A, 0x37D, 5},
	{0x37F, 0x37F, 5},
	{0x386, 0x386, 5},
	{0x388, 0x38A, 5},
	{0x38C, 0x38C, 5},
	{0x38E, 0x3A1, 5},
	{0x3A3, 0x3F5, 5},
	{0x3F7, 0x481, 5},
	{0x48A, 0x52F, 5},
	{0x531, 0x556, 5},
	{0x560, 0x588, 5},
	{0x10A0, 0x10C5, 5},
	{0x10C7, 0x10C7, 5},
	{0x10CD, 0x10CD, 5},
	{0x10D0, 0x10FA, 5},
	{0x10FC, 0x10FF, 5},
	{0x13A0, 0x13F5, 5},
	{0x13F8, 0x13FD, 5},
	{0x1C80, 0x1C8A, 5},
	{0x1C90, 0x1CBA, 5},
	{0x1CBD, 0x1CBF, 5},
	{0x1D00, 0x1DBF, 5},
	{0x1E00, 0x1F15, 5},
	{0x1F18, 0x1F1D, 5},
	{0x1F20, 0x1F45, 5},
	{0x1F48, 0x1F4D, 5},
	{0x1F50, 0x1F57, 5},
	{0x1F59, 0x1F59, 5},
	{0x1F5B, 0x1F5B, 5},
	{0x1F5D, 0x1F5D, 5},
	{0x1F5F, 0x1F7D, 5},
	{0x1F80, 0x1FB4, 5},
	{0x1FB6, 0x1FBC, 5},
	{0x1FBE, 0x1FBE, 5},
	{0x1FC2, 0x1FC4, 5},
	{0x1FC6, 0x1FCC, 5},
	{0x1FD0, 0x1FD3, 5},
	{0x1FD6, 0x1FDB, 5},
	{0x1FE0, 0x1FEC, 5},
	{0x1FF2, 0x1FF4, 5},
	{0x1FF6, 0x1FFC, 5},
	{0x2071, 0x2071, 5},
	{0x207F, 0x207F, 5},
	{0x2090, 0x209C, 5},
	{0x2102, 0x2102, 5},
	{0x2107, 0x2107, 5},
	{0x210A, 0x2113, 5},
	{0x2115, 0x2115, 5},
	{0x2119, 0x211D, 5},
	{0x2124, 0x2124, 5},
	{0x2126, 0x2126, 5},
	{0x2128, 0x2128, 5},
	{0x212A, 0x212D, 5},
	{0x212F, 0x2134, 5},
	{0x2139, 0x2139, 5},
	{0x213C, 0x213F, 5},
	{0x2145, 0x2149, 5},
	{0x214E, 0x214E, 5},
	{0x2160, 0x217F, 5},
	{0x2183, 0x2184, 5},
	{0x24B6, 0x24E9, 5},
	{0x2C00, 0x2CE4, 5},
	{0x2CEB, 0x2CEE, 5},
	{0x2CF2, 0x2CF3, 5},
	{0x2D00, 0x2D25, 5},
	{0x2D27, 0x2D27, 5},
	{0x2D2D, 0x2D2D, 5},
	{0xA640, 0xA66D, 5},
	{0xA680, 0xA69D, 5},
	{0xA722, 0xA787, 5},
	{0xA78B, 0xA78E, 5},
	{0xA790, 0xA7DC, 5},
	{0xA7F1, 0xA7F6, 5},
	{0xA7F8, 0xA7FA, 5},
	{0xAB30, 0xAB5A, 5},
	{0xAB5C, 0xAB69, 5},
	{0xAB70, 0xABBF, 5},
	{0xFB00, 0xFB06, 5},
	{0xFB13, 0xFB17, 5},
	{0xFF21, 0xFF3A, 5},
	{0xFF41, 0xFF5A, 5},
	{0x10400, 0x1044F, 5},
	{0x104B0, 0x104D3, 5},
	{0x104D8, 0x104FB, 5},
	{0x10570, 0x1057A, 5},
	{0x1057C, 0x1058A, 5},
	{0x1058C, 0x10592, 5},
	{0x10594, 0x10595, 5},
	{0x10597, 0x105A1, 5},
	{0x105A3, 0x105B1, 5},
	{0x105B3, 0x105B9, 5},
	{0x105BB, 0x105BC, 5},
	{0x10780, 0x10780, 5},
	{0x10783, 0x10785, 5},
	{0x10787, 0x107B0, 5},
	{0x107B2, 0x107BA, 5},
	{0x10C80, 0x10CB2, 5},
	{0x10CC0, 0x10CF2, 5},
	{0x10D50, 0x10D65, 5},
	{0x10D70, 0x10D85, 5},
	{0x118A0, 0x118DF, 5},
	{0x16E40, 0x16E7F, 5},
	{0x16EA0, 0x16EB8, 5},
	{0x16EBB, 0x16ED3, 5},
	{0x1D400, 0x1D454, 5},
	{0x1D456, 0x1D49C, 5},
	{0x1D49E, 0x1D49F, 5},
	{0x1D4A2, 0x1D4A2, 5},
	{0x1D4A5, 0x1D4A6, 5},
	{0x1D4A9, 0x1D4AC, 5},
	{0x1D4AE, 0x1D4B9, 5},
	{0x1D4BB, 0x1D4BB, 5},
	{0x1D4BD, 0x1D4C3, 5},
	{0x1D4C5, 0x1D505, 5},
	{0x1D507, 0x1D50A, 5},
	{0x1D50D, 0x1D514, 5},
	{0x1D516, 0x1D51C, 5},
	{0x1D51E, 0x1D539, 5},
	{0x1D53B, 0x1D53E, 5},
	{0x1D540, 0x1D544, 5},
	{0x1D546, 0x1D546, 5},
	{0x1D54A, 0x1D550, 5},
	{0x1D552, 0x1D6A5, 5},
	{0x1D6A8, 0x1D6C0, 5},
	{0x1D6C2, 0x1D6DA, 5},
	{0x1D6DC, 0x1D6FA, 5},
	{0x1D6FC, 0x1D714, 5},
	{0x1D716, 0x1D734, 5},
	{0x1D736, 0x1D74E, 5},
	{0x1D750, 0x1D76E, 5},
	{0x1D770, 0x1D788, 5},
	{0x1D78A, 0x1D7A8, 5},
	{0x1D7AA, 0x1D7C2, 5},
	{0x1D7C4, 0x1D7CB, 5},
	{0x1DF00, 0x1DF09, 5},
	{0x1DF0B, 0x1DF1E, 5},
	{0x1DF25, 0x1DF2A, 5},
	{0x1E030, 0x1E06D, 5},
	{0x1E900, 0x1E943, 5},
	{0x1F130, 0x1F149, 5},
	{0x1F150, 0x1F169, 5},
	{0x1F170, 0x1F189, 5},
	{0x41, 0x5A, 6},
	{0xB5, 0xB5, 6},
	{0xC0, 0xD6, 6},
	{0xD8, 0xDF, 6},
	{0x100, 0x100, 6},
	{0x102, 0x102, 6},
	{0x104, 0x104, 6},
	{0x106, 0x106, 6},
	{0x108, 0x108, 6},
	{0x10A, 0x10A, 6},
	{0x10C, 0x10C, 6},
	{0x10E, 0x10E, 6},
	{0x110, 0x110, 6},
	{0x112, 0x112, 6},
	{0x114, 0x114, 6},
	{0x116, 0x116, 6},
	{0x118, 0x118, 6},
	{0x11A, 0x11A, 6},
	{0x11C, 0x11C, 6},
	{0x11E, 0x11E, 6},
	{0x120, 0x120, 6},
	{0x122, 0x122, 6},
	{0x124, 0x124, 6},
	{0x126, 0x126, 6},
	{0x128, 0x128, 6},
	{0x12A, 0x12A, 6},
	{0x12C, 0x12C, 6},
	{0x12E, 0x12E, 6},
	{0x130, 0x130, 6},
	{0x132, 0x132, 6},
	{0x134, 0x134, 6},
	{0x136, 0x136, 6},
	{0x139, 0x139, 6},
	{0x13B, 0x13B, 6},
	{0x13D, 0x13D, 6},
	{0x13F, 0x13F, 6},
	{0x141, 0x141, 6},
	{0x143, 0x143, 6},
	{0x145, 0x145, 6},
	{0x147, 0x147, 6},
	{0x149, 0x14A, 6},
	{0x14C, 0x14C, 6},
	{0x14E, 0x14E, 6},
	{0x150, 0x150, 6},
	{0x152, 0x152, 6},
	{0x154, 0x154, 6},
	{0x156, 0x156, 6},
	{0x158, 0x158, 6},
	{0x15A, 0x15A, 6},
	{0x15C, 0x15C, 6},
	{0x15E, 0x15E, 6},
	{0x160, 0x160, 6},
	{0x162, 0x162, 6},
	{0x164, 0x164, 6},
	{0x166, 0x166, 6},
	{0x168, 0x168, 6},
	{0x16A, 0x16A, 6},
	{0x16C, 0x16C, 6},
	{0x16E, 0x16E, 6},
	{0x170, 0x170, 6},
	{0x172, 0x172, 6},
	{0x174, 0x174, 6},
	{0x176, 0x176, 6},
	{0x178, 0x179, 6},
	{0x17B, 0x17B, 6},
	{0x17D, 0x17D, 6},
	{0x17F, 0x17F, 6},
	{0x181, 0x182, 6},
	{0x184, 0x184, 6},
	{0x186, 0x187, 6},
	{0x189, 0x18B, 6},
	{0x18E, 0x191, 6},
	{0x193, 0x194, 6},
	{0x196, 0x198, 6},
	{0x19C, 0x19D, 6},
	{0x19F, 0x1A0, 6},
	{0x1A2, 0x1A2, 6},
	{0x1A4, 0x1A4, 6},
	{0x1A6, 0x1A7, 6},
	{0x1A9, 0x1A9, 6},
	{0x1AC, 0x1AC, 6},
	{0x1AE, 0x1AF, 6},
	{0x1B1, 0x1B3, 6},
	{0x1B5, 0x1B5, 6},
	{0x1B7, 0x1B8, 6},
	{0x1BC, 0x1BC, 6},
	{0x1C4, 0x1C5, 6},
	{0x1C7, 0x1C8, 6},
	{0x1CA, 0x1CB, 6},
	{0x1CD, 0x1CD, 6},
	{0x1CF, 0x1CF, 6},
	{0x1D1, 0x1D1, 6},
	{0x1D3, 0x1D3, 6},
	{0x1D5, 0x1D5, 6},
	{0x1D7, 0x1D7, 6},
	{0x1D9, 0x1D9, 6},
	{0x1DB, 0x1DB, 6},
	{0x1DE, 0x1DE, 6},
	{0x1E0, 0x1E0, 6},
	{0x1E2, 0x1E2, 6},
	{0x1E4, 0x1E4, 6},
	{0x1E6, 0x1E6, 6},
	{0x1E8, 0x1E8, 6},
	{0x1EA, 0x1EA, 6},
	{0x1EC, 0x1EC, 6},
	{0x1EE, 0x1EE, 6},
	{0x1F1, 0x1F2, 6},
	{0x1F4, 0x1F4, 6},
	{0x1F6, 0x1F8, 6},
	{0x1FA, 0x1FA, 6},
	{0x1FC, 0x1FC, 6},
	{0x1FE, 0x1FE, 6},
	{0x200, 0x200, 6},
	{0x202, 0x202, 6},
	{0x204, 0x204, 6},
	{0x206, 0x206, 6},
	{0x208, 0x208, 6},
	{0x20A, 0x20A, 6},
	{0x20C, 0x20C, 6},
	{0x20E, 0x20E, 6},
	{0x210, 0x210, 6},
	{0x212, 0x212, 6},
	{0x214, 0x214, 6},
	{0x216, 0x216, 6},
	{0x218, 0x218, 6},
	{0x21A, 0x21A, 6},
	{0x21C, 0x21C, 6},
	{0x21E, 0x21E, 6},
	{0x220, 0x220, 6},
	{0x222, 0x222, 6},
	{0x224, 0x224, 6},
	{0x226, 0x226, 6},
	{0x228, 0x228, 6},
	{0x22A, 0x22A, 6},
	{0x22C, 0x22C, 6},
	{0x22E, 0x22E, 6},
	{0x230, 0x230, 6},
	{0x232, 0x232, 6},
	{0x23A, 0x23B, 6},
	{0x23D, 0x23E, 6},
	{0x241, 0x241, 6},
	{0x243, 0x246, 6},
	{0x248, 0x248, 6},
	{0x24A, 0x24A, 6},
	{0x24C, 0x24C, 6},
	{0x24E, 0x24E, 6},
	{0x345, 0x345, 6},
	{0x370, 0x370, 6},
	{0x372, 0x372, 6},
	{0x376, 0x376, 6},
	{0x37F, 0x37F, 6},
	{0x386, 0x386, 6},
	{0x388, 0x38A, 6},
	{0x38C, 0x38C, 6},
	{0x38E, 0x38F, 6},
	{0x391, 0x3A1, 6},
	{0x3A3, 0x3AB, 6},
	{0x3C2, 0x3C2, 6},
	{0x3CF, 0x3D1, 6},
	{0x3D5, 0x3D6, 6},
	{0x3D8, 0x3D8, 6},
	{0x3DA, 0x3DA, 6},
	{0x3DC, 0x3DC, 6},
	{0x3DE, 0x3DE, 6},
	{0x3E0, 0x3E0, 6},
	{0x3E2, 0x3E2, 6},
	{0x3E4, 0x3E4, 6},
	{0x3E6, 0x3E6, 6},
	{0x3E8, 0x3E8, 6},
	{0x3EA, 0x3EA, 6},
	{0x3EC, 0x3EC, 6},
	{0x3EE, 0x3EE, 6},
	{0x3F0, 0x3F1, 6},
	{0x3F4, 0x3F5, 6},
	{0x3F7, 0x3F7, 6},
	{0x3F9, 0x3FA, 6},
	{0x3FD, 0x42F, 6},
	{0x460, 0x460, 6},
	{0x462, 0x462, 6},
	{0x464, 0x464, 6},
	{0x466, 0x466, 6},
	{0x468, 0x468, 6},
	{0x46A, 0x46A, 6},
	{0x46C, 0x46C, 6},
	{0x46E, 0x46E, 6},
	{0x470, 0x470, 6},
	{0x472, 0x472, 6},
	{0x474, 0x474, 6},
	{0x476, 0x476, 6},
	{0x478, 0x478, 6},
	{0x47A, 0x47A, 6},
	{0x47C, 0x47C, 6},
	{0x47E, 0x47E, 6},
	{0x480, 0x480, 6},
	{0x48A, 0x48A, 6},
	{0x48C, 0x48C, 6},
	{0x48E, 0x48E, 6},
	{0x490, 0x490, 6},
	{0x492, 0x492, 6},
	{0x494, 0x494, 6},
	{0x496, 0x496, 6},
	{0x498, 0x498, 6},
	{0x49A, 0x49A, 6},
	{0x49C, 0x49C, 6},
	{0x49E, 0x49E, 6},
	{0x4A0, 0x4A0, 6},
	{0x4A2, 0x4A2, 6},
	{0x4A4, 0x4A4, 6},
	{0x4A6, 0x4A6, 6},
	{0x4A8, 0x4A8, 6},
	{0x4AA, 0x4AA, 6},
	{0x4AC, 0x4AC, 6},
	{0x4AE, 0x4AE, 6},
	{0x4B0, 0x4B0, 6},
	{0x4B2, 0x4B2, 6},
	{0x4B4, 0x4B4, 6},
	{0x4B6, 0x4B6, 6},
	{0x4B8, 0x4B8, 6},
	{0x4BA, 0x4BA, 6},
	{0x4BC, 0x4BC, 6},
	{0x4BE, 0x4BE, 6},
	{0x4C0, 0x4C1, 6},
	{0x4C3, 0x4C3, 6},
	{0x4C5, 0x4C5, 6},
	{0x4C7, 0x4C7, 6},
	{0x4C9, 0x4C9, 6},
	{0x4CB, 0x4CB, 6},
	{0x4CD, 0x4CD, 6},
	{0x4D0, 0x4D0, 6},
	{0x4D2, 0x4D2, 6},
	{0x4D4, 0x4D4, 6},
	{0x4D6, 0x4D6, 6},
	{0x4D8, 0x4D8, 6},
	{0x4DA, 0x4DA, 6},
	{0x4DC, 0x4DC, 6},
	{0x4DE, 0x4DE, 6},
	{0x4E0, 0x4E0, 6},
	{0x4E2, 0x4E2, 6},
	{0x4E4, 0x4E4, 6},
	{0x4E6, 0x4E6, 6},
	{0x4E8, 0x4E8, 6},
	{0x4EA, 0x4EA, 6},
	{0x4EC, 0x4EC, 6},
	{0x4EE, 0x4EE, 6},
	{0x4F0, 0x4F0, 6},
	{0x4F2, 0x4F2, 6},
	{0x4F4, 0x4F4, 6},
	{0x4F6, 0x4F6, 6},
	{0x4F8, 0x4F8, 6},
	{0x4FA, 0x4FA, 6},
	{0x4FC, 0x4FC, 6},
	{0x4FE, 0x4FE, 6},
	{0x500, 0x500, 6},
	{0x502, 0x502, 6},
	{0x504, 0x504, 6},
	{0x506, 0x506, 6},
	{0x508, 0x508, 6},
	{0x50A, 0x50A, 6},
	{0x50C, 0x50C, 6},
	{0x50E, 0x50E, 6},
	{0x510, 0x510, 6},
	{0x512, 0x512, 6},
	{0x514, 0x514, 6},
	{0x516, 0x516, 6},
	{0x518, 0x518, 6},
	{0x51A, 0x51A, 6},
	{0x51C, 0x51C, 6},
	{0x51E, 0x51E, 6},
	{0x520, 0x520, 6},
	{0x522, 0x522, 6},
	{0x524, 0x524, 6},
	{0x526, 0x526, 6},
	{0x528, 0x528, 6},
	{0x52A, 0x52A, 6},
	{0x52C, 0x52C, 6},
	{0x52E, 0x52E, 6},
	{0x531, 0x556, 6},
	{0x587, 0x587, 6},
	{0x10A0, 0x10C5, 6},
	{0x10C7, 0x10C7, 6},
	{0x10CD, 0x10CD, 6},
	{0x13F8, 0x13FD, 6},
	{0x1C80, 0x1C89, 6},
	{0x1C90, 0x1CBA, 6},
	{0x1CBD, 0x1CBF, 6},
	{0x1E00, 0x1E00, 6},
	{0x1E02, 0x1E02, 6},
	{0x1E04, 0x1E04, 6},
	{0x1E06, 0x1E06, 6},
	{0x1E08, 0x1E08, 6},
	{0x1E0A, 0x1E0A, 6},
	{0x1E0C, 0x1E0C, 6},
	{0x1E0E, 0x1E0E, 6},
	{0x1E10, 0x1E10, 6},
	{0x1E12, 0x1E12, 6},
	{0x1E14, 0x1E14, 6},
	{0x1E16, 0x1E16, 6},
	{0x1E18, 0x1E18, 6},
	{0x1E1A, 0x1E1A, 6},
	{0x1E1C, 0x1E1C, 6},
	{0x1E1E, 0x1E1E, 6},
	{0x1E20, 0x1E20, 6},
	{0x1E22, 0x1E22, 6},
	{0x1E24, 0x1E24, 6},
	{0x1E26, 0x1E26, 6},
	{0x1E28, 0x1E28, 6},
	{0x1E2A, 0x1E2A, 6},
	{0x1E2C, 0x1E2C, 6},
	{0x1E2E, 0x1E2E, 6},
	{0x1E30, 0x1E30, 6},
	{0x1E32, 0x1E32, 6},
	{0x1E34, 0x1E34, 6},
	{0x1E36, 0x1E36, 6},
	{0x1E38, 0x1E38, 6},
	{0x1E3A, 0x1E3A, 6},
	{0x1E3C, 0x1E3C, 6},
	{0x1E3E, 0x1E3E, 6},
	{0x1E40, 0x1E40, 6},
	{0x1E42, 0x1E42, 6},
	{0x1E44, 0x1E44, 6},
	{0x1E46, 0x1E46, 6},
	{0x1E48, 0x1E48, 6},
	{0x1E4A, 0x1E4A, 6},
	{0x1E4C, 0x1E4C, 6},
	{0x1E4E, 0x1E4E, 6},
	{0x1E50, 0x1E50, 6},
	{0x1E52, 0x1E52, 6},
	{0x1E54, 0x1E54, 6},
	{0x1E56, 0x1E56, 6},
	{0x1E58, 0x1E58, 6},
	{0x1E5A, 0x1E5A, 6},
	{0x1E5C, 0x1E5C, 6},
	{0x1E5E, 0x1E5E, 6},
	{0x1E60, 0x1E60, 6},
	{0x1E62, 0x1E62, 6},
	{0x1E64, 0x1E64, 6},
	{0x1E66, 0x1E66, 6},
	{0x1E68, 0x1E68, 6},
	{0x1E6A, 0x1E6A, 6},
	{0x1E6C, 0x1E6C, 6},
	{0x1E6E, 0x1E6E, 6},
	{0x1E70, 0x1E70, 6},
	{0x1E72, 0x1E72, 6},
	{0x1E74, 0x1E74, 6},
	{0x1E76, 0x1E76, 6},
	{0x1E78, 0x1E78, 6},
	{0x1E7A, 0x1E7A, 6},
	{0x1E7C, 0x1E7C, 6},
	{0x1E7E, 0x1E7E, 6},
	{0x1E80, 0x1E80, 6},
	{0x1E82, 0x1E82, 6},
	{0x1E84, 0x1E84, 6},
	{0x1E86, 0x1E86, 6},
	{0x1E88, 0x1E88, 6},
	{0x1E8A, 0x1E8A, 6},
	{0x1E8C, 0x1E8C, 6},
	{0x1E8E, 0x1E8E, 6},
	{0x1E90, 0x1E90, 6},
	{0x1E92, 0x1E92, 6},
	{0x1E94, 0x1E94, 6},
	{0x1E9A, 0x1E9B, 6},
	{0x1E9E, 0x1E9E, 6},
	{0x1EA0, 0x1EA0, 6},
	{0x1EA2, 0x1EA2, 6},
	{0x1EA4, 0x1EA4, 6},
	{0x1EA6, 0x1EA6, 6},
	{0x1EA8, 0x1EA8, 6},
	{0x1EAA, 0x1EAA, 6},
	{0x1EAC, 0x1EAC, 6},
	{0x1EAE, 0x1EAE, 6},
	{0x1EB0, 0x1EB0, 6},
	{0x1EB2, 0x1EB2, 6},
	{0x1EB4, 0x1EB4, 6},
	{0x1EB6, 0x1EB6, 6},
	{0x1EB8, 0x1EB8, 6},
	{0x1EBA, 0x1EBA, 6},
	{0x1EBC, 0x1EBC, 6},
	{0x1EBE, 0x1EBE, 6},
	{0x1EC0, 0x1EC0, 6},
	{0x1EC2, 0x1EC2, 6},
	{0x1EC4, 0x1EC4, 6},
	{0x1EC6, 0x1EC6, 6},
	{0x1EC8, 0x1EC8, 6},
	{0x1ECA, 0x1ECA, 6},
	{0x1ECC, 0x1ECC, 6},
	{0x1ECE, 0x1ECE, 6},
	{0x1ED0, 0x1ED0, 6},
	{0x1ED2, 0x1ED2, 6},
	{0x1ED4, 0x1ED4, 6},
	{0x1ED6, 0x1ED6, 6},
	{0x1ED8, 0x1ED8, 6},
	{0x1EDA, 0x1EDA, 6},
	{0x1EDC, 0x1EDC, 6},
	{0x1EDE, 0x1EDE, 6},
	{0x1EE0, 0x1EE0, 6},
	{0x1EE2, 0x1EE2, 6},
	{0x1EE4, 0x1EE4, 6},
	{0x1EE6, 0x1EE6, 6},
	{0x1EE8, 0x1EE8, 6},
	{0x1EEA, 0x1EEA, 6},
	{0x1EEC, 0x1EEC, 6},
	{0x1EEE, 0x1EEE, 6},
	{0x1EF0, 0x1EF0, 6},
	{0x1EF2, 0x1EF2, 6},
	{0x1EF4, 0x1EF4, 6},
	{0x1EF6, 0x1EF6, 6},
	{0x1EF8, 0x1EF8, 6},
	{0x1EFA, 0x1EFA, 6},
	{0x1EFC, 0x1EFC, 6},
	{0x1EFE, 0x1EFE, 6},
	{0x1F08, 0x1F0F, 6},
	{0x1F18, 0x1F1D, 6},
	{0x1F28, 0x1F2F, 6},
	{0x1F38, 0x1F3F, 6},
	{0x1F48, 0x1F4D, 6},
	{0x1F59, 0x1F59, 6},
	{0x1F5B, 0x1F5B, 6},
	{0x1F5D, 0x1F5D, 6},
	{0x1F5F, 0x1F5F, 6},
	{0x1F68, 0x1F6F, 6},
	{0x1F80, 0x1FAF, 6},
	{0x1FB2, 0x1FB4, 6},
	{0x1FB7, 0x1FBC, 6},
	{0x1FC2, 0x1FC4, 6},
	{0x1FC7, 0x1FCC, 6},
	{0x1FD8, 0x1FDB, 6},
	{0x1FE8, 0x1FEC, 6},
	{0x1FF2, 0x1FF4, 6},
	{0x1FF7, 0x1FFC, 6},
	{0x2126, 0x2126, 6},
	{0x212A, 0x212B, 6},
	{0x2132, 0x2132, 6},
	{0x2160, 0x216F, 6},
	{0x2183, 0x2183, 6},
	{0x24B6, 0x24CF, 6},
	{0x2C00, 0x2C2F, 6},
	{0x2C60, 0x2C60, 6},
	{0x2C62, 0x2C64, 6},
	{0x2C67, 0x2C67, 6},
	{0x2C69, 0x2C69, 6},
	{0x2C6B, 0x2C6B, 6},
	{0x2C6D, 0x2C70, 6},
	{0x2C72, 0x2C72, 6},
	{0x2C75, 0x2C75, 6},
	{0x2C7E, 0x2C80, 6},
	{0x2C82, 0x2C82, 6},
	{0x2C84, 0x2C84, 6},
	{0x2C86, 0x2C86, 6},
	{0x2C88, 0x2C88, 6},
	{0x2C8A, 0x2C8A, 6},
	{0x2C8C, 0x2C8C, 6},
	{0x2C8E, 0x2C8E, 6},
	{0x2C90, 0x2C90, 6},
	{0x2C92, 0x2C92, 6},
	{0x2C94, 0x2C94, 6},
	{0x2C96, 0x2C96, 6},
	{0x2C98, 0x2C98, 6},
	{0x2C9A, 0x2C9A, 6},
	{0x2C9C, 0x2C9C, 6},
	{0x2C9E, 0x2C9E, 6},
	{0x2CA0, 0x2CA0, 6},
	{0x2CA2, 0x2CA2, 6},
	{0x2CA4, 0x2CA4, 6},
	{0x2CA6, 0x2CA6, 6},
	{0x2CA8, 0x2CA8, 6},
	{0x2CAA, 0x2CAA, 6},
	{0x2CAC, 0x2CAC, 6},
	{0x2CAE, 0x2CAE, 6},
	{0x2CB0, 0x2CB0, 6},
	{0x2CB2, 0x2CB2, 6},
	{0x2CB4, 0x2CB4, 6},
	{0x2CB6, 0x2CB6, 6},
	{0x2CB8, 0x2CB8, 6},
	{0x2CBA, 0x2CBA, 6},
	{0x2CBC, 0x2CBC, 6},
	{0x2CBE, 0x2CBE, 6},
	{0x2CC0, 0x2CC0, 6},
	{0x2CC2, 0x2CC2, 6},
	{0x2CC4, 0x2CC4, 6},
	{0x2CC6, 0x2CC6, 6},
	{0x2CC8, 0x2CC8, 6},
	{0x2CCA, 0x2CCA, 6},
	{0x2CCC, 0x2CCC, 6},
	{0x2CCE, 0x2CCE, 6},
	{0x2CD0, 0x2CD0, 6},
	{0x2CD2, 0x2CD2, 6},
	{0x2CD4, 0x2CD4, 6},
	{0x2CD6, 0x2CD6, 6},
	{0x2CD8, 0x2CD8, 6},
	{0x2CDA, 0x2CDA, 6},
	{0x2CDC, 0x2CDC, 6},
	{0x2CDE, 0x2CDE, 6},
	{0x2CE0, 0x2CE0, 6},
	{0x2CE2, 0x2CE2, 6},
	{0x2CEB, 0x2CEB, 6},
	{0x2CED, 0x2CED, 6},
	{0x2CF2, 0x2CF2, 6},
	{0xA640, 0xA640, 6},
	{0xA642, 0xA642, 6},
	{0xA644, 0xA644, 6},
	{0xA646, 0xA646, 6},
	{0xA648, 0xA648, 6},
	{0xA64A, 0xA64A, 6},
	{0xA64C, 0xA64C, 6},
	{0xA64E, 0xA64E, 6},
	{0xA650, 0xA650, 6},
	{0xA652, 0xA652, 6},
	{0xA654, 0xA654, 6},
	{0xA656, 0xA656, 6},
	{0xA658, 0xA658, 6},
	{0xA65A, 0xA65A, 6},
	{0xA65C, 0xA65C, 6},
	{0xA65E, 0xA65E, 6},
	{0xA660, 0xA660, 6},
	{0xA662, 0xA662, 6},
	{0xA664, 0xA664, 6},
	{0xA666, 0xA666, 6},
	{0xA668, 0xA668, 6},
	{0xA66A, 0xA66A, 6},
	{0xA66C, 0xA66C, 6},
	{0xA680, 0xA680, 6},
	{0xA682, 0xA682, 6},
	{0xA684, 0xA684, 6},
	{0xA686, 0xA686, 6},
	{0xA688, 0xA688, 6},
	{0xA68A, 0xA68A, 6},
	{0xA68C, 0xA68C, 6},
	{0xA68E, 0xA68E, 6},
	{0xA690, 0xA690, 6},
	{0xA692, 0xA692, 6},
	{0xA694, 0xA694, 6},
	{0xA696, 0xA696, 6},
	{0xA698, 0xA698, 6},
	{0xA69A, 0xA69A, 6},
	{0xA722, 0xA722, 6},
	{0xA724, 0xA724, 6},
	{0xA726, 0xA726, 6},
	{0xA728, 0xA728, 6},
	{0xA72A, 0xA72A, 6},
	{0xA72C, 0xA72C, 6},
	{0xA72E, 0xA72E, 6},
	{0xA732, 0xA732, 6},
	{0xA734, 0xA734, 6},
	{0xA736, 0xA736, 6},
	{0xA738, 0xA738, 6},
	{0xA73A, 0xA73A, 6},
	{0xA73C, 0xA73C, 6},
	{0xA73E, 0xA73E, 6},
	{0xA740, 0xA740, 6},
	{0xA742, 0xA742, 6},
	{0xA744, 0xA744, 6},
	{0xA746, 0xA746, 6},
	{0xA748, 0xA748, 6},
	{0xA74A, 0xA74A, 6},
	{0xA74C, 0xA74C, 6},
	{0xA74E, 0xA74E, 6},
	{0xA750, 0xA750, 6},
	{0xA752, 0xA752, 6},
	{0xA754, 0xA754, 6},
	{0xA756, 0xA756, 6},
	{0xA758, 0xA758, 6},
	{0xA75A, 0xA75A, 6},
	{0xA75C, 0xA75C, 6},
	{0xA75E, 0xA75E, 6},
	{0xA760, 0xA760, 6},
	{0xA762, 0xA762, 6},
	{0xA764, 0xA764, 6},
	{0xA766, 0xA766, 6},
	{0xA768, 0xA768, 6},
	{0xA76A, 0xA76A, 6},
	{0xA76C, 0xA76C, 6},
	{0xA76E, 0xA76E, 6},
	{0xA779, 0xA779, 6},
	{0xA77B, 0xA77B, 6},
	{0xA77D, 0xA77E, 6},
	{0xA780, 0xA780, 6},
	{0xA782, 0xA782, 6},
	{0xA784, 0xA784, 6},
	{0xA786, 0xA786, 6},
	{0xA78B, 0xA78B, 6},
	{0xA78D, 0xA78D, 6},
	{0xA790, 0xA790, 6},
	{0xA792, 0xA792, 6},
	{0xA796, 0xA796, 6},
	{0xA798, 0xA798, 6},
	{0xA79A, 0xA79A, 6},
	{0xA79C, 0xA79C, 6},
	{0xA79E, 0xA79E, 6},
	{0xA7A0, 0xA7A0, 6},
	{0xA7A2, 0xA7A2, 6},
	{0xA7A4, 0xA7A4, 6},
	{0xA7A6, 0xA7A6, 6},
	{0xA7A8, 0xA7A8, 6},
	{0xA7AA, 0xA7AE, 6},
	{0xA7B0, 0xA7B4, 6},
	{0xA7B6, 0xA7B6, 6},
	{0xA7B8, 0xA7B8, 6},
	{0xA7BA, 0xA7BA, 6},
	{0xA7BC, 0xA7BC, 6},
	{0xA7BE, 0xA7BE, 6},
	{0xA7C0, 0xA7C0, 6},
	{0xA7C2, 0xA7C2, 6},
	{0xA7C4, 0xA7C7, 6},
	{0xA7C9, 0xA7C9, 6},
	{0xA7CB, 0xA7CC, 6},
	{0xA7CE, 0xA7CE, 6},
	{0xA7D0, 0xA7D0, 6},
	{0xA7D2, 0xA7D2, 6},
	{0xA7D4, 0xA7D4, 6},
	{0xA7D6, 0xA7D6, 6},
	{0xA7D8, 0xA7D8, 6},
	{0xA7DA, 0xA7DA, 6},
	{0xA7DC, 0xA7DC, 6},
	{0xA7F5, 0xA7F5, 6},
	{0xAB70, 0xABBF, 6},
	{0xFB00, 0xFB06, 6},
	{0xFB13, 0xFB17, 6},
	{0xFF21, 0xFF3A, 6},
	{0x10400, 0x10427, 6},
	{0x104B0, 0x104D3, 6},
	{0x10570, 0x1057A, 6},
	{0x1057C, 0x1058A, 6},
	{0x1058C, 0x10592, 6},
	{0x10594, 0x10595, 6},
	{0x10C80, 0x10CB2, 6},
	{0x10D50, 0x10D65, 6},
	{0x118A0, 0x118BF, 6},
	{0x16E40, 0x16E5F, 6},
	{0x16EA0, 0x16EB8, 6},
	{0x1E900, 0x1E921, 6},
	{0x41, 0x5A, 7},
	{0x61, 0x7A, 7},
	{0xB5, 0xB5, 7},
	{0xC0, 0xD6, 7},
	{0xD8, 0xF6, 7},
	{0xF8, 0x137, 7},
	{0x139, 0x18C, 7},
	{0x18E, 0x1A9, 7},
	{0x1AC, 0x1B9, 7},
	{0x1BC, 0x1BD, 7},
	{0x1BF, 0x1BF, 7},
	{0x1C4, 0x220, 7},
	{0x222, 0x233, 7},
	{0x23A, 0x254, 7},
	{0x256, 0x257, 7},
	{0x259, 0x259, 7},
	{0x25B, 0x25C, 7},
	{0x260, 0x261, 7},
	{0x263, 0x266, 7},
	{0x268, 0x26C, 7},
	{0x26F, 0x26F, 7},
	{0x271, 0x272, 7},
	{0x275, 0x275, 7},
	{0x27D, 0x27D, 7},
	{0x280, 0x280, 7},
	{0x282, 0x283, 7},
	{0x287, 0x28C, 7},
	{0x292, 0x292, 7},
	{0x29D, 0x29E, 7},
	{0x345, 0x345, 7},
	{0x370, 0x373, 7},
	{0x376, 0x377, 7},
	{0x37B, 0x37D, 7},
	{0x37F, 0x37F, 7},
	{0x386, 0x386, 7},
	{0x388, 0x38A, 7},
	{0x38C, 0x38C, 7},
	{0x38E, 0x3A1, 7},
	{0x3A3, 0x3D1, 7},
	{0x3D5, 0x3F5, 7},
	{0x3F7, 0x3FB, 7},
	{0x3FD, 0x481, 7},
	{0x48A, 0x52F, 7},
	{0x531, 0x556, 7},
	{0x561, 0x587, 7},
	{0x10A0, 0x10C5, 7},
	{0x10C7, 0x10C7, 7},
	{0x10CD, 0x10CD, 7},
	{0x10D0, 0x10FA, 7},
	{0x10FD, 0x10FF, 7},
	{0x13A0, 0x13F5, 7},
	{0x13F8, 0x13FD, 7},
	{0x1C80, 0x1C8A, 7},
	{0x1C90, 0x1CBA, 7},
	{0x1CBD, 0x1CBF, 7},
	{0x1D79, 0x1D79, 7},
	{0x1D7D, 0x1D7D, 7},
	{0x1D8E, 0x1D8E, 7},
	{0x1E00, 0x1E9B, 7},
	{0x1E9E, 0x1E9E, 7},
	{0x1EA0, 0x1F15, 7},
	{0x1F18, 0x1F1D, 7},
	{0x1F20, 0x1F45, 7},
	{0x1F48, 0x1F4D, 7},
	{0x1F50, 0x1F57, 7},
	{0x1F59, 0x1F59, 7},
	{0x1F5B, 0x1F5B, 7},
	{0x1F5D, 0x1F5D, 7},
	{0x1F5F, 0x1F7D, 7},
	{0x1F80, 0x1FB4, 7},
	{0x1FB6, 0x1FBC, 7},
	{0x1FBE, 0x1FBE, 7},
	{0x1FC2, 0x1FC4, 7},
	{0x1FC6, 0x1FCC, 7},
	{0x1FD0, 0x1FD3, 7},
	{0x1FD6, 0x1FDB, 7},
	{0x1FE0, 0x1FEC, 7},
	{0x1FF2, 0x1FF4, 7},
	{0x1FF6, 0x1FFC, 7},
	{0x2126, 0x2126, 7},
	{0x212A, 0x212B, 7},
	{0x2132, 0x2132, 7},
	{0x214E, 0x214E, 7},
	{0x2160, 0x217F, 7},
	{0x2183, 0x2184, 7},
	{0x24B6, 0x24E9, 7},
	{0x2C00, 0x2C70, 7},
	{0x2C72, 0x2C73, 7},
	{0x2C75, 0x2C76, 7},
	{0x2C7E, 0x2CE3, 7},
	{0x2CEB, 0x2CEE, 7},
	{0x2CF2, 0x2CF3, 7},
	{0x2D00, 0x2D25, 7},
	{0x2D27, 0x2D27, 7},
	{0x2D2D, 0x2D2D, 7},
	{0xA640, 0xA66D, 7},
	{0xA680, 0xA69B, 7},
	{0xA722, 0xA72F, 7},
	{0xA732, 0xA76F, 7},
	{0xA779, 0xA787, 7},
	{0xA78B, 0xA78D, 7},
	{0xA790, 0xA794, 7},
	{0xA796, 0xA7AE, 7},
	{0xA7B0, 0xA7DC, 7},
	{0xA7F5, 0xA7F6, 7},
	{0xAB53, 0xAB53, 7},
	{0xAB70, 0xABBF, 7},
	{0xFB00, 0xFB06, 7},
	{0xFB13, 0xFB17, 7},
	{0xFF21, 0xFF3A, 7},
	{0xFF41, 0xFF5A, 7},
	{0x10400, 0x1044F, 7},
	{0x104B0, 0x104D3, 7},
	{0x104D8, 0x104FB, 7},
	{0x10570, 0x1057A, 7},
	{0x1057C, 0x1058A, 7},
	{0x1058C, 0x10592, 7},
	{0x10594, 0x10595, 7},
	{0x10597, 0x105A1, 7},
	{0x105A3, 0x105B1, 7},
	{0x105B3, 0x105B9, 7},
	{0x105BB, 0x105BC, 7},
	{0x10C80, 0x10CB2, 7},
	{0x10CC0, 0x10CF2, 7},
	{0x10D50, 0x10D65, 7},
	{0x10D70, 0x10D85, 7},
	{0x118A0, 0x118DF, 7},
	{0x16E40, 0x16E7F, 7},
	{0x16EA0, 0x16EB8, 7},
	{0x16EBB, 0x16ED3, 7},
	{0x1E900, 0x1E943, 7},
	{0x41, 0x5A, 8},
	{0xC0, 0xD6, 8},
	{0xD8, 0xDE, 8},
	{0x100, 0x100, 8},
	{0x102, 0x102, 8},
	{0x104, 0x104, 8},
	{0x106, 0x106, 8},
	{0x108, 0x108, 8},
	{0x10A, 0x10A, 8},
	{0x10C, 0x10C, 8},
	{0x10E, 0x10E, 8},
	{0x110, 0x110, 8},
	{0x112, 0x112, 8},
	{0x114, 0x114, 8},
	{0x116, 0x116, 8},
	{0x118, 0x118, 8},
	{0x11A, 0x11A, 8},
	{0x11C, 0x11C, 8},
	{0x11E, 0x11E, 8},
	{0x120, 0x120, 8},
	{0x122, 0x122, 8},
	{0x124, 0x124, 8},
	{0x126, 0x126, 8},
	{0x128, 0x128, 8},
	{0x12A, 0x12A, 8},
	{0x12C, 0x12C, 8},
	{0x12E, 0x12E, 8},
	{0x130, 0x130, 8},
	{0x132, 0x132, 8},
	{0x134, 0x134, 8},
	{0x136, 0x136, 8},
	{0x139, 0x139, 8},
	{0x13B, 0x13B, 8},
	{0x13D, 0x13D, 8},
	{0x13F, 0x13F, 8},
	{0x141, 0x141, 8},
	{0x143, 0x143, 8},
	{0x145, 0x145, 8},
	{0x147, 0x147, 8},
	{0x14A, 0x14A, 8},
	{0x14C, 0x14C, 8},
	{0x14E, 0x14E, 8},
	{0x150, 0x150, 8},
	{0x152, 0x152, 8},
	{0x154, 0x154, 8},
	{0x156, 0x156, 8},
	{0x158, 0x158, 8},
	{0x15A, 0x15A, 8},
	{0x15C, 0x15C, 8},
	{0x15E, 0x15E, 8},
	{0x160, 0x160, 8},
	{0x162, 0x162, 8},
	{0x164, 0x164, 8},
	{0x166, 0x166, 8},
	{0x168, 0x168, 8},
	{0x16A, 0x16A, 8},
	{0x16C, 0x16C, 8},
	{0x16E, 0x16E, 8},
	{0x170, 0x170, 8},
	{0x172, 0x172, 8},
	{0x174, 0x174, 8},
	{0x176, 0x176, 8},
	{0x178, 0x179, 8},
	{0x17B, 0x17B, 8},
	{0x17D, 0x17D, 8},
	{0x181, 0x182, 8},
	{0x184, 0x184, 8},
	{0x186, 0x187, 8},
	{0x189, 0x18B, 8},
	{0x18E, 0x191, 8},
	{0x193, 0x194, 8},
	{0x196, 0x198, 8},
	{0x19C, 0x19D, 8},
	{0x19F, 0x1A0, 8},
	{0x1A2, 0x1A2, 8},
	{0x1A4, 0x1A4, 8},
	{0x1A6, 0x1A7, 8},
	{0x1A9, 0x1A9, 8},
	{0x1AC, 0x1AC, 8},
	{0x1AE, 0x1AF, 8},
	{0x1B1, 0x1B3, 8},
	{0x1B5, 0x1B5, 8},
	{0x1B7, 0x1B8, 8},
	{0x1BC, 0x1BC, 8},
	{0x1C4, 0x1C5, 8},
	{0x1C7, 0x1C8, 8},
	{0x1CA, 0x1CB, 8},
	{0x1CD, 0x1CD, 8},
	{0x1CF, 0x1CF, 8},
	{0x1D1, 0x1D1, 8},
	{0x1D3, 0x1D3, 8},
	{0x1D5, 0x1D5, 8},
	{0x1D7, 0x1D7, 8},
	{0x1D9, 0x1D9, 8},
	{0x1DB, 0x1DB, 8},
	{0x1DE, 0x1DE, 8},
	{0x1E0, 0x1E0, 8},
	{0x1E2, 0x1E2, 8},
	{0x1E4, 0x1E4, 8},
	{0x1E6, 0x1E6, 8},
	{0x1E8, 0x1E8, 8},
	{0x1EA, 0x1EA, 8},
	{0x1EC, 0x1EC, 8},
	{0x1EE, 0x1EE, 8},
	{0x1F1, 0x1F2, 8},
	{0x1F4, 0x1F4, 8},
	{0x1F6, 0x1F8, 8},
	{0x1FA, 0x1FA, 8},
	{0x1FC, 0x1FC, 8},
	{0x1FE, 0x1FE, 8},
	{0x200, 0x200, 8},
	{0x202, 0x202, 8},
	{0x204, 0x204, 8},
	{0x206, 0x206, 8},
	{0x208, 0x208, 8},
	{0x20A, 0x20A, 8},
	{0x20C, 0x20C, 8},
	{0x20E, 0x20E, 8},
	{0x210, 0x210, 8},
	{0x212, 0x212, 8},
	{0x214, 0x214, 8},
	{0x216, 0x216, 8},
	{0x218, 0x218, 8},
	{0x21A, 0x21A, 8},
	{0x21C, 0x21C, 8},
	{0x21E, 0x21E, 8},
	{0x220, 0x220, 8},
	{0x222, 0x222, 8},
	{0x224, 0x224, 8},
	{0x226, 0x226, 8},
	{0x228, 0x228, 8},
	{0x22A, 0x22A, 8},
	{0x22C, 0x22C, 8},
	{0x22E, 0x22E, 8},
	{0x230, 0x230, 8},
	{0x232, 0x232, 8},
	{0x23A, 0x23B, 8},
	{0x23D, 0x23E, 8},
	{0x241, 0x241, 8},
	{0x243, 0x246, 8},
	{0x248, 0x248, 8},
	{0x24A, 0x24A, 8},
	{0x24C, 0x24C, 8},
	{0x24E, 0x24E, 8},
	{0x370, 0x370, 8},
	{0x372, 0x372, 8},
	{0x376, 0x376, 8},
	{0x37F, 0x37F, 8},
	{0x386, 0x386, 8},
	{0x388, 0x38A, 8},
	{0x38C, 0x38C, 8},
	{0x38E, 0x38F, 8},
	{0x391, 0x3A1, 8},
	{0x3A3, 0x3AB, 8},
	{0x3CF, 0x3CF, 8},
	{0x3D8, 0x3D8, 8},
	{0x3DA, 0x3DA, 8},
	{0x3DC, 0x3DC, 8},
	{0x3DE, 0x3DE, 8},
	{0x3E0, 0x3E0, 8},
	{0x3E2, 0x3E2, 8},
	{0x3E4, 0x3E4, 8},
	{0x3E6, 0x3E6, 8},
	{0x3E8, 0x3E8, 8},
	{0x3EA, 0x3EA, 8},
	{0x3EC, 0x3EC, 8},
	{0x3EE, 0x3EE, 8},
	{0x3F4, 0x3F4, 8},
	{0x3F7, 0x3F7, 8},
	{0x3F9, 0x3FA, 8},
	{0x3FD, 0x42F, 8},
	{0x460, 0x460, 8},
	{0x462, 0x462, 8},
	{0x464, 0x464, 8},
	{0x466, 0x466, 8},
	{0x468, 0x468, 8},
	{0x46A, 0x46A, 8},
	{0x46C, 0x46C, 8},
	{0x46E, 0x46E, 8},
	{0x470, 0x470, 8},
	{0x472, 0x472, 8},
	{0x474, 0x474, 8},
	{0x476, 0x476, 8},
	{0x478, 0x478, 8},
	{0x47A, 0x47A, 8},
	{0x47C, 0x47C, 8},
	{0x47E, 0x47E, 8},
	{0x480, 0x480, 8},
	{0x48A, 0x48A, 8},
	{0x48C, 0x48C, 8},
	{0x48E, 0x48E, 8},
	{0x490, 0x490, 8},
	{0x492, 0x492, 8},
	{0x494, 0x494, 8},
	{0x496, 0x496, 8},
	{0x498, 0x498, 8},
	{0x49A, 0x49A, 8},
	{0x49C, 0x49C, 8},
	{0x49E, 0x49E, 8},
	{0x4A0, 0x4A0, 8},
	{0x4A2, 0x4A2, 8},
	{0x4A4, 0x4A4, 8},
	{0x4A6, 0x4A6, 8},
	{0x4A8, 0x4A8, 8},
	{0x4AA, 0x4AA, 8},
	{0x4AC, 0x4AC, 8},
	{0x4AE, 0x4AE, 8},
	{0x4B0, 0x4B0, 8},
	{0x4B2, 0x4B2, 8},
	{0x4B4, 0x4B4, 8},
	{0x4B6, 0x4B6, 8},
	{0x4B8, 0x4B8, 8},
	{0x4BA, 0x4BA, 8},
	{0x4BC, 0x4BC, 8},
	{0x4BE, 0x4BE, 8},
	{0x4C0, 0x4C1, 8},
	{0x4C3, 0x4C3, 8},
	{0x4C5, 0x4C5, 8},
	{0x4C7, 0x4C7, 8},
	{0x4C9, 0x4C9, 8},
	{0x4CB, 0x4CB, 8},
	{0x4CD, 0x4CD, 8},
	{0x4D0, 0x4D0, 8},
	{0x4D2, 0x4D2, 8},
	{0x4D4, 0x4D4, 8},
	{0x4D6, 0x4D6, 8},
	{0x4D8, 0x4D8, 8},
	{0x4DA, 0x4DA, 8},
	{0x4DC, 0x4DC, 8},
	{0x4DE, 0x4DE, 8},
	{0x4E0, 0x4E0, 8},
	{0x4E2, 0x4E2, 8},
	{0x4E4, 0x4E4, 8},
	{0x4E6, 0x4E6, 8},
	{0x4E8, 0x4E8, 8},
	{0x4EA, 0x4EA, 8},
	{0x4EC, 0x4EC, 8},
	{0x4EE, 0x4EE, 8},
	{0x4F0, 0x4F0, 8},
	{0x4F2, 0x4F2, 8},
	{0x4F4, 0x4F4, 8},
	{0x4F6, 0x4F6, 8},
	{0x4F8, 0x4F8, 8},
	{0x4FA, 0x4FA, 8},
	{0x4FC, 0x4FC, 8},
	{0x4FE, 0x4FE, 8},
	{0x500, 0x500, 8},
	{0x502, 0x502, 8},
	{0x504, 0x504, 8},
	{0x506, 0x506, 8},
	{0x508, 0x508, 8},
	{0x50A, 0x50A, 8},
	{0x50C, 0x50C, 8},
	{0x50E, 0x50E, 8},
	{0x510, 0x510, 8},
	{0x512, 0x512, 8},
	{0x514, 0x514, 8},
	{0x516, 0x516, 8},
	{0x518, 0x518, 8},
	{0x51A, 0x51A, 8},
	{0x51C, 0x51C, 8},
	{0x51E, 0x51E, 8},
	{0x520, 0x520, 8},
	{0x522, 0x522, 8},
	{0x524, 0x524, 8},
	{0x526, 0x526, 8},
	{0x528, 0x528, 8},
	{0x52A, 0x52A, 8},
	{0x52C, 0x52C, 8},
	{0x52E, 0x52E, 8},
	{0x531, 0x556, 8},
	{0x10A0, 0x10C5, 8},
	{0x10C7, 0x10C7, 8},
	{0x10CD, 0x10CD, 8},
	{0x13A0, 0x13F5, 8},
	{0x1C89, 0x1C89, 8},
	{0x1C90, 0x1CBA, 8},
	{0x1CBD, 0x1CBF, 8},
	{0x1E00, 0x1E00, 8},
	{0x1E02, 0x1E02, 8},
	{0x1E04, 0x1E04, 8},
	{0x1E06, 0x1E06, 8},
	{0x1E08, 0x1E08, 8},
	{0x1E0A, 0x1E0A, 8},
	{0x1E0C, 0x1E0C, 8},
	{0x1E0E, 0x1E0E, 8},
	{0x1E10, 0x1E10, 8},
	{0x1E12, 0x1E12, 8},
	{0x1E14, 0x1E14, 8},
	{0x1E16, 0x1E16, 8},
	{0x1E18, 0x1E18, 8},
	{0x1E1A, 0x1E1A, 8},
	{0x1E1C, 0x1E1C, 8},
	{0x1E1E, 0x1E1E, 8},
	{0x1E20, 0x1E20, 8},
	{0x1E22, 0x1E22, 8},
	{0x1E24, 0x1E24, 8},
	{0x1E26, 0x1E26, 8},
	{0x1E28, 0x1E28, 8},
	{0x1E2A, 0x1E2A, 8},
	{0x1E2C, 0x1E2C, 8},
	{0x1E2E, 0x1E2E, 8},
	{0x1E30, 0x1E30, 8},
	{0x1E32, 0x1E32, 8},
	{0x1E34, 0x1E34, 8},
	{0x1E36, 0x1E36, 8},
	{0x1E38, 0x1E38, 8},
	{0x1E3A, 0x1E3A, 8},
	{0x1E3C, 0x1E3C, 8},
	{0x1E3E, 0x1E3E, 8},
	{0x1E40, 0x1E40, 8},
	{0x1E42, 0x1E42, 8},
	{0x1E44, 0x1E44, 8},
	{0x1E46, 0x1E46, 8},
	{0x1E48, 0x1E48, 8},
	{0x1E4A, 0x1E4A, 8},
	{0x1E4C, 0x1E4C, 8},
	{0x1E4E, 0x1E4E, 8},
	{0x1E50, 0x1E50, 8},
	{0x1E52, 0x1E52, 8},
	{0x1E54, 0x1E54, 8},
	{0x1E56, 0x1E56, 8},
	{0x1E58, 0x1E58, 8},
	{0x1E5A, 0x1E5A, 8},
	{0x1E5C, 0x1E5C, 8},
	{0x1E5E, 0x1E5E, 8},
	{0x1E60, 0x1E60, 8},
	{0x1E62, 0x1E62, 8},
	{0x1E64, 0x1E64, 8},
	{0x1E66, 0x1E66, 8},
	{0x1E68, 0x1E68, 8},
	{0x1E6A, 0x1E6A, 8},
	{0x1E6C, 0x1E6C, 8},
	{0x1E6E, 0x1E6E, 8},
	{0x1E70, 0x1E70, 8},
	{0x1E72, 0x1E72, 8},
	{0x1E74, 0x1E74, 8},
	{0x1E76, 0x1E76, 8},
	{0x1E78, 0x1E78, 8},
	{0x1E7A, 0x1E7A, 8},
	{0x1E7C, 0x1E7C, 8},
	{0x1E7E, 0x1E7E, 8},
	{0x1E80, 0x1E80, 8},
	{0x1E82, 0x1E82, 8},
	{0x1E84, 0x1E84, 8},
	{0x1E86, 0x1E86, 8},
	{0x1E88, 0x1E88, 8},
	{0x1E8A, 0x1E8A, 8},
	{0x1E8C, 0x1E8C, 8},
	{0x1E8E, 0x1E8E, 8},
	{0x1E90, 0x1E90, 8},
	{0x1E92, 0x1E92, 8},
	{0x1E94, 0x1E94, 8},
	{0x1E9E, 0x1E9E, 8},
	{0x1EA0, 0x1EA0, 8},
	{0x1EA2, 0x1EA2, 8},
	{0x1EA4, 0x1EA4, 8},
	{0x1EA6, 0x1EA6, 8},
	{0x1EA8, 0x1EA8, 8},
	{0x1EAA, 0x1EAA, 8},
	{0x1EAC, 0x1EAC, 8},
	{0x1EAE, 0x1EAE, 8},
	{0x1EB0, 0x1EB0, 8},
	{0x1EB2, 0x1EB2, 8},
	{0x1EB4, 0x1EB4, 8},
	{0x1EB6, 0x1EB6, 8},
	{0x1EB8, 0x1EB8, 8},
	{0x1EBA, 0x1EBA, 8},
	{0x1EBC, 0x1EBC, 8},
	{0x1EBE, 0x1EBE, 8},
	{0x1EC0, 0x1EC0, 8},
	{0x1EC2, 0x1EC2, 8},
	{0x1EC4, 0x1EC4, 8},
	{0x1EC6, 0x1EC6, 8},
	{0x1EC8, 0x1EC8, 8},
	{0x1ECA, 0x1ECA, 8},
	{0x1ECC, 0x1ECC, 8},
	{0x1ECE, 0x1ECE, 8},
	{0x1ED0, 0x1ED0, 8},
	{0x1ED2, 0x1ED2, 8},
	{0x1ED4, 0x1ED4, 8},
	{0x1ED6, 0x1ED6, 8},
	{0x1ED8, 0x1ED8, 8},
	{0x1EDA, 0x1EDA, 8},
	{0x1EDC, 0x1EDC, 8},
	{0x1EDE, 0x1EDE, 8},
	{0x1EE0, 0x1EE0, 8},
	{0x1EE2, 0x1EE2, 8},
	{0x1EE4, 0x1EE4, 8},
	{0x1EE6, 0x1EE6, 8},
	{0x1EE8, 0x1EE8, 8},
	{0x1EEA, 0x1EEA, 8},
	{0x1EEC, 0x1EEC, 8},
	{0x1EEE, 0x1EEE, 8},
	{0x1EF0, 0x1EF0, 8},
	{0x1EF2, 0x1EF2, 8},
	{0x1EF4, 0x1EF4, 8},
	{0x1EF6, 0x1EF6, 8},
	{0x1EF8, 0x1EF8, 8},
	{0x1EFA, 0x1EFA, 8},
	{0x1EFC, 0x1EFC, 8},
	{0x1EFE, 0x1EFE, 8},
	{0x1F08, 0x1F0F, 8},
	{0x1F18, 0x1F1D, 8},
	{0x1F28, 0x1F2F, 8},
	{0x1F38, 0x1F3F, 8},
	{0x1F48, 0x1F4D, 8},
	{0x1F59, 0x1F59, 8},
	{0x1F5B, 0x1F5B, 8},
	{0x1F5D, 0x1F5D, 8},
	{0x1F5F, 0x1F5F, 8},
	{0x1F68, 0x1F6F, 8},
	{0x1F88, 0x1F8F, 8},
	{0x1F98, 0x1F9F, 8},
	{0x1FA8, 0x1FAF, 8},
	{0x1FB8, 0x1FBC, 8},
	{0x1FC8, 0x1FCC, 8},
	{0x1FD8, 0x1FDB, 8},
	{0x1FE8, 0x1FEC, 8},
	{0x1FF8, 0x1FFC, 8},
	{0x2126, 0x2126, 8},
	{0x212A, 0x212B, 8},
	{0x2132, 0x2132, 8},
	{0x2160, 0x216F, 8},
	{0x2183, 0x2183, 8},
	{0x24B6, 0x24CF, 8},
	{0x2C00, 0x2C2F, 8},
	{0x2C60, 0x2C60, 8},
	{0x2C62, 0x2C64, 8},
	{0x2C67, 0x2C67, 8},
	{0x2C69, 0x2C69, 8},
	{0x2C6B, 0x2C6B, 8},
	{0x2C6D, 0x2C70, 8},
	{0x2C72, 0x2C72, 8},
	{0x2C75, 0x2C75, 8},
	{0x2C7E, 0x2C80, 8},
	{0x2C82, 0x2C82, 8},
	{0x2C84, 0x2C84, 8},
	{0x2C86, 0x2C86, 8},
	{0x2C88, 0x2C88, 8},
	{0x2C8A, 0x2C8A, 8},
	{0x2C8C, 0x2C8C, 8},
	{0x2C8E, 0x2C8E, 8},
	{0x2C90, 0x2C90, 8},
	{0x2C92, 0x2C92, 8},
	{0x2C94, 0x2C94, 8},
	{0x2C96, 0x2C96, 8},
	{0x2C98, 0x2C98, 8},
	{0x2C9A, 0x2C9A, 8},
	{0x2C9C, 0x2C9C, 8},
	{0x2C9E, 0x2C9E, 8},
	{0x2CA0, 0x2CA0, 8},
	{0x2CA2, 0x2CA2, 8},
	{0x2CA4, 0x2CA4, 8},
	{0x2CA6, 0x2CA6, 8},
	{0x2CA8, 0x2CA8, 8},
	{0x2CAA, 0x2CAA, 8},
	{0x2CAC, 0x2CAC, 8},
	{0x2CAE, 0x2CAE, 8},
	{0x2CB0, 0x2CB0, 8},
	{0x2CB2, 0x2CB2, 8},
	{0x2CB4, 0x2CB4, 8},
	{0x2CB6, 0x2CB6, 8},
	{0x2CB8, 0x2CB8, 8},
	{0x2CBA, 0x2CBA, 8},
	{0x2CBC, 0x2CBC, 8},
	{0x2CBE, 0x2CBE, 8},
	{0x2CC0, 0x2CC0, 8},
	{0x2CC2, 0x2CC2, 8},
	{0x2CC4, 0x2CC4, 8},
	{0x2CC6, 0x2CC6, 8},
	{0x2CC8, 0x2CC8, 8},
	{0x2CCA, 0x2CCA, 8},
	{0x2CCC, 0x2CCC, 8},
	{0x2CCE, 0x2CCE, 8},
	{0x2CD0, 0x2CD0, 8},
	{0x2CD2, 0x2CD2, 8},
	{0x2CD4, 0x2CD4, 8},
	{0x2CD6, 0x2CD6, 8},
	{0x2CD8, 0x2CD8, 8},
	{0x2CDA, 0x2CDA, 8},
	{0x2CDC, 0x2CDC, 8},
	{0x2CDE, 0x2CDE, 8},
	{0x2CE0, 0x2CE0, 8},
	{0x2CE2, 0x2CE2, 8},
	{0x2CEB, 0x2CEB, 8},
	{0x2CED, 0x2CED, 8},
	{0x2CF2, 0x2CF2, 8},
	{0xA640, 0xA640, 8},
	{0xA642, 0xA642, 8},
	{0xA644, 0xA644, 8},
	{0xA646, 0xA646, 8},
	{0xA648, 0xA648, 8},
	{0xA64A, 0xA64A, 8},
	{0xA64C, 0xA64C, 8},
	{0xA64E, 0xA64E, 8},
	{0xA650, 0xA650, 8},
	{0xA652, 0xA652, 8},
	{0xA654, 0xA654, 8},
	{0xA656, 0xA656, 8},
	{0xA658, 0xA658, 8},
	{0xA65A, 0xA65A, 8},
	{0xA65C, 0xA65C, 8},
	{0xA65E, 0xA65E, 8},
	{0xA660, 0xA660, 8},
	{0xA662, 0xA662, 8},
	{0xA664, 0xA664, 8},
	{0xA666, 0xA666, 8},
	{0xA668, 0xA668, 8},
	{0xA66A, 0xA66A, 8},
	{0xA66C, 0xA66C, 8},
	{0xA680, 0xA680, 8},
	{0xA682, 0xA682, 8},
	{0xA684, 0xA684, 8},
	{0xA686, 0xA686, 8},
	{0xA688, 0xA688, 8},
	{0xA68A, 0xA68A, 8},
	{0xA68C, 0xA68C, 8},
	{0xA68E, 0xA68E, 8},
	{0xA690, 0xA690, 8},
	{0xA692, 0xA692, 8},
	{0xA694, 0xA694, 8},
	{0xA696, 0xA696, 8},
	{0xA698, 0xA698, 8},
	{0xA69A, 0xA69A, 8},
	{0xA722, 0xA722, 8},
	{0xA724, 0xA724, 8},
	{0xA726, 0xA726, 8},
	{0xA728, 0xA728, 8},
	{0xA72A, 0xA72A, 8},
	{0xA72C, 0xA72C, 8},
	{0xA72E, 0xA72E, 8},
	{0xA732, 0xA732, 8},
	{0xA734, 0xA734, 8},
	{0xA736, 0xA736, 8},
	{0xA738, 0xA738, 8},
	{0xA73A, 0xA73A, 8},
	{0xA73C, 0xA73C, 8},
	{0xA73E, 0xA73E, 8},
	{0xA740, 0xA740, 8},
	{0xA742, 0xA742, 8},
	{0xA744, 0xA744, 8},
	{0xA746, 0xA746, 8},
	{0xA748, 0xA748, 8},
	{0xA74A, 0xA74A, 8},
	{0xA74C, 0xA74C, 8},
	{0xA74E, 0xA74E, 8},
	{0xA750, 0xA750, 8},
	{0xA752, 0xA752, 8},
	{0xA754, 0xA754, 8},
	{0xA756, 0xA756, 8},
	{0xA758, 0xA758, 8},
	{0xA75A, 0xA75A, 8},
	{0xA75C, 0xA75C, 8},
	{0xA75E, 0xA75E, 8},
	{0xA760, 0xA760, 8},
	{0xA762, 0xA762, 8},
	{0xA764, 0xA764, 8},
	{0xA766, 0xA766, 8},
	{0xA768, 0xA768, 8},
	{0xA76A, 0xA76A, 8},
	{0xA76C, 0xA76C, 8},
	{0xA76E, 0xA76E, 8},
	{0xA779, 0xA779, 8},
	{0xA77B, 0xA77B, 8},
	{0xA77D, 0xA77E, 8},
	{0xA780, 0xA780, 8},
	{0xA782, 0xA782, 8},
	{0xA784, 0xA784, 8},
	{0xA786, 0xA786, 8},
	{0xA78B, 0xA78B, 8},
	{0xA78D, 0xA78D, 8},
	{0xA790, 0xA790, 8},
	{0xA792, 0xA792, 8},
	{0xA796, 0xA796, 8},
	{0xA798, 0xA798, 8},
	{0xA79A, 0xA79A, 8},
	{0xA79C, 0xA79C, 8},
	{0xA79E, 0xA79E, 8},
	{0xA7A0, 0xA7A0, 8},
	{0xA7A2, 0xA7A2, 8},
	{0xA7A4, 0xA7A4, 8},
	{0xA7A6, 0xA7A6, 8},
	{0xA7A8, 0xA7A8, 8},
	{0xA7AA, 0xA7AE, 8},
	{0xA7B0, 0xA7B4, 8},
	{0xA7B6, 0xA7B6, 8},
	{0xA7B8, 0xA7B8, 8},
	{0xA7BA, 0xA7BA, 8},
	{0xA7BC, 0xA7BC, 8},
	{0xA7BE, 0xA7BE, 8},
	{0xA7C0, 0xA7C0, 8},
	{0xA7C2, 0xA7C2, 8},
	{0xA7C4, 0xA7C7, 8},
	{0xA7C9, 0xA7C9, 8},
	{0xA7CB, 0xA7CC, 8},
	{0xA7CE, 0xA7CE, 8},
	{0xA7D0, 0xA7D0, 8},
	{0xA7D2, 0xA7D2, 8},
	{0xA7D4, 0xA7D4, 8},
	{0xA7D6, 0xA7D6, 8},
	{0xA7D8, 0xA7D8, 8},
	{0xA7DA, 0xA7DA, 8},
	{0xA7DC, 0xA7DC, 8},
	{0xA7F5, 0xA7F5, 8},
	{0xFF21, 0xFF3A, 8},
	{0x10400, 0x10427, 8},
	{0x104B0, 0x104D3, 8},
	{0x10570, 0x1057A, 8},
	{0x1057C, 0x1058A, 8},
	{0x1058C, 0x10592, 8},
	{0x10594, 0x10595, 8},
	{0x10C80, 0x10CB2, 8},
	{0x10D50, 0x10D65, 8},
	{0x118A0, 0x118BF, 8},
	{0x16E40, 0x16E5F, 8},
	{0x16EA0, 0x16EB8, 8},
	{0x1E900, 0x1E921, 8},
	{0x61, 0x7A, 9},
	{0xB5, 0xB5, 9},
	{0xDF, 0xF6, 9},
	{0xF8, 0xFF, 9},
	{0x101, 0x101, 9},
	{0x103, 0x103, 9},
	{0x105, 0x105, 9},
	{0x107, 0x107, 9},
	{0x109, 0x109, 9},
	{0x10B, 0x10B, 9},
	{0x10D, 0x10D, 9},
	{0x10F, 0x10F, 9},
	{0x111, 0x111, 9},
	{0x113, 0x113, 9},
	{0x115, 0x115, 9},
	{0x117, 0x117, 9},
	{0x119, 0x119, 9},
	{0x11B, 0x11B, 9},
	{0x11D, 0x11D, 9},
	{0x11F, 0x11F, 9},
	{0x121, 0x121, 9},
	{0x123, 0x123, 9},
	{0x125, 0x125, 9},
	{0x127, 0x127, 9},
	{0x129, 0x129, 9},
	{0x12B, 0x12B, 9},
	{0x12D, 0x12D, 9},
	{0x12F, 0x12F, 9},
	{0x131, 0x131, 9},
	{0x133, 0x133, 9},
	{0x135, 0x135, 9},
	{0x137, 0x137, 9},
	{0x13A, 0x13A, 9},
	{0x13C, 0x13C, 9},
	{0x13E, 0x13E, 9},
	{0x140, 0x140, 9},
	{0x142, 0x142, 9},
	{0x144, 0x144, 9},
	{0x146, 0x146, 9},
	{0x148, 0x149, 9},
	{0x14B, 0x14B, 9},
	{0x14D, 0x14D, 9},
	{0x14F, 0x14F, 9},
	{0x151, 0x151, 9},
	{0x153, 0x153, 9},
	{0x155, 0x155, 9},
	{0x157, 0x157, 9},
	{0x159, 0x159, 9},
	{0x15B, 0x15B, 9},
	{0x15D, 0x15D, 9},
	{0x15F, 0x15F, 9},
	{0x161, 0x161, 9},
	{0x163, 0x163, 9},
	{0x165, 0x165, 9},
	{0x167, 0x167, 9},
	{0x169, 0x169, 9},
	{0x16B, 0x16B, 9},
	{0x16D, 0x16D, 9},
	{0x16F, 0x16F, 9},
	{0x171, 0x171, 9},
	{0x173, 0x173, 9},
	{0x175, 0x175, 9},
	{0x177, 0x177, 9},
	{0x17A, 0x17A, 9},
	{0x17C, 0x17C, 9},
	{0x17E, 0x180, 9},
	{0x183, 0x183, 9},
	{0x185, 0x185, 9},
	{0x188, 0x188, 9},
	{0x18C, 0x18C, 9},
	{0x192, 0x192, 9},
	{0x195, 0x195, 9},
	{0x199, 0x19B, 9},
	{0x19E, 0x19E, 9},
	{0x1A1, 0x1A1, 9},
	{0x1A3, 0x1A3, 9},
	{0x1A5, 0x1A5, 9},
	{0x1A8, 0x1A8, 9},
	{0x1AD, 0x1AD, 9},
	{0x1B0, 0x1B0, 9},
	{0x1B4, 0x1B4, 9},
	{0x1B6, 0x1B6, 9},
	{0x1B9, 0x1B9, 9},
	{0x1BD, 0x1BD, 9},
	{0x1BF, 0x1BF, 9},
	{0x1C4, 0x1C4, 9},
	{0x1C6, 0x1C7, 9},
	{0x1C9, 0x1CA, 9},
	{0x1CC, 0x1CC, 9},
	{0x1CE, 0x1CE, 9},
	{0x1D0, 0x1D0, 9},
	{0x1D2, 0x1D2, 9},
	{0x1D4, 0x1D4, 9},
	{0x1D6, 0x1D6, 9},
	{0x1D8, 0x1D8, 9},
	{0x1DA, 0x1DA, 9},
	{0x1DC, 0x1DD, 9},
	{0x1DF, 0x1DF, 9},
	{0x1E1, 0x1E1, 9},
	{0x1E3, 0x1E3, 9},
	{0x1E5, 0x1E5, 9},
	{0x1E7, 0x1E7, 9},
	{0x1E9, 0x1E9, 9},
	{0x1EB, 0x1EB, 9},
	{0x1ED, 0x1ED, 9},
	{0x1EF, 0x1F1, 9},
	{0x1F3, 0x1F3, 9},
	{0x1F5, 0x1F5, 9},
	{0x1F9, 0x1F9, 9},
	{0x1FB, 0x1FB, 9},
	{0x1FD, 0x1FD, 9},
	{0x1FF, 0x1FF, 9},
	{0x201, 0x201, 9},
	{0x203, 0x203, 9},
	{0x205, 0x205, 9},
	{0x207, 0x207, 9},
	{0x209, 0x209, 9},
	{0x20B, 0x20B, 9},
	{0x20D, 0x20D, 9},
	{0x20F, 0x20F, 9},
	{0x211, 0x211, 9},
	{0x213, 0x213, 9},
	{0x215, 0x215, 9},
	{0x217, 0x217, 9},
	{0x219, 0x219, 9},
	{0x21B, 0x21B, 9},
	{0x21D, 0x21D, 9},
	{0x21F, 0x21F, 9},
	{0x223, 0x223, 9},
	{0x225, 0x225, 9},
	{0x227, 0x227, 9},
	{0x229, 0x229, 9},
	{0x22B, 0x22B, 9},
	{0x22D, 0x22D, 9},
	{0x22F, 0x22F, 9},
	{0x231, 0x231, 9},
	{0x233, 0x233, 9},
	{0x23C, 0x23C, 9},
	{0x23F, 0x240, 9},
	{0x242, 0x242, 9},
	{0x247, 0x247, 9},
	{0x249, 0x249, 9},
	{0x24B, 0x24B, 9},
	{0x24D, 0x24D, 9},
	{0x24F, 0x254, 9},
	{0x256, 0x257, 9},
	{0x259, 0x259, 9},
	{0x25B, 0x25C, 9},
	{0x260, 0x261, 9},
	{0x263, 0x266, 9},
	{0x268, 0x26C, 9},
	{0x26F, 0x26F, 9},
	{0x271, 0x272, 9},
	{0x275, 0x275, 9},
	{0x27D, 0x27D, 9},
	{0x280, 0x280, 9},
	{0x282, 0x283, 9},
	{0x287, 0x28C, 9},
	{0x292, 0x292, 9},
	{0x29D, 0x29E, 9},
	{0x345, 0x345, 9},
	{0x371, 0x371, 9},
	{0x373, 0x373, 9},
	{0x377, 0x377, 9},
	{0x37B, 0x37D, 9},
	{0x390, 0x390, 9},
	{0x3AC, 0x3CE, 9},
	{0x3D0, 0x3D1, 9},
	{0x3D5, 0x3D7, 9},
	{0x3D9, 0x3D9, 9},
	{0x3DB, 0x3DB, 9},
	{0x3DD, 0x3DD, 9},
	{0x3DF, 0x3DF, 9},
	{0x3E1, 0x3E1, 9},
	{0x3E3, 0x3E3, 9},
	{0x3E5, 0x3E5, 9},
	{0x3E7, 0x3E7, 9},
	{0x3E9, 0x3E9, 9},
	{0x3EB, 0x3EB, 9},
	{0x3ED, 0x3ED, 9},
	{0x3EF, 0x3F3, 9},
	{0x3F5, 0x3F5, 9},
	{0x3F8, 0x3F8, 9},
	{0x3FB, 0x3FB, 9},
	{0x430, 0x45F, 9},
	{0x461, 0x461, 9},
	{0x463, 0x463, 9},
	{0x465, 0x465, 9},
	{0x467, 0x467, 9},
	{0x469, 0x469, 9},
	{0x46B, 0x46B, 9},
	{0x46D, 0x46D, 9},
	{0x46F, 0x46F, 9},
	{0x471, 0x471, 9},
	{0x473, 0x473, 9},
	{0x475, 0x475, 9},
	{0x477, 0x477, 9},
	{0x479, 0x479, 9},
	{0x47B, 0x47B, 9},
	{0x47D, 0x47D, 9},
	{0x47F, 0x47F, 9},
	{0x481, 0x481, 9},
	{0x48B, 0x48B, 9},
	{0x48D, 0x48D, 9},
	{0x48F, 0x48F, 9},
	{0x491, 0x491, 9},
	{0x493, 0x493, 9},
	{0x495, 0x495, 9},
	{0x497, 0x497, 9},
	{0x499, 0x499, 9},
	{0x49B, 0x49B, 9},
	{0x49D, 0x49D, 9},
	{0x49F, 0x49F, 9},
	{0x4A1, 0x4A1, 9},
	{0x4A3, 0x4A3, 9},
	{0x4A5, 0x4A5, 9},
	{0x4A7, 0x4A7, 9},
	{0x4A9, 0x4A9, 9},
	{0x4AB, 0x4AB, 9},
	{0x4AD, 0x4AD, 9},
	{0x4AF, 0x4AF, 9},
	{0x4B1, 0x4B1, 9},
	{0x4B3, 0x4B3, 9},
	{0x4B5, 0x4B5, 9},
	{0x4B7, 0x4B7, 9},
	{0x4B9, 0x4B9, 9},
	{0x4BB, 0x4BB, 9},
	{0x4BD, 0x4BD, 9},
	{0x4BF, 0x4BF, 9},
	{0x4C2, 0x4C2, 9},
	{0x4C4, 0x4C4, 9},
	{0x4C6, 0x4C6, 9},
	{0x4C8, 0x4C8, 9},
	{0x4CA, 0x4CA, 9},
	{0x4CC, 0x4CC, 9},
	{0x4CE, 0x4CF, 9},
	{0x4D1, 0x4D1, 9},
	{0x4D3, 0x4D3, 9},
	{0x4D5, 0x4D5, 9},
	{0x4D7, 0x4D7, 9},
	{0x4D9, 0x4D9, 9},
	{0x4DB, 0x4DB, 9},
	{0x4DD, 0x4DD, 9},
	{0x4DF, 0x4DF, 9},
	{0x4E1, 0x4E1, 9},
	{0x4E3, 0x4E3, 9},
	{0x4E5, 0x4E5, 9},
	{0x4E7, 0x4E7, 9},
	{0x4E9, 0x4E9, 9},
	{0x4EB, 0x4EB, 9},
	{0x4ED, 0x4ED, 9},
	{0x4EF, 0x4EF, 9},
	{0x4F1, 0x4F1, 9},
	{0x4F3, 0x4F3, 9},
	{0x4F5, 0x4F5, 9},
	{0x4F7, 0x4F7, 9},
	{0x4F9, 0x4F9, 9},
	{0x4FB, 0x4FB, 9},
	{0x4FD, 0x4FD, 9},
	{0x4FF, 0x4FF, 9},
	{0x501, 0x501, 9},
	{0x503, 0x503, 9},
	{0x505, 0x505, 9},
	{0x507, 0x507, 9},
	{0x509, 0x509, 9},
	{0x50B, 0x50B, 9},
	{0x50D, 0x50D, 9},
	{0x50F, 0x50F, 9},
	{0x511, 0x511, 9},
	{0x513, 0x513, 9},
	{0x515, 0x515, 9},
	{0x517, 0x517, 9},
	{0x519, 0x519, 9},
	{0x51B, 0x51B, 9},
	{0x51D, 0x51D, 9},
	{0x51F, 0x51F, 9},
	{0x521, 0x521, 9},
	{0x523, 0x523, 9},
	{0x525, 0x525, 9},
	{0x527, 0x527, 9},
	{0x529, 0x529, 9},
	{0x52B, 0x52B, 9},
	{0x52D, 0x52D, 9},
	{0x52F, 0x52F, 9},
	{0x561, 0x587, 9},
	{0x13F8, 0x13FD, 9},
	{0x1C80, 0x1C88, 9},
	{0x1C8A, 0x1C8A, 9},
	{0x1D79, 0x1D79, 9},
	{0x1D7D, 0x1D7D, 9},
	{0x1D8E, 0x1D8E, 9},
	{0x1E01, 0x1E01, 9},
	{0x1E03, 0x1E03, 9},
	{0x1E05, 0x1E05, 9},
	{0x1E07, 0x1E07, 9},
	{0x1E09, 0x1E09, 9},
	{0x1E0B, 0x1E0B, 9},
	{0x1E0D, 0x1E0D, 9},
	{0x1E0F, 0x1E0F, 9},
	{0x1E11, 0x1E11, 9},
	{0x1E13, 0x1E13, 9},
	{0x1E15, 0x1E15, 9},
	{0x1E17, 0x1E17, 9},
	{0x1E19, 0x1E19, 9},
	{0x1E1B, 0x1E1B, 9},
	{0x1E1D, 0x1E1D, 9},
	{0x1E1F, 0x1E1F, 9},
	{0x1E21, 0x1E21, 9},
	{0x1E23, 0x1E23, 9},
	{0x1E25, 0x1E25, 9},
	{0x1E27, 0x1E27, 9},
	{0x1E29, 0x1E29, 9},
	{0x1E2B, 0x1E2B, 9},
	{0x1E2D, 0x1E2D, 9},
	{0x1E2F, 0x1E2F, 9},
	{0x1E31, 0x1E31, 9},
	{0x1E33, 0x1E33, 9},
	{0x1E35, 0x1E35, 9},
	{0x1E37, 0x1E37, 9},
	{0x1E39, 0x1E39, 9},
	{0x1E3B, 0x1E3B, 9},
	{0x1E3D, 0x1E3D, 9},
	{0x1E3F, 0x1E3F, 9},
	{0x1E41, 0x1E41, 9},
	{0x1E43, 0x1E43, 9},
	{0x1E45, 0x1E45, 9},
	{0x1E47, 0x1E47, 9},
	{0x1E49, 0x1E49, 9},
	{0x1E4B, 0x1E4B, 9},
	{0x1E4D, 0x1E4D, 9},
	{0x1E4F, 0x1E4F, 9},
	{0x1E51, 0x1E51, 9},
	{0x1E53, 0x1E53, 9},
	{0x1E55, 0x1E55, 9},
	{0x1E57, 0x1E57, 9},
	{0x1E59, 0x1E59, 9},
	{0x1E5B, 0x1E5B, 9},
	{0x1E5D, 0x1E5D, 9},
	{0x1E5F, 0x1E5F, 9},
	{0x1E61, 0x1E61, 9},
	{0x1E63, 0x1E63, 9},
	{0x1E65, 0x1E65, 9},
	{0x1E67, 0x1E67, 9},
	{0x1E69, 0x1E69, 9},
	{0x1E6B, 0x1E6B, 9},
	{0x1E6D, 0x1E6D, 9},
	{0x1E6F, 0x1E6F, 9},
	{0x1E71, 0x1E71, 9},
	{0x1E73, 0x1E73, 9},
	{0x1E75, 0x1E75, 9},
	{0x1E77, 0x1E77, 9},
	{0x1E79, 0x1E79, 9},
	{0x1E7B, 0x1E7B, 9},
	{0x1E7D, 0x1E7D, 9},
	{0x1E7F, 0x1E7F, 9},
	{0x1E81, 0x1E81, 9},
	{0x1E83, 0x1E83, 9},
	{0x1E85, 0x1E85, 9},
	{0x1E87, 0x1E87, 9},
	{0x1E89, 0x1E89, 9},
	{0x1E8B, 0x1E8B, 9},
	{0x1E8D, 0x1E8D, 9},
	{0x1E8F, 0x1E8F, 9},
	{0x1E91, 0x1E91, 9},
	{0x1E93, 0x1E93, 9},
	{0x1E95, 0x1E9B, 9},
	{0x1EA1, 0x1EA1, 9},
	{0x1EA3, 0x1EA3, 9},
	{0x1EA5, 0x1EA5, 9},
	{0x1EA7, 0x1EA7, 9},
	{0x1EA9, 0x1EA9, 9},
	{0x1EAB, 0x1EAB, 9},
	{0x1EAD, 0x1EAD, 9},
	{0x1EAF, 0x1EAF, 9},
	{0x1EB1, 0x1EB1, 9},
	{0x1EB3, 0x1EB3, 9},
	{0x1EB5, 0x1EB5, 9},
	{0x1EB7, 0x1EB7, 9},
	{0x1EB9, 0x1EB9, 9},
	{0x1EBB, 0x1EBB, 9},
	{0x1EBD, 0x1EBD, 9},
	{0x1EBF, 0x1EBF, 9},
	{0x1EC1, 0x1EC1, 9},
	{0x1EC3, 0x1EC3, 9},
	{0x1EC5, 0x1EC5, 9},
	{0x1EC7, 0x1EC7, 9},
	{0x1EC9, 0x1EC9, 9},
	{0x1ECB, 0x1ECB, 9},
	{0x1ECD, 0x1ECD, 9},
	{0x1ECF, 0x1ECF, 9},
	{0x1ED1, 0x1ED1, 9},
	{0x1ED3, 0x1ED3, 9},
	{0x1ED5, 0x1ED5, 9},
	{0x1ED7, 0x1ED7, 9},
	{0x1ED9, 0x1ED9, 9},
	{0x1EDB, 0x1EDB, 9},
	{0x1EDD, 0x1EDD, 9},
	{0x1EDF, 0x1EDF, 9},
	{0x1EE1, 0x1EE1, 9},
	{0x1EE3, 0x1EE3, 9},
	{0x1EE5, 0x1EE5, 9},
	{0x1EE7, 0x1EE7, 9},
	{0x1EE9, 0x1EE9, 9},
	{0x1EEB, 0x1EEB, 9},
	{0x1EED, 0x1EED, 9},
	{0x1EEF, 0x1EEF, 9},
	{0x1EF1, 0x1EF1, 9},
	{0x1EF3, 0x1EF3, 9},
	{0x1EF5, 0x1EF5, 9},
	{0x1EF7, 0x1EF7, 9},
	{0x1EF9, 0x1EF9, 9},
	{0x1EFB, 0x1EFB, 9},
	{0x1EFD, 0x1EFD, 9},
	{0x1EFF, 0x1F07, 9},
	{0x1F10, 0x1F15, 9},
	{0x1F20, 0x1F27, 9},
	{0x1F30, 0x1F37, 9},
	{0x1F40, 0x1F45, 9},
	{0x1F50, 0x1F57, 9},
	{0x1F60, 0x1F67, 9},
	{0x1F70, 0x1F7D, 9},
	{0x1F80, 0x1F87, 9},
	{0x1F90, 0x1F97, 9},
	{0x1FA0, 0x1FA7, 9},
	{0x1FB0, 0x1FB4, 9},
	{0x1FB6, 0x1FB7, 9},
	{0x1FBE, 0x1FBE, 9},
	{0x1FC2, 0x1FC4, 9},
	{0x1FC6, 0x1FC7, 9},
	{0x1FD0, 0x1FD3, 9},
	{0x1FD6, 0x1FD7, 9},
	{0x1FE0, 0x1FE7, 9},
	{0x1FF2, 0x1FF4, 9},
	{0x1FF6, 0x1FF7, 9},
	{0x214E, 0x214E, 9},
	{0x2170, 0x217F, 9},
	{0x2184, 0x2184, 9},
	{0x24D0, 0x24E9, 9},
	{0x2C30, 0x2C5F, 9},
	{0x2C61, 0x2C61, 9},
	{0x2C65, 0x2C66, 9},
	{0x2C68, 0x2C68, 9},
	{0x2C6A, 0x2C6A, 9},
	{0x2C6C, 0x2C6C, 9},
	{0x2C73, 0x2C73, 9},
	{0x2C76, 0x2C76, 9},
	{0x2C81, 0x2C81, 9},
	{0x2C83, 0x2C83, 9},
	{0x2C85, 0x2C85, 9},
	{0x2C87, 0x2C87, 9},
	{0x2C89, 0x2C89, 9},
	{0x2C8B, 0x2C8B, 9},
	{0x2C8D, 0x2C8D, 9},
	{0x2C8F, 0x2C8F, 9},
	{0x2C91, 0x2C91, 9},
	{0x2C93, 0x2C93, 9},
	{0x2C95, 0x2C95, 9},
	{0x2C97, 0x2C97, 9},
	{0x2C99, 0x2C99, 9},
	{0x2C9B, 0x2C9B, 9},
	{0x2C9D, 0x2C9D, 9},
	{0x2C9F, 0x2C9F, 9},
	{0x2CA1, 0x2CA1, 9},
	{0x2CA3, 0x2CA3, 9},
	{0x2CA5, 0x2CA5, 9},
	{0x2CA7, 0x2CA7, 9},
	{0x2CA9, 0x2CA9, 9},
	{0x2CAB, 0x2CAB, 9},
	{0x2CAD, 0x2CAD, 9},
	{0x2CAF, 0x2CAF, 9},
	{0x2CB1, 0x2CB1, 9},
	{0x2CB3, 0x2CB3, 9},
	{0x2CB5, 0x2CB5, 9},
	{0x2CB7, 0x2CB7, 9},
	{0x2CB9, 0x2CB9, 9},
	{0x2CBB, 0x2CBB, 9},
	{0x2CBD, 0x2CBD, 9},
	{0x2CBF, 0x2CBF, 9},
	{0x2CC1, 0x2CC1, 9},
	{0x2CC3, 0x2CC3, 9},
	{0x2CC5, 0x2CC5, 9},
	{0x2CC7, 0x2CC7, 9},
	{0x2CC9, 0x2CC9, 9},
	{0x2CCB, 0x2CCB, 9},
	{0x2CCD, 0x2CCD, 9},
	{0x2CCF, 0x2CCF, 9},
	{0x2CD1, 0x2CD1, 9},
	{0x2CD3, 0x2CD3, 9},
	{0x2CD5, 0x2CD5, 9},
	{0x2CD7, 0x2CD7, 9},
	{0x2CD9, 0x2CD9, 9},
	{0x2CDB, 0x2CDB, 9},
	{0x2CDD, 0x2CDD, 9},
	{0x2CDF, 0x2CDF, 9},
	{0x2CE1, 0x2CE1, 9},
	{0x2CE3, 0x2CE3, 9},
	{0x2CEC, 0x2CEC, 9},
	{0x2CEE, 0x2CEE, 9},
	{0x2CF3, 0x2CF3, 9},
	{0x2D00, 0x2D25, 9},
	{0x2D27, 0x2D27, 9},
	{0x2D2D, 0x2D2D, 9},
	{0xA641, 0xA641, 9},
	{0xA643, 0xA643, 9},
	{0xA645, 0xA645, 9},
	{0xA647, 0xA647, 9},
	{0xA649, 0xA649, 9},
	{0xA64B, 0xA64B, 9},
	{0xA64D, 0xA64D, 9},
	{0xA64F, 0xA64F, 9},
	{0xA651, 0xA651, 9},
	{0xA653, 0xA653, 9},
	{0xA655, 0xA655, 9},
	{0xA657, 0xA657, 9},
	{0xA659, 0xA659, 9},
	{0xA65B, 0xA65B, 9},
	{0xA65D, 0xA65D, 9},
	{0xA65F, 0xA65F, 9},
	{0xA661, 0xA661, 9},
	{0xA663, 0xA663, 9},
	{0xA665, 0xA665, 9},
	{0xA667, 0xA667, 9},
	{0xA669, 0xA669, 9},
	{0xA66B, 0xA66B, 9},
	{0xA66D, 0xA66D, 9},
	{0xA681, 0xA681, 9},
	{0xA683, 0xA683, 9},
	{0xA685, 0xA685, 9},
	{0xA687, 0xA687, 9},
	{0xA689, 0xA689, 9},
	{0xA68B, 0xA68B, 9},
	{0xA68D, 0xA68D, 9},
	{0xA68F, 0xA68F, 9},
	{0xA691, 0xA691, 9},
	{0xA693, 0xA693, 9},
	{0xA695, 0xA695, 9},
	{0xA697, 0xA697, 9},
	{0xA699, 0xA699, 9},
	{0xA69B, 0xA69B, 9},
	{0xA723, 0xA723, 9},
	{0xA725, 0xA725, 9},
	{0xA727, 0xA727, 9},
	{0xA729, 0xA729, 9},
	{0xA72B, 0xA72B, 9},
	{0xA72D, 0xA72D, 9},
	{0xA72F, 0xA72F, 9},
	{0xA733, 0xA733, 9},
	{0xA735, 0xA735, 9},
	{0xA737, 0xA737, 9},
	{0xA739, 0xA739, 9},
	{0xA73B, 0xA73B, 9},
	{0xA73D, 0xA73D, 9},
	{0xA73F, 0xA73F, 9},
	{0xA741, 0xA741, 9},
	{0xA743, 0xA743, 9},
	{0xA745, 0xA745, 9},
	{0xA747, 0xA747, 9},
	{0xA749, 0xA749, 9},
	{0xA74B, 0xA74B, 9},
	{0xA74D, 0xA74D, 9},
	{0xA74F, 0xA74F, 9},
	{0xA751, 0xA751, 9},
	{0xA753, 0xA753, 9},
	{0xA755, 0xA755, 9},
	{0xA757, 0xA757, 9},
	{0xA759, 0xA759, 9},
	{0xA75B, 0xA75B, 9},
	{0xA75D, 0xA75D, 9},
	{0xA75F, 0xA75F, 9},
	{0xA761, 0xA761, 9},
	{0xA763, 0xA763, 9},
	{0xA765, 0xA765, 9},
	{0xA767, 0xA767, 9},
	{0xA769, 0xA769, 9},
	{0xA76B, 0xA76B, 9},
	{0xA76D, 0xA76D, 9},
	{0xA76F, 0xA76F, 9},
	{0xA77A, 0xA77A, 9},
	{0xA77C, 0xA77C, 9},
	{0xA77F, 0xA77F, 9},
	{0xA781, 0xA781, 9},
	{0xA783, 0xA783, 9},
	{0xA785, 0xA785, 9},
	{0xA787, 0xA787, 9},
	{0xA78C, 0xA78C, 9},
	{0xA791, 0xA791, 9},
	{0xA793, 0xA794, 9},
	{0xA797, 0xA797, 9},
	{0xA799, 0xA799, 9},
	{0xA79B, 0xA79B, 9},
	{0xA79D, 0xA79D, 9},
	{0xA79F, 0xA79F, 9},
	{0xA7A1, 0xA7A1, 9},
	{0xA7A3, 0xA7A3, 9},
	{0xA7A5, 0xA7A5, 9},
	{0xA7A7, 0xA7A7, 9},
	{0xA7A9, 0xA7A9, 9},
	{0xA7B5, 0xA7B5, 9},
	{0xA7B7, 0xA7B7, 9},
	{0xA7B9, 0xA7B9, 9},
	{0xA7BB, 0xA7BB, 9},
	{0xA7BD, 0xA7BD, 9},
	{0xA7BF, 0xA7BF, 9},
	{0xA7C1, 0xA7C1, 9},
	{0xA7C3, 0xA7C3, 9},
	{0xA7C8, 0xA7C8, 9},
	{0xA7CA, 0xA7CA, 9},
	{0xA7CD, 0xA7CD, 9},
	{0xA7CF, 0xA7CF, 9},
	{0xA7D1, 0xA7D1, 9},
	{0xA7D3, 0xA7D3, 9},
	{0xA7D5, 0xA7D5, 9},
	{0xA7D7, 0xA7D7, 9},
	{0xA7D9, 0xA7D9, 9},
	{0xA7DB, 0xA7DB, 9},
	{0xA7F6, 0xA7F6, 9},
	{0xAB53, 0xAB53, 9},
	{0xAB70, 0xABBF, 9},
	{0xFB00, 0xFB06, 9},
	{0xFB13, 0xFB17, 9},
	{0xFF41, 0xFF5A, 9},
	{0x10428, 0x1044F, 9},
	{0x104D8, 0x104FB, 9},
	{0x10597, 0x105A1, 9},
	{0x105A3, 0x105B1, 9},
	{0x105B3, 0x105B9, 9},
	{0x105BB, 0x105BC, 9},
	{0x10CC0, 0x10CF2, 9},
	{0x10D70, 0x10D85, 9},
	{0x118C0, 0x118DF, 9},
	{0x16E60, 0x16E7F, 9},
	{0x16EBB, 0x16ED3, 9},
	{0x1E922, 0x1E943, 9},
	{0x61, 0x7A, 10},
	{0xB5, 0xB5, 10},
	{0xDF, 0xF6, 10},
	{0xF8, 0xFF, 10},
	{0x101, 0x101, 10},
	{0x103, 0x103, 10},
	{0x105, 0x105, 10},
	{0x107, 0x107, 10},
	{0x109, 0x109, 10},
	{0x10B, 0x10B, 10},
	{0x10D, 0x10D, 10},
	{0x10F, 0x10F, 10},
	{0x111, 0x111, 10},
	{0x113, 0x113, 10},
	{0x115, 0x115, 10},
	{0x117, 0x117, 10},
	{0x119, 0x119, 10},
	{0x11B, 0x11B, 10},
	{0x11D, 0x11D, 10},
	{0x11F, 0x11F, 10},
	{0x121, 0x121, 10},
	{0x123, 0x123, 10},
	{0x125, 0x125, 10},
	{0x127, 0x127, 10},
	{0x129, 0x129, 10},
	{0x12B, 0x12B, 10},
	{0x12D, 0x12D, 10},
	{0x12F, 0x12F, 10},
	{0x131, 0x131, 10},
	{0x133, 0x133, 10},
	{0x135, 0x135, 10},
	{0x137, 0x137, 10},
	{0x13A, 0x13A, 10},
	{0x13C, 0x13C, 10},
	{0x13E, 0x13E, 10},
	{0x140, 0x140, 10},
	{0x142, 0x142, 10},
	{0x144, 0x144, 10},
	{0x146, 0x146, 10},
	{0x148, 0x149, 10},
	{0x14B, 0x14B, 10},
	{0x14D, 0x14D, 10},
	{0x14F, 0x14F, 10},
	{0x151, 0x151, 10},
	{0x153, 0x153, 10},
	{0x155, 0x155, 10},
	{0x157, 0x157, 10},
	{0x159, 0x159, 10},
	{0x15B, 0x15B, 10},
	{0x15D, 0x15D, 10},
	{0x15F, 0x15F, 10},
	{0x161, 0x161, 10},
	{0x163, 0x163, 10},
	{0x165, 0x165, 10},
	{0x167, 0x167, 10},
	{0x169, 0x169, 10},
	{0x16B, 0x16B, 10},
	{0x16D, 0x16D, 10},
	{0x16F, 0x16F, 10},
	{0x171, 0x171, 10},
	{0x173, 0x173, 10},
	{0x175, 0x175, 10},
	{0x177, 0x177, 10},
	{0x17A, 0x17A, 10},
	{0x17C, 0x17C, 10},
	{0x17E, 0x180, 10},
	{0x183, 0x183, 10},
	{0x185, 0x185, 10},
	{0x188, 0x188, 10},
	{0x18C, 0x18C, 10},
	{0x192, 0x192, 10},
	{0x195, 0x195, 10},
	{0x199, 0x19B, 10},
	{0x19E, 0x19E, 10},
	{0x1A1, 0x1A1, 10},
	{0x1A3, 0x1A3, 10},
	{0x1A5, 0x1A5, 10},
	{0x1A8, 0x1A8, 10},
	{0x1AD, 0x1AD, 10},
	{0x1B0, 0x1B0, 10},
	{0x1B4, 0x1B4, 10},
	{0x1B6, 0x1B6, 10},
	{0x1B9, 0x1B9, 10},
	{0x1BD, 0x1BD, 10},
	{0x1BF, 0x1BF, 10},
	{0x1C5, 0x1C6, 10},
	{0x1C8, 0x1C9, 10},
	{0x1CB, 0x1CC, 10},
	{0x1CE, 0x1CE, 10},
	{0x1D0, 0x1D0, 10},
	{0x1D2, 0x1D2, 10},
	{0x1D4, 0x1D4, 10},
	{0x1D6, 0x1D6, 10},
	{0x1D8, 0x1D8, 10},
	{0x1DA, 0x1DA, 10},
	{0x1DC, 0x1DD, 10},
	{0x1DF, 0x1DF, 10},
	{0x1E1, 0x1E1, 10},
	{0x1E3, 0x1E3, 10},
	{0x1E5, 0x1E5, 10},
	{0x1E7, 0x1E7, 10},
	{0x1E9, 0x1E9, 10},
	{0x1EB, 0x1EB, 10},
	{0x1ED, 0x1ED, 10},
	{0x1EF, 0x1F0, 10},
	{0x1F2, 0x1F3, 10},
	{0x1F5, 0x1F5, 10},
	{0x1F9, 0x1F9, 10},
	{0x1FB, 0x1FB, 10},
	{0x1FD, 0x1FD, 10},
	{0x1FF, 0x1FF, 10},
	{0x201, 0x201, 10},
	{0x203, 0x203, 10},
	{0x205, 0x205, 10},
	{0x207, 0x207, 10},
	{0x209, 0x209, 10},
	{0x20B, 0x20B, 10},
	{0x20D, 0x20D, 10},
	{0x20F, 0x20F, 10},
	{0x211, 0x211, 10},
	{0x213, 0x213, 10},
	{0x215, 0x215, 10},
	{0x217, 0x217, 10},
	{0x219, 0x219, 10},
	{0x21B, 0x21B, 10},
	{0x21D, 0x21D, 10},
	{0x21F, 0x21F, 10},
	{0x223, 0x223, 10},
	{0x225, 0x225, 10},
	{0x227, 0x227, 10},
	{0x229, 0x229, 10},
	{0x22B, 0x22B, 10},
	{0x22D, 0x22D, 10},
	{0x22F, 0x22F, 10},
	{0x231, 0x231, 10},
	{0x233, 0x233, 10},
	{0x23C, 0x23C, 10},
	{0x23F, 0x240, 10},
	{0x242, 0x242, 10},
	{0x247, 0x247, 10},
	{0x249, 0x249, 10},
	{0x24B, 0x24B, 10},
	{0x24D, 0x24D, 10},
	{0x24F, 0x254, 10},
	{0x256, 0x257, 10},
	{0x259, 0x259, 10},
	{0x25B, 0x25C, 10},
	{0x260, 0x261, 10},
	{0x263, 0x266, 10},
	{0x268, 0x26C, 10},
	{0x26F, 0x26F, 10},
	{0x271, 0x272, 10},
	{0x275, 0x275, 10},
	{0x27D, 0x27D, 10},
	{0x280, 0x280, 10},
	{0x282, 0x283, 10},
	{0x287, 0x28C, 10},
	{0x292, 0x292, 10},
	{0x29D, 0x29E, 10},
	{0x345, 0x345, 10},
	{0x371, 0x371, 10},
	{0x373, 0x373, 10},
	{0x377, 0x377, 10},
	{0x37B, 0x37D, 10},
	{0x390, 0x390, 10},
	{0x3AC, 0x3CE, 10},
	{0x3D0, 0x3D1, 10},
	{0x3D5, 0x3D7, 10},
	{0x3D9, 0x3D9, 10},
	{0x3DB, 0x3DB, 10},
	{0x3DD, 0x3DD, 10},
	{0x3DF, 0x3DF, 10},
	{0x3E1, 0x3E1, 10},
	{0x3E3, 0x3E3, 10},
	{0x3E5, 0x3E5, 10},
	{0x3E7, 0x3E7, 10},
	{0x3E9, 0x3E9, 10},
	{0x3EB, 0x3EB, 10},
	{0x3ED, 0x3ED, 10},
	{0x3EF, 0x3F3, 10},
	{0x3F5, 0x3F5, 10},
	{0x3F8, 0x3F8, 10},
	{0x3FB, 0x3FB, 10},
	{0x430, 0x45F, 10},
	{0x461, 0x461, 10},
	{0x463, 0x463, 10},
	{0x465, 0x465, 10},
	{0x467, 0x467, 10},
	{0x469, 0x469, 10},
	{0x46B, 0x46B, 10},
	{0x46D, 0x46D, 10},
	{0x46F, 0x46F, 10},
	{0x471, 0x471, 10},
	{0x473, 0x473, 10},
	{0x475, 0x475, 10},
	{0x477, 0x477, 10},
	{0x479, 0x479, 10},
	{0x47B, 0x47B, 10},
	{0x47D, 0x47D, 10},
	{0x47F, 0x47F, 10},
	{0x481, 0x481, 10},
	{0x48B, 0x48B, 10},
	{0x48D, 0x48D, 10},
	{0x48F, 0x48F, 10},
	{0x491, 0x491, 10},
	{0x493, 0x493, 10},
	{0x495, 0x495, 10},
	{0x497, 0x497, 10},
	{0x499, 0x499, 10},
	{0x49B, 0x49B, 10},
	{0x49D, 0x49D, 10},
	{0x49F, 0x49F, 10},
	{0x4A1, 0x4A1, 10},
	{0x4A3, 0x4A3, 10},
	{0x4A5, 0x4A5, 10},
	{0x4A7, 0x4A7, 10},
	{0x4A9, 0x4A9, 10},
	{0x4AB, 0x4AB, 10},
	{0x4AD, 0x4AD, 10},
	{0x4AF, 0x4AF, 10},
	{0x4B1, 0x4B1, 10},
	{0x4B3, 0x4B3, 10},
	{0x4B5, 0x4B5, 10},
	{0x4B7, 0x4B7, 10},
	{0x4B9, 0x4B9, 10},
	{0x4BB, 0x4BB, 10},
	{0x4BD, 0x4BD, 10},
	{0x4BF, 0x4BF, 10},
	{0x4C2, 0x4C2, 10},
	{0x4C4, 0x4C4, 10},
	{0x4C6, 0x4C6, 10},
	{0x4C8, 0x4C8, 10},
	{0x4CA, 0x4CA, 10},
	{0x4CC, 0x4CC, 10},
	{0x4CE, 0x4CF, 10},
	{0x4D1, 0x4D1, 10},
	{0x4D3, 0x4D3, 10},
	{0x4D5, 0x4D5, 10},
	{0x4D7, 0x4D7, 10},
	{0x4D9, 0x4D9, 10},
	{0x4DB, 0x4DB, 10},
	{0x4DD, 0x4DD, 10},
	{0x4DF, 0x4DF, 10},
	{0x4E1, 0x4E1, 10},
	{0x4E3, 0x4E3, 10},
	{0x4E5, 0x4E5, 10},
	{0x4E7, 0x4E7, 10},
	{0x4E9, 0x4E9, 10},
	{0x4EB, 0x4EB, 10},
	{0x4ED, 0x4ED, 10},
	{0x4EF, 0x4EF, 10},
	{0x4F1, 0x4F1, 10},
	{0x4F3, 0x4F3, 10},
	{0x4F5, 0x4F5, 10},
	{0x4F7, 0x4F7, 10},
	{0x4F9, 0x4F9, 10},
	{0x4FB, 0x4FB, 10},
	{0x4FD, 0x4FD, 10},
	{0x4FF, 0x4FF, 10},
	{0x501, 0x501, 10},
	{0x503, 0x503, 10},
	{0x505, 0x505, 10},
	{0x507, 0x507, 10},
	{0x509, 0x509, 10},
	{0x50B, 0x50B, 10},
	{0x50D, 0x50D, 10},
	{0x50F, 0x50F, 10},
	{0x511, 0x511, 10},
	{0x513, 0x513, 10},
	{0x515, 0x515, 10},
	{0x517, 0x517, 10},
	{0x519, 0x519, 10},
	{0x51B, 0x51B, 10},
	{0x51D, 0x51D, 10},
	{0x51F, 0x51F, 10},
	{0x521, 0x521, 10},
	{0x523, 0x523, 10},
	{0x525, 0x525, 10},
	{0x527, 0x527, 10},
	{0x529, 0x529, 10},
	{0x52B, 0x52B, 10},
	{0x52D, 0x52D, 10},
	{0x52F, 0x52F, 10},
	{0x561, 0x587, 10},
	{0x10D0, 0x10FA, 10},
	{0x10FD, 0x10FF, 10},
	{0x13F8, 0x13FD, 10},
	{0x1C80, 0x1C88, 10},
	{0x1C8A, 0x1C8A, 10},
	{0x1D79, 0x1D79, 10},
	{0x1D7D, 0x1D7D, 10},
	{0x1D8E, 0x1D8E, 10},
	{0x1E01, 0x1E01, 10},
	{0x1E03, 0x1E03, 10},
	{0x1E05, 0x1E05, 10},
	{0x1E07, 0x1E07, 10},
	{0x1E09, 0x1E09, 10},
	{0x1E0B, 0x1E0B, 10},
	{0x1E0D, 0x1E0D, 10},
	{0x1E0F, 0x1E0F, 10},
	{0x1E11, 0x1E11, 10},
	{0x1E13, 0x1E13, 10},
	{0x1E15, 0x1E15, 10},
	{0x1E17, 0x1E17, 10},
	{0x1E19, 0x1E19, 10},
	{0x1E1B, 0x1E1B, 10},
	{0x1E1D, 0x1E1D, 10},
	{0x1E1F, 0x1E1F, 10},
	{0x1E21, 0x1E21, 10},
	{0x1E23, 0x1E23, 10},
	{0x1E25, 0x1E25, 10},
	{0x1E27, 0x1E27, 10},
	{0x1E29, 0x1E29, 10},
	{0x1E2B, 0x1E2B, 10},
	{0x1E2D, 0x1E2D, 10},
	{0x1E2F, 0x1E2F, 10},
	{0x1E31, 0x1E31, 10},
	{0x1E33, 0x1E33, 10},
	{0x1E35, 0x1E35, 10},
	{0x1E37, 0x1E37, 10},
	{0x1E39, 0x1E39, 10},
	{0x1E3B, 0x1E3B, 10},
	{0x1E3D, 0x1E3D, 10},
	{0x1E3F, 0x1E3F, 10},
	{0x1E41, 0x1E41, 10},
	{0x1E43, 0x1E43, 10},
	{0x1E45, 0x1E45, 10},
	{0x1E47, 0x1E47, 10},
	{0x1E49, 0x1E49, 10},
	{0x1E4B, 0x1E4B, 10},
	{0x1E4D, 0x1E4D, 10},
	{0x1E4F, 0x1E4F, 10},
	{0x1E51, 0x1E51, 10},
	{0x1E53, 0x1E53, 10},
	{0x1E55, 0x1E55, 10},
	{0x1E57, 0x1E57, 10},
	{0x1E59, 0x1E59, 10},
	{0x1E5B, 0x1E5B, 10},
	{0x1E5D, 0x1E5D, 10},
	{0x1E5F, 0x1E5F, 10},
	{0x1E61, 0x1E61, 10},
	{0x1E63, 0x1E63, 10},
	{0x1E65, 0x1E65, 10},
	{0x1E67, 0x1E67, 10},
	{0x1E69, 0x1E69, 10},
	{0x1E6B, 0x1E6B, 10},
	{0x1E6D, 0x1E6D, 10},
	{0x1E6F, 0x1E6F, 10},
	{0x1E71, 0x1E71, 10},
	{0x1E73, 0x1E73, 10},
	{0x1E75, 0x1E75, 10},
	{0x1E77, 0x1E77, 10},
	{0x1E79, 0x1E79, 10},
	{0x1E7B, 0x1E7B, 10},
	{0x1E7D, 0x1E7D, 10},
	{0x1E7F, 0x1E7F, 10},
	{0x1E81, 0x1E81, 10},
	{0x1E83, 0x1E83, 10},
	{0x1E85, 0x1E85, 10},
	{0x1E87, 0x1E87, 10},
	{0x1E89, 0x1E89, 10},
	{0x1E8B, 0x1E8B, 10},
	{0x1E8D, 0x1E8D, 10},
	{0x1E8F, 0x1E8F, 10},
	{0x1E91, 0x1E91, 10},
	{0x1E93, 0x1E93, 10},
	{0x1E95, 0x1E9B, 10},
	{0x1EA1, 0x1EA1, 10},
	{0x1EA3, 0x1EA3, 10},
	{0x1EA5, 0x1EA5, 10},
	{0x1EA7, 0x1EA7, 10},
	{0x1EA9, 0x1EA9, 10},
	{0x1EAB, 0x1EAB, 10},
	{0x1EAD, 0x1EAD, 10},
	{0x1EAF, 0x1EAF, 10},
	{0x1EB1, 0x1EB1, 10},
	{0x1EB3, 0x1EB3, 10},
	{0x1EB5, 0x1EB5, 10},
	{0x1EB7, 0x1EB7, 10},
	{0x1EB9, 0x1EB9, 10},
	{0x1EBB, 0x1EBB, 10},
	{0x1EBD, 0x1EBD, 10},
	{0x1EBF, 0x1EBF, 10},
	{0x1EC1, 0x1EC1, 10},
	{0x1EC3, 0x1EC3, 10},
	{0x1EC5, 0x1EC5, 10},
	{0x1EC7, 0x1EC7, 10},
	{0x1EC9, 0x1EC9, 10},
	{0x1ECB, 0x1ECB, 10},
	{0x1ECD, 0x1ECD, 10},
	{0x1ECF, 0x1ECF, 10},
	{0x1ED1, 0x1ED1, 10},
	{0x1ED3, 0x1ED3, 10},
	{0x1ED5, 0x1ED5, 10},
	{0x1ED7, 0x1ED7, 10},
	{0x1ED9, 0x1ED9, 10},
	{0x1EDB, 0x1EDB, 10},
	{0x1EDD, 0x1EDD, 10},
	{0x1EDF, 0x1EDF, 10},
	{0x1EE1, 0x1EE1, 10},
	{0x1EE3, 0x1EE3, 10},
	{0x1EE5, 0x1EE5, 10},
	{0x1EE7, 0x1EE7, 10},
	{0x1EE9, 0x1EE9, 10},
	{0x1EEB, 0x1EEB, 10},
	{0x1EED, 0x1EED, 10},
	{0x1EEF, 0x1EEF, 10},
	{0x1EF1, 0x1EF1, 10},
	{0x1EF3, 0x1EF3, 10},
	{0x1EF5, 0x1EF5, 10},
	{0x1EF7, 0x1EF7, 10},
	{0x1EF9, 0x1EF9, 10},
	{0x1EFB, 0x1EFB, 10},
	{0x1EFD, 0x1EFD, 10},
	{0x1EFF, 0x1F07, 10},
	{0x1F10, 0x1F15, 10},
	{0x1F20, 0x1F27, 10},
	{0x1F30, 0x1F37, 10},
	{0x1F40, 0x1F45, 10},
	{0x1F50, 0x1F57, 10},
	{0x1F60, 0x1F67, 10},
	{0x1F70, 0x1F7D, 10},
	{0x1F80, 0x1FB4, 10},
	{0x1FB6, 0x1FB7, 10},
	{0x1FBC, 0x1FBC, 10},
	{0x1FBE, 0x1FBE, 10},
	{0x1FC2, 0x1FC4, 10},
	{0x1FC6, 0x1FC7, 10},
	{0x1FCC, 0x1FCC, 10},
	{0x1FD0, 0x1FD3, 10},
	{0x1FD6, 0x1FD7, 10},
	{0x1FE0, 0x1FE7, 10},
	{0x1FF2, 0x1FF4, 10},
	{0x1FF6, 0x1FF7, 10},
	{0x1FFC, 0x1FFC, 10},
	{0x214E, 0x214E, 10},
	{0x2170, 0x217F, 10},
	{0x2184, 0x2184, 10},
	{0x24D0, 0x24E9, 10},
	{0x2C30, 0x2C5F, 10},
	{0x2C61, 0x2C61, 10},
	{0x2C65, 0x2C66, 10},
	{0x2C68, 0x2C68, 10},
	{0x2C6A, 0x2C6A, 10},
	{0x2C6C, 0x2C6C, 10},
	{0x2C73, 0x2C73, 10},
	{0x2C76, 0x2C76, 10},
	{0x2C81, 0x2C81, 10},
	{0x2C83, 0x2C83, 10},
	{0x2C85, 0x2C85, 10},
	{0x2C87, 0x2C87, 10},
	{0x2C89, 0x2C89, 10},
	{0x2C8B, 0x2C8B, 10},
	{0x2C8D, 0x2C8D, 10},
	{0x2C8F, 0x2C8F, 10},
	{0x2C91, 0x2C91, 10},
	{0x2C93, 0x2C93, 10},
	{0x2C95, 0x2C95, 10},
	{0x2C97, 0x2C97, 10},
	{0x2C99, 0x2C99, 10},
	{0x2C9B, 0x2C9B, 10},
	{0x2C9D, 0x2C9D, 10},
	{0x2C9F, 0x2C9F, 10},
	{0x2CA1, 0x2CA1, 10},
	{0x2CA3, 0x2CA3, 10},
	{0x2CA5, 0x2CA5, 10},
	{0x2CA7, 0x2CA7, 10},
	{0x2CA9, 0x2CA9, 10},
	{0x2CAB, 0x2CAB, 10},
	{0x2CAD, 0x2CAD, 10},
	{0x2CAF, 0x2CAF, 10},
	{0x2CB1, 0x2CB1, 10},
	{0x2CB3, 0x2CB3, 10},
	{0x2CB5, 0x2CB5, 10},
	{0x2CB7, 0x2CB7, 10},
	{0x2CB9, 0x2CB9, 10},
	{0x2CBB, 0x2CBB, 10},
	{0x2CBD, 0x2CBD, 10},
	{0x2CBF, 0x2CBF, 10},
	{0x2CC1, 0x2CC1, 10},
	{0x2CC3, 0x2CC3, 10},
	{0x2CC5, 0x2CC5, 10},
	{0x2CC7, 0x2CC7, 10},
	{0x2CC9, 0x2CC9, 10},
	{0x2CCB, 0x2CCB, 10},
	{0x2CCD, 0x2CCD, 10},
	{0x2CCF, 0x2CCF, 10},
	{0x2CD1, 0x2CD1, 10},
	{0x2CD3, 0x2CD3, 10},
	{0x2CD5, 0x2CD5, 10},
	{0x2CD7, 0x2CD7, 10},
	{0x2CD9, 0x2CD9, 10},
	{0x2CDB, 0x2CDB, 10},
	{0x2CDD, 0x2CDD, 10},
	{0x2CDF, 0x2CDF, 10},
	{0x2CE1, 0x2CE1, 10},
	{0x2CE3, 0x2CE3, 10},
	{0x2CEC, 0x2CEC, 10},
	{0x2CEE, 0x2CEE, 10},
	{0x2CF3, 0x2CF3, 10},
	{0x2D00, 0x2D25, 10},
	{0x2D27, 0x2D27, 10},
	{0x2D2D, 0x2D2D, 10},
	{0xA641, 0xA641, 10},
	{0xA643, 0xA643, 10},
	{0xA645, 0xA645, 10},
	{0xA647, 0xA647, 10},
	{0xA649, 0xA649, 10},
	{0xA64B, 0xA64B, 10},
	{0xA64D, 0xA64D, 10},
	{0xA64F, 0xA64F, 10},
	{0xA651, 0xA651, 10},
	{0xA653, 0xA653, 10},
	{0xA655, 0xA655, 10},
	{0xA657, 0xA657, 10},
	{0xA659, 0xA659, 10},
	{0xA65B, 0xA65B, 10},
	{0xA65D, 0xA65D, 10},
	{0xA65F, 0xA65F, 10},
	{0xA661, 0xA661, 10},
	{0xA663, 0xA663, 10},
	{0xA665, 0xA665, 10},
	{0xA667, 0xA667, 10},
	{0xA669, 0xA669, 10},
	{0xA66B, 0xA66B, 10},
	{0xA66D, 0xA66D, 10},
	{0xA681, 0xA681, 10},
	{0xA683, 0xA683, 10},
	{0xA685, 0xA685, 10},
	{0xA687, 0xA687, 10},
	{0xA689, 0xA689, 10},
	{0xA68B, 0xA68B, 10},
	{0xA68D, 0xA68D, 10},
	{0xA68F, 0xA68F, 10},
	{0xA691, 0xA691, 10},
	{0xA693, 0xA693, 10},
	{0xA695, 0xA695, 10},
	{0xA697, 0xA697, 10},
	{0xA699, 0xA699, 10},
	{0xA69B, 0xA69B, 10},
	{0xA723, 0xA723, 10},
	{0xA725, 0xA725, 10},
	{0xA727, 0xA727, 10},
	{0xA729, 0xA729, 10},
	{0xA72B, 0xA72B, 10},
	{0xA72D, 0xA72D, 10},
	{0xA72F, 0xA72F, 10},
	{0xA733, 0xA733, 10},
	{0xA735, 0xA735, 10},
	{0xA737, 0xA737, 10},
	{0xA739, 0xA739, 10},
	{0xA73B, 0xA73B, 10},
	{0xA73D, 0xA73D, 10},
	{0xA73F, 0xA73F, 10},
	{0xA741, 0xA741, 10},
	{0xA743, 0xA743, 10},
	{0xA745, 0xA745, 10},
	{0xA747, 0xA747, 10},
	{0xA749, 0xA749, 10},
	{0xA74B, 0xA74B, 10},
	{0xA74D, 0xA74D, 10},
	{0xA74F, 0xA74F, 10},
	{0xA751, 0xA751, 10},
	{0xA753, 0xA753, 10},
	{0xA755, 0xA755, 10},
	{0xA757, 0xA757, 10},
	{0xA759, 0xA759, 10},
	{0xA75B, 0xA75B, 10},
	{0xA75D, 0xA75D, 10},
	{0xA75F, 0xA75F, 10},
	{0xA761, 0xA761, 10},
	{0xA763, 0xA763, 10},
	{0xA765, 0xA765, 10},
	{0xA767, 0xA767, 10},
	{0xA769, 0xA769, 10},
	{0xA76B, 0xA76B, 10},
	{0xA76D, 0xA76D, 10},
	{0xA76F, 0xA76F, 10},
	{0xA77A, 0xA77A, 10},
	{0xA77C, 0xA77C, 10},
	{0xA77F, 0xA77F, 10},
	{0xA781, 0xA781, 10},
	{0xA783, 0xA783, 10},
	{0xA785, 0xA785, 10},
	{0xA787, 0xA787, 10},
	{0xA78C, 0xA78C, 10},
	{0xA791, 0xA791, 10},
	{0xA793, 0xA794, 10},
	{0xA797, 0xA797, 10},
	{0xA799, 0xA799, 10},
	{0xA79B, 0xA79B, 10},
	{0xA79D, 0xA79D, 10},
	{0xA79F, 0xA79F, 10},
	{0xA7A1, 0xA7A1, 10},
	{0xA7A3, 0xA7A3, 10},
	{0xA7A5, 0xA7A5, 10},
	{0xA7A7, 0xA7A7, 10},
	{0xA7A9, 0xA7A9, 10},
	{0xA7B5, 0xA7B5, 10},
	{0xA7B7, 0xA7B7, 10},
	{0xA7B9, 0xA7B9, 10},
	{0xA7BB, 0xA7BB, 10},
	{0xA7BD, 0xA7BD, 10},
	{0xA7BF, 0xA7BF, 10},
	{0xA7C1, 0xA7C1, 10},
	{0xA7C3, 0xA7C3, 10},
	{0xA7C8, 0xA7C8, 10},
	{0xA7CA, 0xA7CA, 10},
	{0xA7CD, 0xA7CD, 10},
	{0xA7CF, 0xA7CF, 10},
	{0xA7D1, 0xA7D1, 10},
	{0xA7D3, 0xA7D3, 10},
	{0xA7D5, 0xA7D5, 10},
	{0xA7D7, 0xA7D7, 10},
	{0xA7D9, 0xA7D9, 10},
	{0xA7DB, 0xA7DB, 10},
	{0xA7F6, 0xA7F6, 10},
	{0xAB53, 0xAB53, 10},
	{0xAB70, 0xABBF, 10},
	{0xFB00, 0xFB06, 10},
	{0xFB13, 0xFB17, 10},
	{0xFF41, 0xFF5A, 10},
	{0x10428, 0x1044F, 10},
	{0x104D8, 0x104FB, 10},
	{0x10597, 0x105A1, 10},
	{0x105A3, 0x105B1, 10},
	{0x105B3, 0x105B9, 10},
	{0x105BB, 0x105BC, 10},
	{0x10CC0, 0x10CF2, 10},
	{0x10D70, 0x10D85, 10},
	{0x118C0, 0x118DF, 10},
	{0x16E60, 0x16E7F, 10},
	{0x16EBB, 0x16ED3, 10},
	{0x1E922, 0x1E943, 10},
	{0x2D, 0x2D, 11},
	{0x58A, 0x58A, 11},
	{0x5BE, 0x5BE, 11},
	{0x1400, 0x1400, 11},
	{0x1806, 0x1806, 11},
	{0x2010, 0x2015, 11},
	{0x2053, 0x2053, 11},
	{0x207B, 0x207B, 11},
	{0x208B, 0x208B, 11},
	{0x2212, 0x2212, 11},
	{0x2E17, 0x2E17, 11},
	{0x2E1A, 0x2E1A, 11},
	{0x2E3A, 0x2E3B, 11},
	{0x2E40, 0x2E40, 11},
	{0x2E5D, 0x2E5D, 11},
	{0x301C, 0x301C, 11},
	{0x3030, 0x3030, 11},
	{0x30A0, 0x30A0, 11},
	{0xFE31, 0xFE32, 11},
	{0xFE58, 0xFE58, 11},
	{0xFE63, 0xFE63, 11},
	{0xFF0D, 0xFF0D, 11},
	{0x10D6E, 0x10D6E, 11},
	{0x10EAD, 0x10EAD, 11},
	{0xAD, 0xAD, 12},
	{0x34F, 0x34F, 12},
	{0x61C, 0x61C, 12},
	{0x115F, 0x1160, 12},
	{0x17B4, 0x17B5, 12},
	{0x180B, 0x180F, 12},
	{0x200B, 0x200F, 12},
	{0x202A, 0x202E, 12},
	{0x2060, 0x206F, 12},
	{0x3164, 0x3164, 12},
	{0xFE00, 0xFE0F, 12},
	{0xFEFF, 0xFEFF, 12},
	{0xFFA0, 0xFFA0, 12},
	{0xFFF0, 0xFFF8, 12},
	{0x1BCA0, 0x1BCA3, 12},
	{0x1D173, 0x1D17A, 12},
	{0xE0000, 0xE0FFF, 12},
	{0x149, 0x149, 13},
	{0x673, 0x673, 13},
	{0xF77, 0xF77, 13},
	{0xF79, 0xF79, 13},
	{0x17A3, 0x17A4, 13},
	{0x206A, 0x206F, 13},
	{0x2329, 0x232A, 13},
	{0xE0001, 0xE0001, 13},
	{0x5E, 0x5E, 14},
	{0x60, 0x60, 14},
	{0xA8, 0xA8, 14},
	{0xAF, 0xAF, 14},
	{0xB4, 0xB4, 14},
	{0xB7, 0xB8, 14},
	{0x2B0, 0x34E, 14},
	{0x350, 0x357, 14},
	{0x35D, 0x362, 14},
	{0x374, 0x375, 14},
	{0x37A, 0x37A, 14},
	{0x384, 0x385, 14},
	{0x483, 0x487, 14},
	{0x559, 0x559, 14},
	{0x591, 0x5BD, 14},
	{0x5BF, 0x5BF, 14},
	{0x5C1, 0x5C2, 14},
	{0x5C4, 0x5C5, 14},
	{0x5C7, 0x5C7, 14},
	{0x64B, 0x652, 14},
	{0x657, 0x658, 14},
	{0x6DF, 0x6E0, 14},
	{0x6E5, 0x6E6, 14},
	{0x6EA, 0x6EC, 14},
	{0x730, 0x74A, 14},
	{0x7A6, 0x7B0, 14},
	{0x7EB, 0x7F5, 14},
	{0x818, 0x819, 14},
	{0x898, 0x89F, 14},
	{0x8C9, 0x8D2, 14},
	{0x8E3, 0x8FE, 14},
	{0x93C, 0x93C, 14},
	{0x94D, 0x94D, 14},
	{0x951, 0x954, 14},
	{0x971, 0x971, 14},
	{0x9BC, 0x9BC, 14},
	{0x9CD, 0x9CD, 14},
	{0xA3C, 0xA3C, 14},
	{0xA4D, 0xA4D, 14},
	{0xABC, 0xABC, 14},
	{0xACD, 0xACD, 14},
	{0xAFD, 0xAFF, 14},
	{0xB3C, 0xB3C, 14},
	{0xB4D, 0xB4D, 14},
	{0xB55, 0xB55, 14},
	{0xBCD, 0xBCD, 14},
	{0xC3C, 0xC3C, 14},
	{0xC4D, 0xC4D, 14},
	{0xCBC, 0xCBC, 14},
	{0xCCD, 0xCCD, 14},
	{0xD3B, 0xD3C, 14},
	{0xD4D, 0xD4D, 14},
	{0xDCA, 0xDCA, 14},
	{0xE3A, 0xE3A, 14},
	{0xE47, 0xE4C, 14},
	{0xE4E, 0xE4E, 14},
	{0xEBA, 0xEBA, 14},
	{0xEC8, 0xECC, 14},
	{0xF18, 0xF19, 14},
	{0xF35, 0xF35, 14},
	{0xF37, 0xF37, 14},
	{0xF39, 0xF39, 14},
	{0xF3E, 0xF3F, 14},
	{0xF82, 0xF84, 14},
	{0xF86, 0xF87, 14},
	{0xFC6, 0xFC6, 14},
	{0x1037, 0x1037, 14},
	{0x1039, 0x103A, 14},
	{0x1063, 0x1064, 14},
	{0x1069, 0x106D, 14},
	{0x1087, 0x108D, 14},
	{0x108F, 0x108F, 14},
	{0x109A, 0x109B, 14},
	{0x135D, 0x135F, 14},
	{0x1714, 0x1715, 14},
	{0x1734, 0x1734, 14},
	{0x17C9, 0x17D3, 14},
	{0x17DD, 0x17DD, 14},
	{0x1939, 0x193B, 14},
	{0x1A60, 0x1A60, 14},
	{0x1A75, 0x1A7C, 14},
	{0x1A7F, 0x1A7F, 14},
	{0x1AB0, 0x1ABE, 14},
	{0x1AC1, 0x1ACB, 14},
	{0x1ACF, 0x1ADD, 14},
	{0x1AE0, 0x1AEB, 14},
	{0x1B34, 0x1B34, 14},
	{0x1B44, 0x1B44, 14},
	{0x1B6B, 0x1B73, 14},
	{0x1BAA, 0x1BAB, 14},
	{0x1BE6, 0x1BE6, 14},
	{0x1BF2, 0x1BF3, 14},
	{0x1C36, 0x1C37, 14},
	{0x1C78, 0x1C7D, 14},
	{0x1CD0, 0x1CE8, 14},
	{0x1CED, 0x1CED, 14},
	{0x1CF4, 0x1CF4, 14},
	{0x1CF7, 0x1CF9, 14},
	{0x1D2C, 0x1D6A, 14},
	{0x1D9B, 0x1DBE, 14},
	{0x1DC4, 0x1DCF, 14},
	{0x1DF5, 0x1DFF, 14},
	{0x1FBD, 0x1FBD, 14},
	{0x1FBF, 0x1FC1, 14},
	{0x1FCD, 0x1FCF, 14},
	{0x1FDD, 0x1FDF, 14},
	{0x1FED, 0x1FEF, 14},
	{0x1FFD, 0x1FFE, 14},
	{0x2CEF, 0x2CF1, 14},
	{0x2E2F, 0x2E2F, 14},
	{0x302A, 0x302F, 14},
	{0x3099, 0x309C, 14},
	{0x30FC, 0x30FC, 14},
	{0xA66F, 0xA66F, 14},
	{0xA67C, 0xA67D, 14},
	{0xA67F, 0xA67F, 14},
	{0xA69C, 0xA69D, 14},
	{0xA6F0, 0xA6F1, 14},
	{0xA700, 0xA721, 14},
	{0xA788, 0xA78A, 14},
	{0xA7F1, 0xA7F1, 14},
	{0xA7F8, 0xA7F9, 14},
	{0xA806, 0xA806, 14},
	{0xA82C, 0xA82C, 14},
	{0xA8C4, 0xA8C4, 14},
	{0xA8E0, 0xA8F1, 14},
	{0xA92B, 0xA92E, 14},
	{0xA953, 0xA953, 14},
	{0xA9B3, 0xA9B3, 14},
	{0xA9C0, 0xA9C0, 14},
	{0xA9E5, 0xA9E5, 14},
	{0xAA7B, 0xAA7D, 14},
	{0xAABF, 0xAAC2, 14},
	{0xAAF6, 0xAAF6, 14},
	{0xAB5B, 0xAB5F, 14},
	{0xAB69, 0xAB6B, 14},
	{0xABEC, 0xABED, 14},
	{0xFB1E, 0xFB1E, 14},
	{0xFE20, 0xFE2F, 14},
	{0xFF3E, 0xFF3E, 14},
	{0xFF40, 0xFF40, 14},
	{0xFF70, 0xFF70, 14},
	{0xFF9E, 0xFF9F, 14},
	{0xFFE3, 0xFFE3, 14},
	{0x102E0, 0x102E0, 14},
	{0x10780, 0x10785, 14},
	{0x10787, 0x107B0, 14},
	{0x107B2, 0x107BA, 14},
	{0x10A38, 0x10A3A, 14},
	{0x10A3F, 0x10A3F, 14},
	{0x10AE5, 0x10AE6, 14},
	{0x10D22, 0x10D27, 14},
	{0x10D4E, 0x10D4E, 14},
	{0x10D69, 0x10D6D, 14},
	{0x10EFA, 0x10EFA, 14},
	{0x10EFD, 0x10EFF, 14},
	{0x10F46, 0x10F50, 14},
	{0x10F82, 0x10F85, 14},
	{0x11046, 0x11046, 14},
	{0x11070, 0x11070, 14},
	{0x110B9, 0x110BA, 14},
	{0x11133, 0x11134, 14},
	{0x11173, 0x11173, 14},
	{0x111C0, 0x111C0, 14},
	{0x111CA, 0x111CC, 14},
	{0x11235, 0x11236, 14},
	{0x112E9, 0x112EA, 14},
	{0x1133B, 0x1133C, 14},
	{0x1134D, 0x1134D, 14},
	{0x11366, 0x1136C, 14},
	{0x11370, 0x11374, 14},
	{0x113CE, 0x113D0, 14},
	{0x113D2, 0x113D3, 14},
	{0x113E1, 0x113E2, 14},
	{0x11442, 0x11442, 14},
	{0x11446, 0x11446, 14},
	{0x114C2, 0x114C3, 14},
	{0x115BF, 0x115C0, 14},
	{0x1163F, 0x1163F, 14},
	{0x116B6, 0x116B7, 14},
	{0x1172B, 0x1172B, 14},
	{0x11839, 0x1183A, 14},
	{0x1193D, 0x1193E, 14},
	{0x11943, 0x11943, 14},
	{0x119E0, 0x119E0, 14},
	{0x11A34, 0x11A34, 14},
	{0x11A47, 0x11A47, 14},
	{0x11A99, 0x11A99, 14},
	{0x11C3F, 0x11C3F, 14},
	{0x11D42, 0x11D42, 14},
	{0x11D44, 0x11D45, 14},
	{0x11D97, 0x11D97, 14},
	{0x11DD9, 0x11DD9, 14},
	{0x11F41, 0x11F42, 14},
	{0x11F5A, 0x11F5A, 14},
	{0x13447, 0x13455, 14},
	{0x1612F, 0x1612F, 14},
	{0x16AF0, 0x16AF4, 14},
	{0x16B30, 0x16B36, 14},
	{0x16D6B, 0x16D6C, 14},
	{0x16F8F, 0x16F9F, 14},
	{0x16FF0, 0x16FF1, 14},
	{0x1AFF0, 0x1AFF3, 14},
	{0x1AFF5, 0x1AFFB, 14},
	{0x1AFFD, 0x1AFFE, 14},
	{0x1CF00, 0x1CF2D, 14},
	{0x1CF30, 0x1CF46, 14},
	{0x1D167, 0x1D169, 14},
	{0x1D16D, 0x1D172, 14},
	{0x1D17B, 0x1D182, 14},
	{0x1D185, 0x1D18B, 14},
	{0x1D1AA, 0x1D1AD, 14},
	{0x1E030, 0x1E06D, 14},
	{0x1E130, 0x1E136, 14},
	{0x1E2AE, 0x1E2AE, 14},
	{0x1E2EC, 0x1E2EF, 14},
	{0x1E5EE, 0x1E5EF, 14},
	{0x1E8D0, 0x1E8D6, 14},
	{0x1E944, 0x1E946, 14},
	{0x1E948, 0x1E94A, 14},
	{0x23, 0x23, 15},
	{0x2A, 0x2A, 15},
	{0x30, 0x39, 15},
	{0xA9, 0xA9, 15},
	{0xAE, 0xAE, 15},
	{0x203C, 0x203C, 15},
	{0x2049, 0x2049, 15},
	{0x2122, 0x2122, 15},
	{0x2139, 0x2139, 15},
	{0x2194, 0x2199, 15},
	{0x21A9, 0x21AA, 15},
	{0x231A, 0x231B, 15},
	{0x2328, 0x2328, 15},
	{0x23CF, 0x23CF, 15},
	{0x23E9, 0x23F3, 15},
	{0x23F8, 0x23FA, 15},
	{0x24C2, 0x24C2, 15},
	{0x25AA, 0x25AB, 15},
	{0x25B6, 0x25B6, 15},
	{0x25C0, 0x25C0, 15},
	{0x25FB, 0x25FE, 15},
	{0x2600, 0x2604, 15},
	{0x260E, 0x260E, 15},
	{0x2611, 0x2611, 15},
	{0x2614, 0x2615, 15},
	{0x2618, 0x2618, 15},
	{0x261D, 0x261D, 15},
	{0x2620, 0x2620, 15},
	{0x2622, 0x2623, 15},
	{0x2626, 0x2626, 15},
	{0x262A, 0x262A, 15},
	{0x262E, 0x262F, 15},
	{0x2638, 0x263A, 15},
	{0x2640, 0x2640, 15},
	{0x2642, 0x2642, 15},
	{0x2648, 0x2653, 15},
	{0x265F, 0x2660, 15},
	{0x2663, 0x2663, 15},
	{0x2665, 0x2666, 15},
	{0x2668, 0x2668, 15},
	{0x267B, 0x267B, 15},
	{0x267E, 0x267F, 15},
	{0x2692, 0x2697, 15},
	{0x2699, 0x2699, 15},
	{0x269B, 0x269C, 15},
	{0x26A0, 0x26A1, 15},
	{0x26A7, 0x26A7, 15},
	{0x26AA, 0x26AB, 15},
	{0x26B0, 0x26B1, 15},
	{0x26BD, 0x26BE, 15},
	{0x26C4, 0x26C5, 15},
	{0x26C8, 0x26C8, 15},
	{0x26CE, 0x26CF, 15},
	{0x26D1, 0x26D1, 15},
	{0x26D3, 0x26D4, 15},
	{0x26E9, 0x26EA, 15},
	{0x26F0, 0x26F5, 15},
	{0x26F7, 0x26FA, 15},
	{0x26FD, 0x26FD, 15},
	{0x2702, 0x2702, 15},
	{0x2705, 0x2705, 15},
	{0x2708, 0x270D, 15},
	{0x270F, 0x270F, 15},
	{0x2712, 0x2712, 15},
	{0x2714, 0x2714, 15},
	{0x2716, 0x2716, 15},
	{0x271D, 0x271D, 15},
	{0x2721, 0x2721, 15},
	{0x2728, 0x2728, 15},
	{0x2733, 0x2734, 15},
	{0x2744, 0x2744, 15},
	{0x2747, 0x2747, 15},
	{0x274C, 0x274C, 15},
	{0x274E, 0x274E, 15},
	{0x2753, 0x2755, 15},
	{0x2757, 0x2757, 15},
	{0x2763, 0x2764, 15},
	{0x2795, 0x2797, 15},
	{0x27A1, 0x27A1, 15},
	{0x27B0, 0x27B0, 15},
	{0x27BF, 0x27BF, 15},
	{0x2934, 0x2935, 15},
	{0x2B05, 0x2B07, 15},
	{0x2B1B, 0x2B1C, 15},
	{0x2B50, 0x2B50, 15},
	{0x2B55, 0x2B55, 15},
	{0x3030, 0x3030, 15},
	{0x303D, 0x303D, 15},
	{0x3297, 0x3297, 15},
	{0x3299, 0x3299, 15},
	{0x1F004, 0x1F004, 15},
	{0x1F0CF, 0x1F0CF, 15},
	{0x1F170, 0x1F171, 15},
	{0x1F17E, 0x1F17F, 15},
	{0x1F18E, 0x1F18E, 15},
	{0x1F191, 0x1F19A, 15},
	{0x1F1E6, 0x1F1FF, 15},
	{0x1F201, 0x1F202, 15},
	{0x1F21A, 0x1F21A, 15},
	{0x1F22F, 0x1F22F, 15},
	{0x1F232, 0x1F23A, 15},
	{0x1F250, 0x1F251, 15},
	{0x1F300, 0x1F321, 15},
	{0x1F324, 0x1F393, 15},
	{0x1F396, 0x1F397, 15},
	{0x1F399, 0x1F39B, 15},
	{0x1F39E, 0x1F3F0, 15},
	{0x1F3F3, 0x1F3F5, 15},
	{0x1F3F7, 0x1F4FD, 15},
	{0x1F4FF, 0x1F53D, 15},
	{0x1F549, 0x1F54E, 15},
	{0x1F550, 0x1F567, 15},
	{0x1F56F, 0x1F570, 15},
	{0x1F573, 0x1F57A, 15},
	{0x1F587, 0x1F587, 15},
	{0x1F58A, 0x1F58D, 15},
	{0x1F590, 0x1F590, 15},
	{0x1F595, 0x1F596, 15},
	{0x1F5A4, 0x1F5A5, 15},
	{0x1F5A8, 0x1F5A8, 15},
	{0x1F5B1, 0x1F5B2, 15},
	{0x1F5BC, 0x1F5BC, 15},
	{0x1F5C2, 0x1F5C4, 15},
	{0x1F5D1, 0x1F5D3, 15},
	{0x1F5DC, 0x1F5DE, 15},
	{0x1F5E1, 0x1F5E1, 15},
	{0x1F5E3, 0x1F5E3, 15},
	{0x1F5E8, 0x1F5E8, 15},
	{0x1F5EF, 0x1F5EF, 15},
	{0x1F5F3, 0x1F5F3, 15},
	{0x1F5FA, 0x1F64F, 15},
	{0x1F680, 0x1F6C5, 15},
	{0x1F6CB, 0x1F6D2, 15},
	{0x1F6D5, 0x1F6D8, 15},
	{0x1F6DC, 0x1F6E5, 15},
	{0x1F6E9, 0x1F6E9, 15},
	{0x1F6EB, 0x1F6EC, 15},
	{0x1F6F0, 0x1F6F0, 15},
	{0x1F6F3, 0x1F6FC, 15},
	{0x1F7E0, 0x1F7EB, 15},
	{0x1F7F0, 0x1F7F0, 15},
	{0x1F90C, 0x1F93A, 15},
	{0x1F93C, 0x1F945, 15},
	{0x1F947, 0x1F9FF, 15},
	{0x1FA70, 0x1FA7C, 15},
	{0x1FA80, 0x1FA8A, 15},
	{0x1FA8E, 0x1FAC6, 15},
	{0x1FAC8, 0x1FAC8, 15},
	{0x1FACD, 0x1FADC, 15},
	{0x1FADF, 0x1FAEA, 15},
	{0x1FAEF, 0x1FAF8, 15},
	{0x23, 0x23, 16},
	{0x2A, 0x2A, 16},
	{0x30, 0x39, 16},
	{0x200D, 0x200D, 16},
	{0x20E3, 0x20E3, 16},
	{0xFE0F, 0xFE0F, 16},
	{0x1F1E6, 0x1F1FF, 16},
	{0x1F3FB, 0x1F3FF, 16},
	{0x1F9B0, 0x1F9B3, 16},
	{0xE0020, 0xE007F, 16},
	{0x1F3FB, 0x1F3FF, 17},
	{0x261D, 0x261D, 18},
	{0x26F9, 0x26F9, 18},
	{0x270A, 0x270D, 18},
	{0x1F385, 0x1F385, 18},
	{0x1F3C2, 0x1F3C4, 18},
	{0x1F3C7, 0x1F3C7, 18},
	{0x1F3CA, 0x1F3CC, 18},
	{0x1F442, 0x1F443, 18},
	{0x1F446, 0x1F450, 18},
	{0x1F466, 0x1F478, 18},
	{0x1F47C, 0x1F47C, 18},
	{0x1F481, 0x1F483, 18},
	{0x1F485, 0x1F487, 18},
	{0x1F48F, 0x1F48F, 18},
	{0x1F491, 0x1F491, 18},
	{0x1F4AA, 0x1F4AA, 18},
	{0x1F574, 0x1F575, 18},
	{0x1F57A, 0x1F57A, 18},
	{0x1F590, 0x1F590, 18},
	{0x1F595, 0x1F596, 18},
	{0x1F645, 0x1F647, 18},
	{0x1F64B, 0x1F64F, 18},
	{0x1F6A3, 0x1F6A3, 18},
	{0x1F6B4, 0x1F6B6, 18},
	{0x1F6C0, 0x1F6C0, 18},
	{0x1F6CC, 0x1F6CC, 18},
	{0x1F90C, 0x1F90C, 18},
	{0x1F90F, 0x1F90F, 18},
	{0x1F918, 0x1F91F, 18},
	{0x1F926, 0x1F926, 18},
	{0x1F930, 0x1F939, 18},
	{0x1F93C, 0x1F93E, 18},
	{0x1F977, 0x1F977, 18},
	{0x1F9B5, 0x1F9B6, 18},
	{0x1F9B8, 0x1F9B9, 18},
	{0x1F9BB, 0x1F9BB, 18},
	{0x1F9CD, 0x1F9CF, 18},
	{0x1F9D1, 0x1F9DD, 18},
	{0x1FAC3, 0x1FAC5, 18},
	{0x1FAF0, 0x1FAF8, 18},
	{0x231A, 0x231B, 19},
	{0x23E9, 0x23EC, 19},
	{0x23F0, 0x23F0, 19},
	{0x23F3, 0x23F3, 19},
	{0x25FD, 0x25FE, 19},
	{0x2614, 0x2615, 19},
	{0x2648, 0x2653, 19},
	{0x267F, 0x267F, 19},
	{0x2693, 0x2693, 19},
	{0x26A1, 0x26A1, 19},
	{0x26AA, 0x26AB, 19},
	{0x26BD, 0x26BE, 19},
	{0x26C4, 0x26C5, 19},
	{0x26CE, 0x26CE, 19},
	{0x26D4, 0x26D4, 19},
	{0x26EA, 0x26EA, 19},
	{0x26F2, 0x26F3, 19},
	{0x26F5, 0x26F5, 19},
	{0x26FA, 0x26FA, 19},
	{0x26FD, 0x26FD, 19},
	{0x2705, 0x2705, 19},
	{0x270A, 0x270B, 19},
	{0x2728, 0x2728, 19},
	{0x274C, 0x274C, 19},
	{0x274E, 0x274E, 19},
	{0x2753, 0x2755, 19},
	{0x2757, 0x2757, 19},
	{0x2795, 0x2797, 19},
	{0x27B0, 0x27B0, 19},
	{0x27BF, 0x27BF, 19},
	{0x2B1B, 0x2B1C, 19},
	{0x2B50, 0x2B50, 19},
	{0x2B55, 0x2B55, 19},
	{0x1F004, 0x1F004, 19},
	{0x1F0CF, 0x1F0CF, 19},
	{0x1F18E, 0x1F18E, 19},
	{0x1F191, 0x1F19A, 19},
	{0x1F1E6, 0x1F1FF, 19},
	{0x1F201, 0x1F201, 19},
	{0x1F21A, 0x1F21A, 19},
	{0x1F22F, 0x1F22F, 19},
	{0x1F232, 0x1F236, 19},
	{0x1F238, 0x1F23A, 19},
	{0x1F250, 0x1F251, 19},
	{0x1F300, 0x1F320, 19},
	{0x1F32D, 0x1F335, 19},
	{0x1F337, 0x1F37C, 19},
	{0x1F37E, 0x1F393, 19},
	{0x1F3A0, 0x1F3CA, 19},
	{0x1F3CF, 0x1F3D3, 19},
	{0x1F3E0, 0x1F3F0, 19},
	{0x1F3F4, 0x1F3F4, 19},
	{0x1F3F8, 0x1F43E, 19},
	{0x1F440, 0x1F440, 19},
	{0x1F442, 0x1F4FC, 19},
	{0x1F4FF, 0x1F53D, 19},
	{0x1F54B, 0x1F54E, 19},
	{0x1F550, 0x1F567, 19},
	{0x1F57A, 0x1F57A, 19},
	{0x1F595, 0x1F596, 19},
	{0x1F5A4, 0x1F5A4, 19},
	{0x1F5FB, 0x1F64F, 19},
	{0x1F680, 0x1F6C5, 19},
	{0x1F6CC, 0x1F6CC, 19},
	{0x1F6D0, 0x1F6D2, 19},
	{0x1F6D5, 0x1F6D8, 19},
	{0x1F6DC, 0x1F6DF, 19},
	{0x1F6EB, 0x1F6EC, 19},
	{0x1F6F4, 0x1F6FC, 19},
	{0x1F7E0, 0x1F7EB, 19},
	{0x1F7F0, 0x1F7F0, 19},
	{0x1F90C, 0x1F93A, 19},
	{0x1F93C, 0x1F945, 19},
	{0x1F947, 0x1F9FF, 19},
	{0x1FA70, 0x1FA7C, 19},
	{0x1FA80, 0x1FA8A, 19},
	{0x1FA8E, 0x1FAC6, 19},
	{0x1FAC8, 0x1FAC8, 19},
	{0x1FACD, 0x1FADC, 19},
	{0x1FADF, 0x1FAEA, 19},
	{0x1FAEF, 0x1FAF8, 19},
	{0xA9, 0xA9, 20},
	{0xAE, 0xAE, 20},
	{0x203C, 0x203C, 20},
	{0x2049, 0x2049, 20},
	{0x2122, 0x2122, 20},
	{0x2139, 0x2139, 20},
	{0x2194, 0x2199, 20},
	{0x21A9, 0x21AA, 20},
	{0x231A, 0x231B, 20},
	{0x2328, 0x2328, 20},
	{0x23CF, 0x23CF, 20},
	{0x23E9, 0x23F3, 20},
	{0x23F8, 0x23FA, 20},
	{0x24C2, 0x24C2, 20},
	{0x25AA, 0x25AB, 20},
	{0x25B6, 0x25B6, 20},
	{0x25C0, 0x25C0, 20},
	{0x25FB, 0x25FE, 20},
	{0x2600, 0x2604, 20},
	{0x260E, 0x260E, 20},
	{0x2611, 0x2611, 20},
	{0x2614, 0x2615, 20},
	{0x2618, 0x2618, 20},
	{0x261D, 0x261D, 20},
	{0x2620, 0x2620, 20},
	{0x2622, 0x2623, 20},
	{0x2626, 0x2626, 20},
	{0x262A, 0x262A, 20},
	{0x262E, 0x262F, 20},
	{0x2638, 0x263A, 20},
	{0x2640, 0x2640, 20},
	{0x2642, 0x2642, 20},
	{0x2648, 0x2653, 20},
	{0x265F, 0x2660, 20},
	{0x2663, 0x2663, 20},
	{0x2665, 0x2666, 20},
	{0x2668, 0x2668, 20},
	{0x267B, 0x267B, 20},
	{0x267E, 0x267F, 20},
	{0x2692, 0x2697, 20},
	{0x2699, 0x2699, 20},
	{0x269B, 0x269C, 20},
	{0x26A0, 0x26A1, 20},
	{0x26A7, 0x26A7, 20},
	{0x26AA, 0x26AB, 20},
	{0x26B0, 0x26B1, 20},
	{0x26BD, 0x26BE, 20},
	{0x26C4, 0x26C5, 20},
	{0x26C8, 0x26C8, 20},
	{0x26CE, 0x26CF, 20},
	{0x26D1, 0x26D1, 20},
	{0x26D3, 0x26D4, 20},
	{0x26E9, 0x26EA, 20},
	{0x26F0, 0x26F5, 20},
	{0x26F7, 0x26FA, 20},
	{0x26FD, 0x26FD, 20},
	{0x2702, 0x2702, 20},
	{0x2705, 0x2705, 20},
	{0x2708, 0x270D, 20},
	{0x270F, 0x270F, 20},
	{0x2712, 0x2712, 20},
	{0x2714, 0x2714, 20},
	{0x2716, 0x2716, 20},
	{0x271D, 0x271D, 20},
	{0x2721, 0x2721, 20},
	{0x2728, 0x2728, 20},
	{0x2733, 0x2734, 20},
	{0x2744, 0x2744, 20},
	{0x2747, 0x2747, 20},
	{0x274C, 0x274C, 20},
	{0x274E, 0x274E, 20},
	{0x2753, 0x2755, 20},
	{0x2757, 0x2757, 20},
	{0x2763, 0x2764, 20},
	{0x2795, 0x2797, 20},
	{0x27A1, 0x27A1, 20},
	{0x27B0, 0x27B0, 20},
	{0x27BF, 0x27BF, 20},
	{0x2934, 0x2935, 20},
	{0x2B05, 0x2B07, 20},
	{0x2B1B, 0x2B1C, 20},
	{0x2B50, 0x2B50, 20},
	{0x2B55, 0x2B55, 20},
	{0x3030, 0x3030, 20},
	{0x303D, 0x303D, 20},
	{0x3297, 0x3297, 20},
	{0x3299, 0x3299, 20},
	{0x1F004, 0x1F004, 20},
	{0x1F02C, 0x1F02F, 20},
	{0x1F094, 0x1F09F, 20},
	{0x1F0AF, 0x1F0B0, 20},
	{0x1F0C0, 0x1F0C0, 20},
	{0x1F0CF, 0x1F0D0, 20},
	{0x1F0F6, 0x1F0FF, 20},
	{0x1F170, 0x1F171, 20},
	{0x1F17E, 0x1F17F, 20},
	{0x1F18E, 0x1F18E, 20},
	{0x1F191, 0x1F19A, 20},
	{0x1F1AE, 0x1F1E5, 20},
	{0x1F201, 0x1F20F, 20},
	{0x1F21A, 0x1F21A, 20},
	{0x1F22F, 0x1F22F, 20},
	{0x1F232, 0x1F23A, 20},
	{0x1F23C, 0x1F23F, 20},
	{0x1F249, 0x1F25F, 20},
	{0x1F266, 0x1F321, 20},
	{0x1F324, 0x1F393, 20},
	{0x1F396, 0x1F397, 20},
	{0x1F399, 0x1F39B, 20},
	{0x1F39E, 0x1F3F0, 20},
	{0x1F3F3, 0x1F3F5, 20},
	{0x1F3F7, 0x1F3FA, 20},
	{0x1F400, 0x1F4FD, 20},
	{0x1F4FF, 0x1F53D, 20},
	{0x1F549, 0x1F54E, 20},
	{0x1F550, 0x1F567, 20},
	{0x1F56F, 0x1F570, 20},
	{0x1F573, 0x1F57A, 20},
	{0x1F587, 0x1F587, 20},
	{0x1F58A, 0x1F58D, 20},
	{0x1F590, 0x1F590, 20},
	{0x1F595, 0x1F596, 20},
	{0x1F5A4, 0x1F5A5, 20},
	{0x1F5A8, 0x1F5A8, 20},
	{0x1F5B1, 0x1F5B2, 20},
	{0x1F5BC, 0x1F5BC, 20},
	{0x1F5C2, 0x1F5C4, 20},
	{0x1F5D1, 0x1F5D3, 20},
	{0x1F5DC, 0x1F5DE, 20},
	{0x1F5E1, 0x1F5E1, 20},
	{0x1F5E3, 0x1F5E3, 20},
	{0x1F5E8, 0x1F5E8, 20},
	{0x1F5EF, 0x1F5EF, 20},
	{0x1F5F3, 0x1F5F3, 20},
	{0x1F5FA, 0x1F64F, 20},
	{0x1F680, 0x1F6C5, 20},
	{0x1F6CB, 0x1F6D2, 20},
	{0x1F6D5, 0x1F6E5, 20},
	{0x1F6E9, 0x1F6E9, 20},
	{0x1F6EB, 0x1F6F0, 20},
	{0x1F6F3, 0x1F6FF, 20},
	{0x1F7DA, 0x1F7FF, 20},
	{0x1F80C, 0x1F80F, 20},
	{0x1F848, 0x1F84F, 20},
	{0x1F85A, 0x1F85F, 20},
	{0x1F888, 0x1F88F, 20},
	{0x1F8AE, 0x1F8AF, 20},
	{0x1F8BC, 0x1F8BF, 20},
	{0x1F8C2, 0x1F8CF, 20},
	{0x1F8D9, 0x1F8FF, 20},
	{0x1F90C, 0x1F93A, 20},
	{0x1F93C, 0x1F945, 20},
	{0x1F947, 0x1F9FF, 20},
	{0x1FA58, 0x1FA5F, 20},
	{0x1FA6E, 0x1FAFF, 20},
	{0x1FC00, 0x1FFFD, 20},
	{0xB7, 0xB7, 21},
	{0x2D0, 0x2D1, 21},
	{0x640, 0x640, 21},
	{0x7FA, 0x7FA, 21},
	{0xA71, 0xA71, 21},
	{0xAFB, 0xAFB, 21},
	{0xB55, 0xB55, 21},
	{0xE46, 0xE46, 21},
	{0xEC6, 0xEC6, 21},
	{0x180A, 0x180A, 21},
	{0x1843, 0x1843, 21},
	{0x1AA7, 0x1AA7, 21},
	{0x1C36, 0x1C36, 21},
	{0x1C7B, 0x1C7B, 21},
	{0x3005, 0x3005, 21},
	{0x3031, 0x3035, 21},
	{0x309D, 0x309E, 21},
	{0x30FC, 0x30FE, 21},
	{0xA015, 0xA015, 21},
	{0xA60C, 0xA60C, 21},
	{0xA9CF, 0xA9CF, 21},
	{0xA9E6, 0xA9E6, 21},
	{0xAA70, 0xAA70, 21},
	{0xAADD, 0xAADD, 21},
	{0xAAF3, 0xAAF4, 21},
	{0xFF70, 0xFF70, 21},
	{0x10781, 0x10782, 21},
	{0x10D4E, 0x10D4E, 21},
	{0x10D6A, 0x10D6A, 21},
	{0x10D6F, 0x10D6F, 21},
	{0x11237, 0x11237, 21},
	{0x1135D, 0x1135D, 21},
	{0x113D2, 0x113D3, 21},
	{0x115C6, 0x115C8, 21},
	{0x11A98, 0x11A98, 21},
	{0x11DD9, 0x11DD9, 21},
	{0x16B42, 0x16B43, 21},
	{0x16FE0, 0x16FE1, 21},
	{0x16FE3, 0x16FE3, 21},
	{0x16FF2, 0x16FF3, 21},
	{0x1E13C, 0x1E13D, 21},
	{0x1E5EF, 0x1E5EF, 21},
	{0x1E944, 0x1E946, 21},
	{0x20, 0x7E, 22},
	{0xA0, 0xAC, 22},
	{0xAE, 0x2FF, 22},
	{0x370, 0x377, 22},
	{0x37A, 0x37F, 22},
	{0x384, 0x38A, 22},
	{0x38C, 0x38C, 22},
	{0x38E, 0x3A1, 22},
	{0x3A3, 0x482, 22},
	{0x48A, 0x52F, 22},
	{0x531, 0x556, 22},
	{0x559, 0x58A, 22},
	{0x58D, 0x58F, 22},
	{0x5BE, 0x5BE, 22},
	{0x5C0, 0x5C0, 22},
	{0x5C3, 0x5C3, 22},
	{0x5C6, 0x5C6, 22},
	{0x5D0, 0x5EA, 22},
	{0x5EF, 0x5F4, 22},
	{0x606, 0x60F, 22},
	{0x61B, 0x61B, 22},
	{0x61D, 0x64A, 22},
	{0x660, 0x66F, 22},
	{0x671, 0x6D5, 22},
	{0x6DE, 0x6DE, 22},
	{0x6E5, 0x6E6, 22},
	{0x6E9, 0x6E9, 22},
	{0x6EE, 0x70D, 22},
	{0x710, 0x710, 22},
	{0x712, 0x72F, 22},
	{0x74D, 0x7A5, 22},
	{0x7B1, 0x7B1, 22},
	{0x7C0, 0x7EA, 22},
	{0x7F4, 0x7FA, 22},
	{0x7FE, 0x815, 22},
	{0x81A, 0x81A, 22},
	{0x824, 0x824, 22},
	{0x828, 0x828, 22},
	{0x830, 0x83E, 22},
	{0x840, 0x858, 22},
	{0x85E, 0x85E, 22},
	{0x860, 0x86A, 22},
	{0x870, 0x88F, 22},
	{0x8A0, 0x8C9, 22},
	{0x903, 0x939, 22},
	{0x93B, 0x93B, 22},
	{0x93D, 0x940, 22},
	{0x949, 0x94C, 22},
	{0x94E, 0x950, 22},
	{0x958, 0x961, 22},
	{0x964, 0x980, 22},
	{0x982, 0x983, 22},
	{0x985, 0x98C, 22},
	{0x98F, 0x990, 22},
	{0x993, 0x9A8, 22},
	{0x9AA, 0x9B0, 22},
	{0x9B2, 0x9B2, 22},
	{0x9B6, 0x9B9, 22},
	{0x9BD, 0x9BD, 22},
	{0x9BF, 0x9C0, 22},
	{0x9C7, 0x9C8, 22},
	{0x9CB, 0x9CC, 22},
	{0x9CE, 0x9CE, 22},
	{0x9DC, 0x9DD, 22},
	{0x9DF, 0x9E1, 22},
	{0x9E6, 0x9FD, 22},
	{0xA03, 0xA03, 22},
	{0xA05, 0xA0A, 22},
	{0xA0F, 0xA10, 22},
	{0xA13, 0xA28, 22},
	{0xA2A, 0xA30, 22},
	{0xA32, 0xA33, 22},
	{0xA35, 0xA36, 22},
	{0xA38, 0xA39, 22},
	{0xA3E, 0xA40, 22},
	{0xA59, 0xA5C, 22},
	{0xA5E, 0xA5E, 22},
	{0xA66, 0xA6F, 22},
	{0xA72, 0xA74, 22},
	{0xA76, 0xA76, 22},
	{0xA83, 0xA83, 22},
	{0xA85, 0xA8D, 22},
	{0xA8F, 0xA91, 22},
	{0xA93, 0xAA8, 22},
	{0xAAA, 0xAB0, 22},
	{0xAB2, 0xAB3, 22},
	{0xAB5, 0xAB9, 22},
	{0xABD, 0xAC0, 22},
	{0xAC9, 0xAC9, 22},
	{0xACB, 0xACC, 22},
	{0xAD0, 0xAD0, 22},
	{0xAE0, 0xAE1, 22},
	{0xAE6, 0xAF1, 22},
	{0xAF9, 0xAF9, 22},
	{0xB02, 0xB03, 22},
	{0xB05, 0xB0C, 22},
	{0xB0F, 0xB10, 22},
	{0xB13, 0xB28, 22},
	{0xB2A, 0xB30, 22},
	{0xB32, 0xB33, 22},
	{0xB35, 0xB39, 22},
	{0xB3D, 0xB3D, 22},
	{0xB40, 0xB40, 22},
	{0xB47, 0xB48, 22},
	{0xB4B, 0xB4C, 22},
	{0xB5C, 0xB5D, 22},
	{0xB5F, 0xB61, 22},
	{0xB66, 0xB77, 22},
	{0xB83, 0xB83, 22},
	{0xB85, 0xB8A, 22},
	{0xB8E, 0xB90, 22},
	{0xB92, 0xB95, 22},
	{0xB99, 0xB9A, 22},
	{0xB9C, 0xB9C, 22},
	{0xB9E, 0xB9F, 22},
	{0xBA3, 0xBA4, 22},
	{0xBA8, 0xBAA, 22},
	{0xBAE, 0xBB9, 22},
	{0xBBF, 0xBBF, 22},
	{0xBC1, 0xBC2, 22},
	{0xBC6, 0xBC8, 22},
	{0xBCA, 0xBCC, 22},
	{0xBD0, 0xBD0, 22},
	{0xBE6, 0xBFA, 22},
	{0xC01, 0xC03, 22},
	{0xC05, 0xC0C, 22},
	{0xC0E, 0xC10, 22},
	{0xC12, 0xC28, 22},
	{0xC2A, 0xC39, 22},
	{0xC3D, 0xC3D, 22},
	{0xC41, 0xC44, 22},
	{0xC58, 0xC5A, 22},
	{0xC5C, 0xC5D, 22},
	{0xC60, 0xC61, 22},
	{0xC66, 0xC6F, 22},
	{0xC77, 0xC80, 22},
	{0xC82, 0xC8C, 22},
	{0xC8E, 0xC90, 22},
	{0xC92, 0xCA8, 22},
	{0xCAA, 0xCB3, 22},
	{0xCB5, 0xCB9, 22},
	{0xCBD, 0xCBE, 22},
	{0xCC1, 0xCC1, 22},
	{0xCC3, 0xCC4, 22},
	{0xCDC, 0xCDE, 22},
	{0xCE0, 0xCE1, 22},
	{0xCE6, 0xCEF, 22},
	{0xCF1, 0xCF3, 22},
	{0xD02, 0xD0C, 22},
	{0xD0E, 0xD10, 22},
	{0xD12, 0xD3A, 22},
	{0xD3D, 0xD3D, 22},
	{0xD3F, 0xD40, 22},
	{0xD46, 0xD48, 22},
	{0xD4A, 0xD4C, 22},
	{0xD4E, 0xD4F, 22},
	{0xD54, 0xD56, 22},
	{0xD58, 0xD61, 22},
	{0xD66, 0xD7F, 22},
	{0xD82, 0xD83, 22},
	{0xD85, 0xD96, 22},
	{0xD9A, 0xDB1, 22},
	{0xDB3, 0xDBB, 22},
	{0xDBD, 0xDBD, 22},
	{0xDC0, 0xDC6, 22},
	{0xDD0, 0xDD1, 22},
	{0xDD8, 0xDDE, 22},
	{0xDE6, 0xDEF, 22},
	{0xDF2, 0xDF4, 22},
	{0xE01, 0xE30, 22},
	{0xE32, 0xE33, 22},
	{0xE3F, 0xE46, 22},
	{0xE4F, 0xE5B, 22},
	{0xE81, 0xE82, 22},
	{0xE84, 0xE84, 22},
	{0xE86, 0xE8A, 22},
	{0xE8C, 0xEA3, 22},
	{0xEA5, 0xEA5, 22},
	{0xEA7, 0xEB0, 22},
	{0xEB2, 0xEB3, 22},
	{0xEBD, 0xEBD, 22},
	{0xEC0, 0xEC4, 22},
	{0xEC6, 0xEC6, 22},
	{0xED0, 0xED9, 22},
	{0xEDC, 0xEDF, 22},
	{0xF00, 0xF17, 22},
	{0xF1A, 0xF34, 22},
	{0xF36, 0xF36, 22},
	{0xF38, 0xF38, 22},
	{0xF3A, 0xF47, 22},
	{0xF49, 0xF6C, 22},
	{0xF7F, 0xF7F, 22},
	{0xF85, 0xF85, 22},
	{0xF88, 0xF8C, 22},
	{0xFBE, 0xFC5, 22},
	{0xFC7, 0xFCC, 22},
	{0xFCE, 0xFDA, 22},
	{0x1000, 0x102C, 22},
	{0x1031, 0x1031, 22},
	{0x1038, 0x1038, 22},
	{0x103B, 0x103C, 22},
	{0x103F, 0x1057, 22},
	{0x105A, 0x105D, 22},
	{0x1061, 0x1070, 22},
	{0x1075, 0x1081, 22},
	{0x1083, 0x1084, 22},
	{0x1087, 0x108C, 22},
	{0x108E, 0x109C, 22},
	{0x109E, 0x10C5, 22},
	{0x10C7, 0x10C7, 22},
	{0x10CD, 0x10CD, 22},
	{0x10D0, 0x1248, 22},
	{0x124A, 0x124D, 22},
	{0x1250, 0x1256, 22},
	{0x1258, 0x1258, 22},
	{0x125A, 0x125D, 22},
	{0x1260, 0x1288, 22},
	{0x128A, 0x128D, 22},
	{0x1290, 0x12B0, 22},
	{0x12B2, 0x12B5, 22},
	{0x12B8, 0x12BE, 22},
	{0x12C0, 0x12C0, 22},
	{0x12C2, 0x12C5, 22},
	{0x12C8, 0x12D6, 22},
	{0x12D8, 0x1310, 22},
	{0x1312, 0x1315, 22},
	{0x1318, 0x135A, 22},
	{0x1360, 0x137C, 22},
	{0x1380, 0x1399, 22},
	{0x13A0, 0x13F5, 22},
	{0x13F8, 0x13FD, 22},
	{0x1400, 0x169C, 22},
	{0x16A0, 0x16F8, 22},
	{0x1700, 0x1711, 22},
	{0x171F, 0x1731, 22},
	{0x1735, 0x1736, 22},
	{0x1740, 0x1751, 22},
	{0x1760, 0x176C, 22},
	{0x176E, 0x1770, 22},
	{0x1780, 0x17B3, 22},
	{0x17B6, 0x17B6, 22},
	{0x17BE, 0x17C5, 22},
	{0x17C7, 0x17C8, 22},
	{0x17D4, 0x17DC, 22},
	{0x17E0, 0x17E9, 22},
	{0x17F0, 0x17F9, 22},
	{0x1800, 0x180A, 22},
	{0x1810, 0x1819, 22},
	{0x1820, 0x1878, 22},
	{0x1880, 0x1884, 22},
	{0x1887, 0x18A8, 22},
	{0x18AA, 0x18AA, 22},
	{0x18B0, 0x18F5, 22},
	{0x1900, 0x191E, 22},
	{0x1923, 0x1926, 22},
	{0x1929, 0x192B, 22},
	{0x1930, 0x1931, 22},
	{0x1933, 0x1938, 22},
	{0x1940, 0x1940, 22},
	{0x1944, 0x196D, 22},
	{0x1970, 0x1974, 22},
	{0x1980, 0x19AB, 22},
	{0x19B0, 0x19C9, 22},
	{0x19D0, 0x19DA, 22},
	{0x19DE, 0x1A16, 22},
	{0x1A19, 0x1A1A, 22},
	{0x1A1E, 0x1A55, 22},
	{0x1A57, 0x1A57, 22},
	{0x1A61, 0x1A61, 22},
	{0x1A63, 0x1A64, 22},
	{0x1A6D, 0x1A72, 22},
	{0x1A80, 0x1A89, 22},
	{0x1A90, 0x1A99, 22},
	{0x1AA0, 0x1AAD, 22},
	{0x1B04, 0x1B33, 22},
	{0x1B3E, 0x1B41, 22},
	{0x1B45, 0x1B4C, 22},
	{0x1B4E, 0x1B6A, 22},
	{0x1B74, 0x1B7F, 22},
	{0x1B82, 0x1BA1, 22},
	{0x1BA6, 0x1BA7, 22},
	{0x1BAE, 0x1BE5, 22},
	{0x1BE7, 0x1BE7, 22},
	{0x1BEA, 0x1BEC, 22},
	{0x1BEE, 0x1BEE, 22},
	{0x1BFC, 0x1C2B, 22},
	{0x1C34, 0x1C35, 22},
	{0x1C3B, 0x1C49, 22},
	{0x1C4D, 0x1C8A, 22},
	{0x1C90, 0x1CBA, 22},
	{0x1CBD, 0x1CC7, 22},
	{0x1CD3, 0x1CD3, 22},
	{0x1CE1, 0x1CE1, 22},
	{0x1CE9, 0x1CEC, 22},
	{0x1CEE, 0x1CF3, 22},
	{0x1CF5, 0x1CF7, 22},
	{0x1CFA, 0x1CFA, 22},
	{0x1D00, 0x1DBF, 22},
	{0x1E00, 0x1F15, 22},
	{0x1F18, 0x1F1D, 22},
	{0x1F20, 0x1F45, 22},
	{0x1F48, 0x1F4D, 22},
	{0x1F50, 0x1F57, 22},
	{0x1F59, 0x1F59, 22},
	{0x1F5B, 0x1F5B, 22},
	{0x1F5D, 0x1F5D, 22},
	{0x1F5F, 0x1F7D, 22},
	{0x1F80, 0x1FB4, 22},
	{0x1FB6, 0x1FC4, 22},
	{0x1FC6, 0x1FD3, 22},
	{0x1FD6, 0x1FDB, 22},
	{0x1FDD, 0x1FEF, 22},
	{0x1FF2, 0x1FF4, 22},
	{0x1FF6, 0x1FFE, 22},
	{0x2000, 0x200A, 22},
	{0x2010, 0x2027, 22},
	{0x202F, 0x205F, 22},
	{0x2070, 0x2071, 22},
	{0x2074, 0x208E, 22},
	{0x2090, 0x209C, 22},
	{0x20A0, 0x20C1, 22},
	{0x2100, 0x218B, 22},
	{0x2190, 0x2429, 22},
	{0x2440, 0x244A, 22},
	{0x2460, 0x2B73, 22},
	{0x2B76, 0x2CEE, 22},
	{0x2CF2, 0x2CF3, 22},
	{0x2CF9, 0x2D25, 22},
	{0x2D27, 0x2D27, 22},
	{0x2D2D, 0x2D2D, 22},
	{0x2D30, 0x2D67, 22},
	{0x2D6F, 0x2D70, 22},
	{0x2D80, 0x2D96, 22},
	{0x2DA0, 0x2DA6, 22},
	{0x2DA8, 0x2DAE, 22},
	{0x2DB0, 0x2DB6, 22},
	{0x2DB8, 0x2DBE, 22},
	{0x2DC0, 0x2DC6, 22},
	{0x2DC8, 0x2DCE, 22},
	{0x2DD0, 0x2DD6, 22},
	{0x2DD8, 0x2DDE, 22},
	{0x2E00, 0x2E5D, 22},
	{0x2E80, 0x2E99, 22},
	{0x2E9B, 0x2EF3, 22},
	{0x2F00, 0x2FD5, 22},
	{0x2FF0, 0x3029, 22},
	{0x3030, 0x303F, 22},
	{0x3041, 0x3096, 22},
	{0x309B, 0x30FF, 22},
	{0x3105, 0x312F, 22},
	{0x3131, 0x318E, 22},
	{0x3190, 0x31E5, 22},
	{0x31EF, 0x321E, 22},
	{0x3220, 0xA48C, 22},
	{0xA490, 0xA4C6, 22},
	{0xA4D0, 0xA62B, 22},
	{0xA640, 0xA66E, 22},
	{0xA673, 0xA673, 22},
	{0xA67E, 0xA69D, 22},
	{0xA6A0, 0xA6EF, 22},
	{0xA6F2, 0xA6F7, 22},
	{0xA700, 0xA7DC, 22},
	{0xA7F1, 0xA801, 22},
	{0xA803, 0xA805, 22},
	{0xA807, 0xA80A, 22},
	{0xA80C, 0xA824, 22},
	{0xA827, 0xA82B, 22},
	{0xA830, 0xA839, 22},
	{0xA840, 0xA877, 22},
	{0xA880, 0xA8C3, 22},
	{0xA8CE, 0xA8D9, 22},
	{0xA8F2, 0xA8FE, 22},
	{0xA900, 0xA925, 22},
	{0xA92E, 0xA946, 22},
	{0xA952, 0xA952, 22},
	{0xA95F, 0xA97C, 22},
	{0xA983, 0xA9B2, 22},
	{0xA9B4, 0xA9B5, 22},
	{0xA9BA, 0xA9BB, 22},
	{0xA9BE, 0xA9BF, 22},
	{0xA9C1, 0xA9CD, 22},
	{0xA9CF, 0xA9D9, 22},
	{0xA9DE, 0xA9E4, 22},
	{0xA9E6, 0xA9FE, 22},
	{0xAA00, 0xAA28, 22},
	{0xAA2F, 0xAA30, 22},
	{0xAA33, 0xAA34, 22},
	{0xAA40, 0xAA42, 22},
	{0xAA44, 0xAA4B, 22},
	{0xAA4D, 0xAA4D, 22},
	{0xAA50, 0xAA59, 22},
	{0xAA5C, 0xAA7B, 22},
	{0xAA7D, 0xAAAF, 22},
	{0xAAB1, 0xAAB1, 22},
	{0xAAB5, 0xAAB6, 22},
	{0xAAB9, 0xAABD, 22},
	{0xAAC0, 0xAAC0, 22},
	{0xAAC2, 0xAAC2, 22},
	{0xAADB, 0xAAEB, 22},
	{0xAAEE, 0xAAF5, 22},
	{0xAB01, 0xAB06, 22},
	{0xAB09, 0xAB0E, 22},
	{0xAB11, 0xAB16, 22},
	{0xAB20, 0xAB26, 22},
	{0xAB28, 0xAB2E, 22},
	{0xAB30, 0xAB6B, 22},
	{0xAB70, 0xABE4, 22},
	{0xABE6, 0xABE7, 22},
	{0xABE9, 0xABEC, 22},
	{0xABF0, 0xABF9, 22},
	{0xAC00, 0xD7A3, 22},
	{0xD7B0, 0xD7C6, 22},
	{0xD7CB, 0xD7FB, 22},
	{0xF900, 0xFA6D, 22},
	{0xFA70, 0xFAD9, 22},
	{0xFB00, 0xFB06, 22},
	{0xFB13, 0xFB17, 22},
	{0xFB1D, 0xFB1D, 22},
	{0xFB1F, 0xFB36, 22},
	{0xFB38, 0xFB3C, 22},
	{0xFB3E, 0xFB3E, 22},
	{0xFB40, 0xFB41, 22},
	{0xFB43, 0xFB44, 22},
	{0xFB46, 0xFDCF, 22},
	{0xFDF0, 0xFDFF, 22},
	{0xFE10, 0xFE19, 22},
	{0xFE30, 0xFE52, 22},
	{0xFE54, 0xFE66, 22},
	{0xFE68, 0xFE6B, 22},
	{0xFE70, 0xFE74, 22},
	{0xFE76, 0xFEFC, 22},
	{0xFF01, 0xFF9D, 22},
	{0xFFA0, 0xFFBE, 22},
	{0xFFC2, 0xFFC7, 22},
	{0xFFCA, 0xFFCF, 22},
	{0xFFD2, 0xFFD7, 22},
	{0xFFDA, 0xFFDC, 22},
	{0xFFE0, 0xFFE6, 22},
	{0xFFE8, 0xFFEE, 22},
	{0xFFFC, 0xFFFD, 22},
	{0x10000, 0x1000B, 22},
	{0x1000D, 0x10026, 22},
	{0x10028, 0x1003A, 22},
	{0x1003C, 0x1003D, 22},
	{0x1003F, 0x1004D, 22},
	{0x10050, 0x1005D, 22},
	{0x10080, 0x100FA, 22},
	{0x10100, 0x10102, 22},
	{0x10107, 0x10133, 22},
	{0x10137, 0x1018E, 22},
	{0x10190, 0x1019C, 22},
	{0x101A0, 0x101A0, 22},
	{0x101D0, 0x101FC, 22},
	{0x10280, 0x1029C, 22},
	{0x102A0, 0x102D0, 22},
	{0x102E1, 0x102FB, 22},
	{0x10300, 0x10323, 22},
	{0x1032D, 0x1034A, 22},
	{0x10350, 0x10375, 22},
	{0x10380, 0x1039D, 22},
	{0x1039F, 0x103C3, 22},
	{0x103C8, 0x103D5, 22},
	{0x10400, 0x1049D, 22},
	{0x104A0, 0x104A9, 22},
	{0x104B0, 0x104D3, 22},
	{0x104D8, 0x104FB, 22},
	{0x10500, 0x10527, 22},
	{0x10530, 0x10563, 22},
	{0x1056F, 0x1057A, 22},
	{0x1057C, 0x1058A, 22},
	{0x1058C, 0x10592, 22},
	{0x10594, 0x10595, 22},
	{0x10597, 0x105A1, 22},
	{0x105A3, 0x105B1, 22},
	{0x105B3, 0x105B9, 22},
	{0x105BB, 0x105BC, 22},
	{0x105C0, 0x105F3, 22},
	{0x10600, 0x10736, 22},
	{0x10740, 0x10755, 22},
	{0x10760, 0x10767, 22},
	{0x10780, 0x10785, 22},
	{0x10787, 0x107B0, 22},
	{0x107B2, 0x107BA, 22},
	{0x10800, 0x10805, 22},
	{0x10808, 0x10808, 22},
	{0x1080A, 0x10835, 22},
	{0x10837, 0x10838, 22},
	{0x1083C, 0x1083C, 22},
	{0x1083F, 0x10855, 22},
	{0x10857, 0x1089E, 22},
	{0x108A7, 0x108AF, 22},
	{0x108E0, 0x108F2, 22},
	{0x108F4, 0x108F5, 22},
	{0x108FB, 0x1091B, 22},
	{0x1091F, 0x10939, 22},
	{0x1093F, 0x10959, 22},
	{0x10980, 0x109B7, 22},
	{0x109BC, 0x109CF, 22},
	{0x109D2, 0x10A00, 22},
	{0x10A10, 0x10A13, 22},
	{0x10A15, 0x10A17, 22},
	{0x10A19, 0x10A35, 22},
	{0x10A40, 0x10A48, 22},
	{0x10A50, 0x10A58, 22},
	{0x10A60, 0x10A9F, 22},
	{0x10AC0, 0x10AE4, 22},
	{0x10AEB, 0x10AF6, 22},
	{0x10B00, 0x10B35, 22},
	{0x10B39, 0x10B55, 22},
	{0x10B58, 0x10B72, 22},
	{0x10B78, 0x10B91, 22},
	{0x10B99, 0x10B9C, 22},
	{0x10BA9, 0x10BAF, 22},
	{0x10C00, 0x10C48, 22},
	{0x10C80, 0x10CB2, 22},
	{0x10CC0, 0x10CF2, 22},
	{0x10CFA, 0x10D23, 22},
	{0x10D30, 0x10D39, 22},
	{0x10D40, 0x10D65, 22},
	{0x10D6E, 0x10D85, 22},
	{0x10D8E, 0x10D8F, 22},
	{0x10E60, 0x10E7E, 22},
	{0x10E80, 0x10EA9, 22},
	{0x10EAD, 0x10EAD, 22},
	{0x10EB0, 0x10EB1, 22},
	{0x10EC2, 0x10EC7, 22},
	{0x10ED0, 0x10ED8, 22},
	{0x10F00, 0x10F27, 22},
	{0x10F30, 0x10F45, 22},
	{0x10F51, 0x10F59, 22},
	{0x10F70, 0x10F81, 22},
	{0x10F86, 0x10F89, 22},
	{0x10FB0, 0x10FCB, 22},
	{0x10FE0, 0x10FF6, 22},
	{0x11000, 0x11000, 22},
	{0x11002, 0x11037, 22},
	{0x11047, 0x1104D, 22},
	{0x11052, 0x1106F, 22},
	{0x11071, 0x11072, 22},
	{0x11075, 0x11075, 22},
	{0x11082, 0x110B2, 22},
	{0x110B7, 0x110B8, 22},
	{0x110BB, 0x110BC, 22},
	{0x110BE, 0x110C1, 22},
	{0x110D0, 0x110E8, 22},
	{0x110F0, 0x110F9, 22},
	{0x11103, 0x11126, 22},
	{0x1112C, 0x1112C, 22},
	{0x11136, 0x11147, 22},
	{0x11150, 0x11172, 22},
	{0x11174, 0x11176, 22},
	{0x11182, 0x111B5, 22},
	{0x111BF, 0x111BF, 22},
	{0x111C1, 0x111C8, 22},
	{0x111CD, 0x111CE, 22},
	{0x111D0, 0x111DF, 22},
	{0x111E1, 0x111F4, 22},
	{0x11200, 0x11211, 22},
	{0x11213, 0x1122E, 22},
	{0x11232, 0x11233, 22},
	{0x11238, 0x1123D, 22},
	{0x1123F, 0x11240, 22},
	{0x11280, 0x11286, 22},
	{0x11288, 0x11288, 22},
	{0x1128A, 0x1128D, 22},
	{0x1128F, 0x1129D, 22},
	{0x1129F, 0x112A9, 22},
	{0x112B0, 0x112DE, 22},
	{0x112E0, 0x112E2, 22},
	{0x112F0, 0x112F9, 22},
	{0x11302, 0x11303, 22},
	{0x11305, 0x1130C, 22},
	{0x1130F, 0x11310, 22},
	{0x11313, 0x11328, 22},
	{0x1132A, 0x11330, 22},
	{0x11332, 0x11333, 22},
	{0x11335, 0x11339, 22},
	{0x1133D, 0x1133D, 22},
	{0x1133F, 0x1133F, 22},
	{0x11341, 0x11344, 22},
	{0x11347, 0x11348, 22},
	{0x1134B, 0x1134C, 22},
	{0x11350, 0x11350, 22},
	{0x1135D, 0x11363, 22},
	{0x11380, 0x11389, 22},
	{0x1138B, 0x1138B, 22},
	{0x1138E, 0x1138E, 22},
	{0x11390, 0x113B5, 22},
	{0x113B7, 0x113B7, 22},
	{0x113B9, 0x113BA, 22},
	{0x113CA, 0x113CA, 22},
	{0x113CC, 0x113CD, 22},
	{0x113D1, 0x113D1, 22},
	{0x113D3, 0x113D5, 22},
	{0x113D7, 0x113D8, 22},
	{0x11400, 0x11437, 22},
	{0x11440, 0x11441, 22},
	{0x11445, 0x11445, 22},
	{0x11447, 0x1145B, 22},
	{0x1145D, 0x1145D, 22},
	{0x1145F, 0x11461, 22},
	{0x11480, 0x114AF, 22},
	{0x114B1, 0x114B2, 22},
	{0x114B9, 0x114B9, 22},
	{0x114BB, 0x114BC, 22},
	{0x114BE, 0x114BE, 22},
	{0x114C1, 0x114C1, 22},
	{0x114C4, 0x114C7, 22},
	{0x114D0, 0x114D9, 22},
	{0x11580, 0x115AE, 22},
	{0x115B0, 0x115B1, 22},
	{0x115B8, 0x115BB, 22},
	{0x115BE, 0x115BE, 22},
	{0x115C1, 0x115DB, 22},
	{0x11600, 0x11632, 22},
	{0x1163B, 0x1163C, 22},
	{0x1163E, 0x1163E, 22},
	{0x11641, 0x11644, 22},
	{0x11650, 0x11659, 22},
	{0x11660, 0x1166C, 22},
	{0x11680, 0x116AA, 22},
	{0x116AC, 0x116AC, 22},
	{0x116AE, 0x116AF, 22},
	{0x116B8, 0x116B9, 22},
	{0x116C0, 0x116C9, 22},
	{0x116D0, 0x116E3, 22},
	{0x11700, 0x1171A, 22},
	{0x1171E, 0x1171E, 22},
	{0x11720, 0x11721, 22},
	{0x11726, 0x11726, 22},
	{0x11730, 0x11746, 22},
	{0x11800, 0x1182E, 22},
	{0x11838, 0x11838, 22},
	{0x1183B, 0x1183B, 22},
	{0x118A0, 0x118F2, 22},
	{0x118FF, 0x11906, 22},
	{0x11909, 0x11909, 22},
	{0x1190C, 0x11913, 22},
	{0x11915, 0x11916, 22},
	{0x11918, 0x1192F, 22},
	{0x11931, 0x11935, 22},
	{0x11937, 0x11938, 22},
	{0x1193F, 0x11942, 22},
	{0x11944, 0x11946, 22},
	{0x11950, 0x11959, 22},
	{0x119A0, 0x119A7, 22},
	{0x119AA, 0x119D3, 22},
	{0x119DC, 0x119DF, 22},
	{0x119E1, 0x119E4, 22},
	{0x11A00, 0x11A00, 22},
	{0x11A0B, 0x11A32, 22},
	{0x11A39, 0x11A3A, 22},
	{0x11A3F, 0x11A46, 22},
	{0x11A50, 0x11A50, 22},
	{0x11A57, 0x11A58, 22},
	{0x11A5C, 0x11A89, 22},
	{0x11A97, 0x11A97, 22},
	{0x11A9A, 0x11AA2, 22},
	{0x11AB0, 0x11AF8, 22},
	{0x11B00, 0x11B09, 22},
	{0x11B61, 0x11B61, 22},
	{0x11B65, 0x11B65, 22},
	{0x11B67, 0x11B67, 22},
	{0x11BC0, 0x11BE1, 22},
	{0x11BF0, 0x11BF9, 22},
	{0x11C00, 0x11C08, 22},
	{0x11C0A, 0x11C2F, 22},
	{0x11C3E, 0x11C3E, 22},
	{0x11C40, 0x11C45, 22},
	{0x11C50, 0x11C6C, 22},
	{0x11C70, 0x11C8F, 22},
	{0x11CA9, 0x11CA9, 22},
	{0x11CB1, 0x11CB1, 22},
	{0x11CB4, 0x11CB4, 22},
	{0x11D00, 0x11D06, 22},
	{0x11D08, 0x11D09, 22},
	{0x11D0B, 0x11D30, 22},
	{0x11D46, 0x11D46, 22},
	{0x11D50, 0x11D59, 22},
	{0x11D60, 0x11D65, 22},
	{0x11D67, 0x11D68, 22},
	{0x11D6A, 0x11D8E, 22},
	{0x11D93, 0x11D94, 22},
	{0x11D96, 0x11D96, 22},
	{0x11D98, 0x11D98, 22},
	{0x11DA0, 0x11DA9, 22},
	{0x11DB0, 0x11DDB, 22},
	{0x11DE0, 0x11DE9, 22},
	{0x11EE0, 0x11EF2, 22},
	{0x11EF5, 0x11EF8, 22},
	{0x11F02, 0x11F10, 22},
	{0x11F12, 0x11F35, 22},
	{0x11F3E, 0x11F3F, 22},
	{0x11F43, 0x11F59, 22},
	{0x11FB0, 0x11FB0, 22},
	{0x11FC0, 0x11FF1, 22},
	{0x11FFF, 0x12399, 22},
	{0x12400, 0x1246E, 22},
	{0x12470, 0x12474, 22},
	{0x12480, 0x12543, 22},
	{0x12F90, 0x12FF2, 22},
	{0x13000, 0x1342F, 22},
	{0x13441, 0x13446, 22},
	{0x13460, 0x143FA, 22},
	{0x14400, 0x14646, 22},
	{0x16100, 0x1611D, 22},
	{0x1612A, 0x1612C, 22},
	{0x16130, 0x16139, 22},
	{0x16800, 0x16A38, 22},
	{0x16A40, 0x16A5E, 22},
	{0x16A60, 0x16A69, 22},
	{0x16A6E, 0x16ABE, 22},
	{0x16AC0, 0x16AC9, 22},
	{0x16AD0, 0x16AED, 22},
	{0x16AF5, 0x16AF5, 22},
	{0x16B00, 0x16B2F, 22},
	{0x16B37, 0x16B45, 22},
	{0x16B50, 0x16B59, 22},
	{0x16B5B, 0x16B61, 22},
	{0x16B63, 0x16B77, 22},
	{0x16B7D, 0x16B8F, 22},
	{0x16D40, 0x16D79, 22},
	{0x16E40, 0x16E9A, 22},
	{0x16EA0, 0x16EB8, 22},
	{0x16EBB, 0x16ED3, 22},
	{0x16F00, 0x16F4A, 22},
	{0x16F50, 0x16F87, 22},
	{0x16F93, 0x16F9F, 22},
	{0x16FE0, 0x16FE3, 22},
	{0x16FF2, 0x16FF6, 22},
	{0x17000, 0x18CD5, 22},
	{0x18CFF, 0x18D1E, 22},
	{0x18D80, 0x18DF2, 22},
	{0x1AFF0, 0x1AFF3, 22},
	{0x1AFF5, 0x1AFFB, 22},
	{0x1AFFD, 0x1AFFE, 22},
	{0x1B000, 0x1B122, 22},
	{0x1B132, 0x1B132, 22},
	{0x1B150, 0x1B152, 22},
	{0x1B155, 0x1B155, 22},
	{0x1B164, 0x1B167, 22},
	{0x1B170, 0x1B2FB, 22},
	{0x1BC00, 0x1BC6A, 22},
	{0x1BC70, 0x1BC7C, 22},
	{0x1BC80, 0x1BC88, 22},
	{0x1BC90, 0x1BC99, 22},
	{0x1BC9C, 0x1BC9C, 22},
	{0x1BC9F, 0x1BC9F, 22},
	{0x1CC00, 0x1CCFC, 22},
	{0x1CD00, 0x1CEB3, 22},
	{0x1CEBA, 0x1CED0, 22},
	{0x1CEE0, 0x1CEF0, 22},
	{0x1CF50, 0x1CFC3, 22},
	{0x1D000, 0x1D0F5, 22},
	{0x1D100, 0x1D126, 22},
	{0x1D129, 0x1D164, 22},
	{0x1D16A, 0x1D16C, 22},
	{0x1D183, 0x1D184, 22},
	{0x1D18C, 0x1D1A9, 22},
	{0x1D1AE, 0x1D1EA, 22},
	{0x1D200, 0x1D241, 22},
	{0x1D245, 0x1D245, 22},
	{0x1D2C0, 0x1D2D3, 22},
	{0x1D2E0, 0x1D2F3, 22},
	{0x1D300, 0x1D356, 22},
	{0x1D360, 0x1D378, 22},
	{0x1D400, 0x1D454, 22},
	{0x1D456, 0x1D49C, 22},
	{0x1D49E, 0x1D49F, 22},
	{0x1D4A2, 0x1D4A2, 22},
	{0x1D4A5, 0x1D4A6, 22},
	{0x1D4A9, 0x1D4AC, 22},
	{0x1D4AE, 0x1D4B9, 22},
	{0x1D4BB, 0x1D4BB, 22},
	{0x1D4BD, 0x1D4C3, 22},
	{0x1D4C5, 0x1D505, 22},
	{0x1D507, 0x1D50A, 22},
	{0x1D50D, 0x1D514, 22},
	{0x1D516, 0x1D51C, 22},
	{0x1D51E, 0x1D539, 22},
	{0x1D53B, 0x1D53E, 22},
	{0x1D540, 0x1D544, 22},
	{0x1D546, 0x1D546, 22},
	{0x1D54A, 0x1D550, 22},
	{0x1D552, 0x1D6A5, 22},
	{0x1D6A8, 0x1D7CB, 22},
	{0x1D7CE, 0x1D9FF, 22},
	{0x1DA37, 0x1DA3A, 22},
	{0x1DA6D, 0x1DA74, 22},
	{0x1DA76, 0x1DA83, 22},
	{0x1DA85, 0x1DA8B, 22},
	{0x1DF00, 0x1DF1E, 22},
	{0x1DF25, 0x1DF2A, 22},
	{0x1E030, 0x1E06D, 22},
	{0x1E100, 0x1E12C, 22},
	{0x1E137, 0x1E13D, 22},
	{0x1E140, 0x1E149, 22},
	{0x1E14E, 0x1E14F, 22},
	{0x1E290, 0x1E2AD, 22},
	{0x1E2C0, 0x1E2EB, 22},
	{0x1E2F0, 0x1E2F9, 22},
	{0x1E2FF, 0x1E2FF, 22},
	{0x1E4D0, 0x1E4EB, 22},
	{0x1E4F0, 0x1E4F9, 22},
	{0x1E5D0, 0x1E5ED, 22},
	{0x1E5F0, 0x1E5FA, 22},
	{0x1E5FF, 0x1E5FF, 22},
	{0x1E6C0, 0x1E6DE, 22},
	{0x1E6E0, 0x1E6E2, 22},
	{0x1E6E4, 0x1E6E5, 22},
	{0x1E6E7, 0x1E6ED, 22},
	{0x1E6F0, 0x1E6F4, 22},
	{0x1E6FE, 0x1E6FF, 22},
	{0x1E7E0, 0x1E7E6, 22},
	{0x1E7E8, 0x1E7EB, 22},
	{0x1E7ED, 0x1E7EE, 22},
	{0x1E7F0, 0x1E7FE, 22},
	{0x1E800, 0x1E8C4, 22},
	{0x1E8C7, 0x1E8CF, 22},
	{0x1E900, 0x1E943, 22},
	{0x1E94B, 0x1E94B, 22},
	{0x1E950, 0x1E959, 22},
	{0x1E95E, 0x1E95F, 22},
	{0x1EC71, 0x1ECB4, 22},
	{0x1ED01, 0x1ED3D, 22},
	{0x1EE00, 0x1EE03, 22},
	{0x1EE05, 0x1EE1F, 22},
	{0x1EE21, 0x1EE22, 22},
	{0x1EE24, 0x1EE24, 22},
	{0x1EE27, 0x1EE27, 22},
	{0x1EE29, 0x1EE32, 22},
	{0x1EE34, 0x1EE37, 22},
	{0x1EE39, 0x1EE39, 22},
	{0x1EE3B, 0x1EE3B, 22},
	{0x1EE42, 0x1EE42, 22},
	{0x1EE47, 0x1EE47, 22},
	{0x1EE49, 0x1EE49, 22},
	{0x1EE4B, 0x1EE4B, 22},
	{0x1EE4D, 0x1EE4F, 22},
	{0x1EE51, 0x1EE52, 22},
	{0x1EE54, 0x1EE54, 22},
	{0x1EE57, 0x1EE57, 22},
	{0x1EE59, 0x1EE59, 22},
	{0x1EE5B, 0x1EE5B, 22},
	{0x1EE5D, 0x1EE5D, 22},
	{0x1EE5F, 0x1EE5F, 22},
	{0x1EE61, 0x1EE62, 22},
	{0x1EE64, 0x1EE64, 22},
	{0x1EE67, 0x1EE6A, 22},
	{0x1EE6C, 0x1EE72, 22},
	{0x1EE74, 0x1EE77, 22},
	{0x1EE79, 0x1EE7C, 22},
	{0x1EE7E, 0x1EE7E, 22},
	{0x1EE80, 0x1EE89, 22},
	{0x1EE8B, 0x1EE9B, 22},
	{0x1EEA1, 0x1EEA3, 22},
	{0x1EEA5, 0x1EEA9, 22},
	{0x1EEAB, 0x1EEBB, 22},
	{0x1EEF0, 0x1EEF1, 22},
	{0x1F000, 0x1F02B, 22},
	{0x1F030, 0x1F093, 22},
	{0x1F0A0, 0x1F0AE, 22},
	{0x1F0B1, 0x1F0BF, 22},
	{0x1F0C1, 0x1F0CF, 22},
	{0x1F0D1, 0x1F0F5, 22},
	{0x1F100, 0x1F1AD, 22},
	{0x1F1E6, 0x1F202, 22},
	{0x1F210, 0x1F23B, 22},
	{0x1F240, 0x1F248, 22},
	{0x1F250, 0x1F251, 22},
	{0x1F260, 0x1F265, 22},
	{0x1F300, 0x1F6D8, 22},
	{0x1F6DC, 0x1F6EC, 22},
	{0x1F6F0, 0x1F6FC, 22},
	{0x1F700, 0x1F7D9, 22},
	{0x1F7E0, 0x1F7EB, 22},
	{0x1F7F0, 0x1F7F0, 22},
	{0x1F800, 0x1F80B, 22},
	{0x1F810, 0x1F847, 22},
	{0x1F850, 0x1F859, 22},
	{0x1F860, 0x1F887, 22},
	{0x1F890, 0x1F8AD, 22},
	{0x1F8B0, 0x1F8BB, 22},
	{0x1F8C0, 0x1F8C1, 22},
	{0x1F8D0, 0x1F8D8, 22},
	{0x1F900, 0x1FA57, 22},
	{0x1FA60, 0x1FA6D, 22},
	{0x1FA70, 0x1FA7C, 22},
	{0x1FA80, 0x1FA8A, 22},
	{0x1FA8E, 0x1FAC6, 22},
	{0x1FAC8, 0x1FAC8, 22},
	{0x1FACD, 0x1FADC, 22},
	{0x1FADF, 0x1FAEA, 22},
	{0x1FAEF, 0x1FAF8, 22},
	{0x1FB00, 0x1FB92, 22},
	{0x1FB94, 0x1FBFA, 22},
	{0x20000, 0x2A6DF, 22},
	{0x2A700, 0x2B81D, 22},
	{0x2B820, 0x2CEAD, 22},
	{0x2CEB0, 0x2EBE0, 22},
	{0x2EBF0, 0x2EE5D, 22},
	{0x2F800, 0x2FA1D, 22},
	{0x30000, 0x3134A, 22},
	{0x31350, 0x33479, 22},
	{0x300, 0x36F, 23},
	{0x483, 0x489, 23},
	{0x591, 0x5BD, 23},
	{0x5BF, 0x5BF, 23},
	{0x5C1, 0x5C2, 23},
	{0x5C4, 0x5C5, 23},
	{0x5C7, 0x5C7, 23},
	{0x610, 0x61A, 23},
	{0x64B, 0x65F, 23},
	{0x670, 0x670, 23},
	{0x6D6, 0x6DC, 23},
	{0x6DF, 0x6E4, 23},
	{0x6E7, 0x6E8, 23},
	{0x6EA, 0x6ED, 23},
	{0x711, 0x711, 23},
	{0x730, 0x74A, 23},
	{0x7A6, 0x7B0, 23},
	{0x7EB, 0x7F3, 23},
	{0x7FD, 0x7FD, 23},
	{0x816, 0x819, 23},
	{0x81B, 0x823, 23},
	{0x825, 0x827, 23},
	{0x829, 0x82D, 23},
	{0x859, 0x85B, 23},
	{0x897, 0x89F, 23},
	{0x8CA, 0x8E1, 23},
	{0x8E3, 0x902, 23},
	{0x93A, 0x93A, 23},
	{0x93C, 0x93C, 23},
	{0x941, 0x948, 23},
	{0x94D, 0x94D, 23},
	{0x951, 0x957, 23},
	{0x962, 0x963, 23},
	{0x981, 0x981, 23},
	{0x9BC, 0x9BC, 23},
	{0x9BE, 0x9BE, 23},
	{0x9C1, 0x9C4, 23},
	{0x9CD, 0x9CD, 23},
	{0x9D7, 0x9D7, 23},
	{0x9E2, 0x9E3, 23},
	{0x9FE, 0x9FE, 23},
	{0xA01, 0xA02, 23},
	{0xA3C, 0xA3C, 23},
	{0xA41, 0xA42, 23},
	{0xA47, 0xA48, 23},
	{0xA4B, 0xA4D, 23},
	{0xA51, 0xA51, 23},
	{0xA70, 0xA71, 23},
	{0xA75, 0xA75, 23},
	{0xA81, 0xA82, 23},
	{0xABC, 0xABC, 23},
	{0xAC1, 0xAC5, 23},
	{0xAC7, 0xAC8, 23},
	{0xACD, 0xACD, 23},
	{0xAE2, 0xAE3, 23},
	{0xAFA, 0xAFF, 23},
	{0xB01, 0xB01, 23},
	{0xB3C, 0xB3C, 23},
	{0xB3E, 0xB3F, 23},
	{0xB41, 0xB44, 23},
	{0xB4D, 0xB4D, 23},
	{0xB55, 0xB57, 23},
	{0xB62, 0xB63, 23},
	{0xB82, 0xB82, 23},
	{0xBBE, 0xBBE, 23},
	{0xBC0, 0xBC0, 23},
	{0xBCD, 0xBCD, 23},
	{0xBD7, 0xBD7, 23},
	{0xC00, 0xC00, 23},
	{0xC04, 0xC04, 23},
	{0xC3C, 0xC3C, 23},
	{0xC3E, 0xC40, 23},
	{0xC46, 0xC48, 23},
	{0xC4A, 0xC4D, 23},
	{0xC55, 0xC56, 23},
	{0xC62, 0xC63, 23},
	{0xC81, 0xC81, 23},
	{0xCBC, 0xCBC, 23},
	{0xCBF, 0xCC0, 23},
	{0xCC2, 0xCC2, 23},
	{0xCC6, 0xCC8, 23},
	{0xCCA, 0xCCD, 23},
	{0xCD5, 0xCD6, 23},
	{0xCE2, 0xCE3, 23},
	{0xD00, 0xD01, 23},
	{0xD3B, 0xD3C, 23},
	{0xD3E, 0xD3E, 23},
	{0xD41, 0xD44, 23},
	{0xD4D, 0xD4D, 23},
	{0xD57, 0xD57, 23},
	{0xD62, 0xD63, 23},
	{0xD81, 0xD81, 23},
	{0xDCA, 0xDCA, 23},
	{0xDCF, 0xDCF, 23},
	{0xDD2, 0xDD4, 23},
	{0xDD6, 0xDD6, 23},
	{0xDDF, 0xDDF, 23},
	{0xE31, 0xE31, 23},
	{0xE34, 0xE3A, 23},
	{0xE47, 0xE4E, 23},
	{0xEB1, 0xEB1, 23},
	{0xEB4, 0xEBC, 23},
	{0xEC8, 0xECE, 23},
	{0xF18, 0xF19, 23},
	{0xF35, 0xF35, 23},
	{0xF37, 0xF37, 23},
	{0xF39, 0xF39, 23},
	{0xF71, 0xF7E, 23},
	{0xF80, 0xF84, 23},
	{0xF86, 0xF87, 23},
	{0xF8D, 0xF97, 23},
	{0xF99, 0xFBC, 23},
	{0xFC6, 0xFC6, 23},
	{0x102D, 0x1030, 23},
	{0x1032, 0x1037, 23},
	{0x1039, 0x103A, 23},
	{0x103D, 0x103E, 23},
	{0x1058, 0x1059, 23},
	{0x105E, 0x1060, 23},
	{0x1071, 0x1074, 23},
	{0x1082, 0x1082, 23},
	{0x1085, 0x1086, 23},
	{0x108D, 0x108D, 23},
	{0x109D, 0x109D, 23},
	{0x135D, 0x135F, 23},
	{0x1712, 0x1715, 23},
	{0x1732, 0x1734, 23},
	{0x1752, 0x1753, 23},
	{0x1772, 0x1773, 23},
	{0x17B4, 0x17B5, 23},
	{0x17B7, 0x17BD, 23},
	{0x17C6, 0x17C6, 23},
	{0x17C9, 0x17D3, 23},
	{0x17DD, 0x17DD, 23},
	{0x180B, 0x180D, 23},
	{0x180F, 0x180F, 23},
	{0x1885, 0x1886, 23},
	{0x18A9, 0x18A9, 23},
	{0x1920, 0x1922, 23},
	{0x1927, 0x1928, 23},
	{0x1932, 0x1932, 23},
	{0x1939, 0x193B, 23},
	{0x1A17, 0x1A18, 23},
	{0x1A1B, 0x1A1B, 23},
	{0x1A56, 0x1A56, 23},
	{0x1A58, 0x1A5E, 23},
	{0x1A60, 0x1A60, 23},
	{0x1A62, 0x1A62, 23},
	{0x1A65, 0x1A6C, 23},
	{0x1A73, 0x1A7C, 23},
	{0x1A7F, 0x1A7F, 23},
	{0x1AB0, 0x1ADD, 23},
	{0x1AE0, 0x1AEB, 23},
	{0x1B00, 0x1B03, 23},
	{0x1B34, 0x1B3D, 23},
	{0x1B42, 0x1B44, 23},
	{0x1B6B, 0x1B73, 23},
	{0x1B80, 0x1B81, 23},
	{0x1BA2, 0x1BA5, 23},
	{0x1BA8, 0x1BAD, 23},
	{0x1BE6, 0x1BE6, 23},
	{0x1BE8, 0x1BE9, 23},
	{0x1BED, 0x1BED, 23},
	{0x1BEF, 0x1BF3, 23},
	{0x1C2C, 0x1C33, 23},
	{0x1C36, 0x1C37, 23},
	{0x1CD0, 0x1CD2, 23},
	{0x1CD4, 0x1CE0, 23},
	{0x1CE2, 0x1CE8, 23},
	{0x1CED, 0x1CED, 23},
	{0x1CF4, 0x1CF4, 23},
	{0x1CF8, 0x1CF9, 23},
	{0x1DC0, 0x1DFF, 23},
	{0x200C, 0x200C, 23},
	{0x20D0, 0x20F0, 23},
	{0x2CEF, 0x2CF1, 23},
	{0x2D7F, 0x2D7F, 23},
	{0x2DE0, 0x2DFF, 23},
	{0x302A, 0x302F, 23},
	{0x3099, 0x309A, 23},
	{0xA66F, 0xA672, 23},
	{0xA674, 0xA67D, 23},
	{0xA69E, 0xA69F, 23},
	{0xA6F0, 0xA6F1, 23},
	{0xA802, 0xA802, 23},
	{0xA806, 0xA806, 23},
	{0xA80B, 0xA80B, 23},
	{0xA825, 0xA826, 23},
	{0xA82C, 0xA82C, 23},
	{0xA8C4, 0xA8C5, 23},
	{0xA8E0, 0xA8F1, 23},
	{0xA8FF, 0xA8FF, 23},
	{0xA926, 0xA92D, 23},
	{0xA947, 0xA951, 23},
	{0xA953, 0xA953, 23},
	{0xA980, 0xA982, 23},
	{0xA9B3, 0xA9B3, 23},
	{0xA9B6, 0xA9B9, 23},
	{0xA9BC, 0xA9BD, 23},
	{0xA9C0, 0xA9C0, 23},
	{0xA9E5, 0xA9E5, 23},
	{0xAA29, 0xAA2E, 23},
	{0xAA31, 0xAA32, 23},
	{0xAA35, 0xAA36, 23},
	{0xAA43, 0xAA43, 23},
	{0xAA4C, 0xAA4C, 23},
	{0xAA7C, 0xAA7C, 23},
	{0xAAB0, 0xAAB0, 23},
	{0xAAB2, 0xAAB4, 23},
	{0xAAB7, 0xAAB8, 23},
	{0xAABE, 0xAABF, 23},
	{0xAAC1, 0xAAC1, 23},
	{0xAAEC, 0xAAED, 23},
	{0xAAF6, 0xAAF6, 23},
	{0xABE5, 0xABE5, 23},
	{0xABE8, 0xABE8, 23},
	{0xABED, 0xABED, 23},
	{0xFB1E, 0xFB1E, 23},
	{0xFE00, 0xFE0F, 23},
	{0xFE20, 0xFE2F, 23},
	{0xFF9E, 0xFF9F, 23},
	{0x101FD, 0x101FD, 23},
	{0x102E0, 0x102E0, 23},
	{0x10376, 0x1037A, 23},
	{0x10A01, 0x10A03, 23},
	{0x10A05, 0x10A06, 23},
	{0x10A0C, 0x10A0F, 23},
	{0x10A38, 0x10A3A, 23},
	{0x10A3F, 0x10A3F, 23},
	{0x10AE5, 0x10AE6, 23},
	{0x10D24, 0x10D27, 23},
	{0x10D69, 0x10D6D, 23},
	{0x10EAB, 0x10EAC, 23},
	{0x10EFA, 0x10EFF, 23},
	{0x10F46, 0x10F50, 23},
	{0x10F82, 0x10F85, 23},
	{0x11001, 0x11001, 23},
	{0x11038, 0x11046, 23},
	{0x11070, 0x11070, 23},
	{0x11073, 0x11074, 23},
	{0x1107F, 0x11081, 23},
	{0x110B3, 0x110B6, 23},
	{0x110B9, 0x110BA, 23},
	{0x110C2, 0x110C2, 23},
	{0x11100, 0x11102, 23},
	{0x11127, 0x1112B, 23},
	{0x1112D, 0x11134, 23},
	{0x11173, 0x11173, 23},
	{0x11180, 0x11181, 23},
	{0x111B6, 0x111BE, 23},
	{0x111C0, 0x111C0, 23},
	{0x111C9, 0x111CC, 23},
	{0x111CF, 0x111CF, 23},
	{0x1122F, 0x11231, 23},
	{0x11234, 0x11237, 23},
	{0x1123E, 0x1123E, 23},
	{0x11241, 0x11241, 23},
	{0x112DF, 0x112DF, 23},
	{0x112E3, 0x112EA, 23},
	{0x11300, 0x11301, 23},
	{0x1133B, 0x1133C, 23},
	{0x1133E, 0x1133E, 23},
	{0x11340, 0x11340, 23},
	{0x1134D, 0x1134D, 23},
	{0x11357, 0x11357, 23},
	{0x11366, 0x1136C, 23},
	{0x11370, 0x11374, 23},
	{0x113B8, 0x113B8, 23},
	{0x113BB, 0x113C0, 23},
	{0x113C2, 0x113C2, 23},
	{0x113C5, 0x113C5, 23},
	{0x113C7, 0x113C9, 23},
	{0x113CE, 0x113D0, 23},
	{0x113D2, 0x113D2, 23},
	{0x113E1, 0x113E2, 23},
	{0x11438, 0x1143F, 23},
	{0x11442, 0x11444, 23},
	{0x11446, 0x11446, 23},
	{0x1145E, 0x1145E, 23},
	{0x114B0, 0x114B0, 23},
	{0x114B3, 0x114B8, 23},
	{0x114BA, 0x114BA, 23},
	{0x114BD, 0x114BD, 23},
	{0x114BF, 0x114C0, 23},
	{0x114C2, 0x114C3, 23},
	{0x115AF, 0x115AF, 23},
	{0x115B2, 0x115B5, 23},
	{0x115BC, 0x115BD, 23},
	{0x115BF, 0x115C0, 23},
	{0x115DC, 0x115DD, 23},
	{0x11633, 0x1163A, 23},
	{0x1163D, 0x1163D, 23},
	{0x1163F, 0x11640, 23},
	{0x116AB, 0x116AB, 23},
	{0x116AD, 0x116AD, 23},
	{0x116B0, 0x116B7, 23},
	{0x1171D, 0x1171D, 23},
	{0x1171F, 0x1171F, 23},
	{0x11722, 0x11725, 23},
	{0x11727, 0x1172B, 23},
	{0x1182F, 0x11837, 23},
	{0x11839, 0x1183A, 23},
	{0x11930, 0x11930, 23},
	{0x1193B, 0x1193E, 23},
	{0x11943, 0x11943, 23},
	{0x119D4, 0x119D7, 23},
	{0x119DA, 0x119DB, 23},
	{0x119E0, 0x119E0, 23},
	{0x11A01, 0x11A0A, 23},
	{0x11A33, 0x11A38, 23},
	{0x11A3B, 0x11A3E, 23},
	{0x11A47, 0x11A47, 23},
	{0x11A51, 0x11A56, 23},
	{0x11A59, 0x11A5B, 23},
	{0x11A8A, 0x11A96, 23},
	{0x11A98, 0x11A99, 23},
	{0x11B60, 0x11B60, 23},
	{0x11B62, 0x11B64, 23},
	{0x11B66, 0x11B66, 23},
	{0x11C30, 0x11C36, 23},
	{0x11C38, 0x11C3D, 23},
	{0x11C3F, 0x11C3F, 23},
	{0x11C92, 0x11CA7, 23},
	{0x11CAA, 0x11CB0, 23},
	{0x11CB2, 0x11CB3, 23},
	{0x11CB5, 0x11CB6, 23},
	{0x11D31, 0x11D36, 23},
	{0x11D3A, 0x11D3A, 23},
	{0x11D3C, 0x11D3D, 23},
	{0x11D3F, 0x11D45, 23},
	{0x11D47, 0x11D47, 23},
	{0x11D90, 0x11D91, 23},
	{0x11D95, 0x11D95, 23},
	{0x11D97, 0x11D97, 23},
	{0x11EF3, 0x11EF4, 23},
	{0x11F00, 0x11F01, 23},
	{0x11F36, 0x11F3A, 23},
	{0x11F40, 0x11F42, 23},
	{0x11F5A, 0x11F5A, 23},
	{0x13440, 0x13440, 23},
	{0x13447, 0x13455, 23},
	{0x1611E, 0x16129, 23},
	{0x1612D, 0x1612F, 23},
	{0x16AF0, 0x16AF4, 23},
	{0x16B30, 0x16B36, 23},
	{0x16F4F, 0x16F4F, 23},
	{0x16F8F, 0x16F92, 23},
	{0x16FE4, 0x16FE4, 23},
	{0x16FF0, 0x16FF1, 23},
	{0x1BC9D, 0x1BC9E, 23},
	{0x1CF00, 0x1CF2D, 23},
	{0x1CF30, 0x1CF46, 23},
	{0x1D165, 0x1D169, 23},
	{0x1D16D, 0x1D172, 23},
	{0x1D17B, 0x1D182, 23},
	{0x1D185, 0x1D18B, 23},
	{0x1D1AA, 0x1D1AD, 23},
	{0x1D242, 0x1D244, 23},
	{0x1DA00, 0x1DA36, 23},
	{0x1DA3B, 0x1DA6C, 23},
	{0x1DA75, 0x1DA75, 23},
	{0x1DA84, 0x1DA84, 23},
	{0x1DA9B, 0x1DA9F, 23},
	{0x1DAA1, 0x1DAAF, 23},
	{0x1E000, 0x1E006, 23},
	{0x1E008, 0x1E018, 23},
	{0x1E01B, 0x1E021, 23},
	{0x1E023, 0x1E024, 23},
	{0x1E026, 0x1E02A, 23},
	{0x1E08F, 0x1E08F, 23},
	{0x1E130, 0x1E136, 23},
	{0x1E2AE, 0x1E2AE, 23},
	{0x1E2EC, 0x1E2EF, 23},
	{0x1E4EC, 0x1E4EF, 23},
	{0x1E5EE, 0x1E5EF, 23},
	{0x1E6E3, 0x1E6E3, 23},
	{0x1E6E6, 0x1E6E6, 23},
	{0x1E6EE, 0x1E6EF, 23},
	{0x1E6F5, 0x1E6F5, 23},
	{0x1E8D0, 0x1E8D6, 23},
	{0x1E944, 0x1E94A, 23},
	{0xE0020, 0xE007F, 23},
	{0xE0100, 0xE01EF, 23},
	{0x94D, 0x94D, 24},
	{0x9CD, 0x9CD, 24},
	{0xA4D, 0xA4D, 24},
	{0xACD, 0xACD, 24},
	{0xB4D, 0xB4D, 24},
	{0xBCD, 0xBCD, 24},
	{0xC4D, 0xC4D, 24},
	{0xCCD, 0xCCD, 24},
	{0xD3B, 0xD3C, 24},
	{0xD4D, 0xD4D, 24},
	{0xDCA, 0xDCA, 24},
	{0xE3A, 0xE3A, 24},
	{0xEBA, 0xEBA, 24},
	{0xF84, 0xF84, 24},
	{0x1039, 0x103A, 24},
	{0x1714, 0x1715, 24},
	{0x1734, 0x1734, 24},
	{0x17D2, 0x17D2, 24},
	{0x1A60, 0x1A60, 24},
	{0x1B44, 0x1B44, 24},
	{0x1BAA, 0x1BAB, 24},
	{0x1BF2, 0x1BF3, 24},
	{0x2D7F, 0x2D7F, 24},
	{0xA806, 0xA806, 24},
	{0xA82C, 0xA82C, 24},
	{0xA8C4, 0xA8C4, 24},
	{0xA953, 0xA953, 24},
	{0xA9C0, 0xA9C0, 24},
	{0xAAF6, 0xAAF6, 24},
	{0xABED, 0xABED, 24},
	{0x10A3F, 0x10A3F, 24},
	{0x11046, 0x11046, 24},
	{0x11070, 0x11070, 24},
	{0x1107F, 0x1107F, 24},
	{0x110B9, 0x110B9, 24},
	{0x11133, 0x11134, 24},
	{0x111C0, 0x111C0, 24},
	{0x11235, 0x11235, 24},
	{0x112EA, 0x112EA, 24},
	{0x1134D, 0x1134D, 24},
	{0x113CE, 0x113D0, 24},
	{0x11442, 0x11442, 24},
	{0x114C2, 0x114C2, 24},
	{0x115BF, 0x115BF, 24},
	{0x1163F, 0x1163F, 24},
	{0x116B6, 0x116B6, 24},
	{0x1172B, 0x1172B, 24},
	{0x11839, 0x11839, 24},
	{0x1193D, 0x1193E, 24},
	{0x119E0, 0x119E0, 24},
	{0x11A34, 0x11A34, 24},
	{0x11A47, 0x11A47, 24},
	{0x11A99, 0x11A99, 24},
	{0x11C3F, 0x11C3F, 24},
	{0x11D44, 0x11D45, 24},
	{0x11D97, 0x11D97, 24},
	{0x11F41, 0x11F42, 24},
	{0x1612F, 0x1612F, 24},
	{0x30, 0x39, 25},
	{0x41, 0x46, 25},
	{0x61, 0x66, 25},
	{0xFF10, 0xFF19, 25},
	{0xFF21, 0xFF26, 25},
	{0xFF41, 0xFF46, 25},
	{0x2D, 0x2D, 26},
	{0xAD, 0xAD, 26},
	{0x58A, 0x58A, 26},
	{0x1806, 0x1806, 26},
	{0x2010, 0x2011, 26},
	{0x2E17, 0x2E17, 26},
	{0x30FB, 0x30FB, 26},
	{0xFE63, 0xFE63, 26},
	{0xFF0D, 0xFF0D, 26},
	{0xFF65, 0xFF65, 26},
	{0x2FF0, 0x2FF1, 27},
	{0x2FF4, 0x2FFD, 27},
	{0x31EF, 0x31EF, 27},
	{0x2FF2, 0x2FF3, 28},
	{0x2FFE, 0x2FFF, 29},
	{0xB2, 0xB3, 30},
	{0xB9, 0xB9, 30},
	{0x2070, 0x2070, 30},
	{0x2074, 0x207E, 30},
	{0x2080, 0x208E, 30},
	{0x2202, 0x2202, 30},
	{0x2207, 0x2207, 30},
	{0x221E, 0x221E, 30},
	{0x1D6C1, 0x1D6C1, 30},
	{0x1D6DB, 0x1D6DB, 30},
	{0x1D6FB, 0x1D6FB, 30},
	{0x1D715, 0x1D715, 30},
	{0x1D735, 0x1D735, 30},
	{0x1D74F, 0x1D74F, 30},
	{0x1D76F, 0x1D76F, 30},
	{0x1D789, 0x1D789, 30},
	{0x1D7A9, 0x1D7A9, 30},
	{0x1D7C3, 0x1D7C3, 30},
	{0x2202, 0x2202, 31},
	{0x2207, 0x2207, 31},
	{0x221E, 0x221E, 31},
	{0x1D6C1, 0x1D6C1, 31},
	{0x1D6DB, 0x1D6DB, 31},
	{0x1D6FB, 0x1D6FB, 31},
	{0x1D715, 0x1D715, 31},
	{0x1D735, 0x1D735, 31},
	{0x1D74F, 0x1D74F, 31},
	{0x1D76F, 0x1D76F, 31},
	{0x1D789, 0x1D789, 31},
	{0x1D7A9, 0x1D7A9, 31},
	{0x1D7C3, 0x1D7C3, 31},
	{0x30, 0x39, 32},
	{0x41, 0x5A, 32},
	{0x5F, 0x5F, 32},
	{0x61, 0x7A, 32},
	{0xAA, 0xAA, 32},
	{0xB5, 0xB5, 32},
	{0xB7, 0xB7, 32},
	{0xBA, 0xBA, 32},
	{0xC0, 0xD6, 32},
	{0xD8, 0xF6, 32},
	{0xF8, 0x2C1, 32},
	{0x2C6, 0x2D1, 32},
	{0x2E0, 0x2E4, 32},
	{0x2EC, 0x2EC, 32},
	{0x2EE, 0x2EE, 32},
	{0x300, 0x374, 32},
	{0x376, 0x377, 32},
	{0x37A, 0x37D, 32},
	{0x37F, 0x37F, 32},
	{0x386, 0x38A, 32},
	{0x38C, 0x38C, 32},
	{0x38E, 0x3A1, 32},
	{0x3A3, 0x3F5, 32},
	{0x3F7, 0x481, 32},
	{0x483, 0x487, 32},
	{0x48A, 0x52F, 32},
	{0x531, 0x556, 32},
	{0x559, 0x559, 32},
	{0x560, 0x588, 32},
	{0x591, 0x5BD, 32},
	{0x5BF, 0x5BF, 32},
	{0x5C1, 0x5C2, 32},
	{0x5C4, 0x5C5, 32},
	{0x5C7, 0x5C7, 32},
	{0x5D0, 0x5EA, 32},
	{0x5EF, 0x5F2, 32},
	{0x610, 0x61A, 32},
	{0x620, 0x669, 32},
	{0x66E, 0x6D3, 32},
	{0x6D5, 0x6DC, 32},
	{0x6DF, 0x6E8, 32},
	{0x6EA, 0x6FC, 32},
	{0x6FF, 0x6FF, 32},
	{0x710, 0x74A, 32},
	{0x74D, 0x7B1, 32},
	{0x7C0, 0x7F5, 32},
	{0x7FA, 0x7FA, 32},
	{0x7FD, 0x7FD, 32},
	{0x800, 0x82D, 32},
	{0x840, 0x85B, 32},
	{0x860, 0x86A, 32},
	{0x870, 0x887, 32},
	{0x889, 0x88F, 32},
	{0x897, 0x8E1, 32},
	{0x8E3, 0x963, 32},
	{0x966, 0x96F, 32},
	{0x971, 0x983, 32},
	{0x985, 0x98C, 32},
	{0x98F, 0x990, 32},
	{0x993, 0x9A8, 32},
	{0x9AA, 0x9B0, 32},
	{0x9B2, 0x9B2, 32},
	{0x9B6, 0x9B9, 32},
	{0x9BC, 0x9C4, 32},
	{0x9C7, 0x9C8, 32},
	{0x9CB, 0x9CE, 32},
	{0x9D7, 0x9D7, 32},
	{0x9DC, 0x9DD, 32},
	{0x9DF, 0x9E3, 32},
	{0x9E6, 0x9F1, 32},
	{0x9FC, 0x9FC, 32},
	{0x9FE, 0x9FE, 32},
	{0xA01, 0xA03, 32},
	{0xA05, 0xA0A, 32},
	{0xA0F, 0xA10, 32},
	{0xA13, 0xA28, 32},
	{0xA2A, 0xA30, 32},
	{0xA32, 0xA33, 32},
	{0xA35, 0xA36, 32},
	{0xA38, 0xA39, 32},
	{0xA3C, 0xA3C, 32},
	{0xA3E, 0xA42, 32},
	{0xA47, 0xA48, 32},
	{0xA4B, 0xA4D, 32},
	{0xA51, 0xA51, 32},
	{0xA59, 0xA5C, 32},
	{0xA5E, 0xA5E, 32},
	{0xA66, 0xA75, 32},
	{0xA81, 0xA83, 32},
	{0xA85, 0xA8D, 32},
	{0xA8F, 0xA91, 32},
	{0xA93, 0xAA8, 32},
	{0xAAA, 0xAB0, 32},
	{0xAB2, 0xAB3, 32},
	{0xAB5, 0xAB9, 32},
	{0xABC, 0xAC5, 32},
	{0xAC7, 0xAC9, 32},
	{0xACB, 0xACD, 32},
	{0xAD0, 0xAD0, 32},
	{0xAE0, 0xAE3, 32},
	{0xAE6, 0xAEF, 32},
	{0xAF9, 0xAFF, 32},
	{0xB01, 0xB03, 32},
	{0xB05, 0xB0C, 32},
	{0xB0F, 0xB10, 32},
	{0xB13, 0xB28, 32},
	{0xB2A, 0xB30, 32},
	{0xB32, 0xB33, 32},
	{0xB35, 0xB39, 32},
	{0xB3C, 0xB44, 32},
	{0xB47, 0xB48, 32},
	{0xB4B, 0xB4D, 32},
	{0xB55, 0xB57, 32},
	{0xB5C, 0xB5D, 32},
	{0xB5F, 0xB63, 32},
	{0xB66, 0xB6F, 32},
	{0xB71, 0xB71, 32},
	{0xB82, 0xB83, 32},
	{0xB85, 0xB8A, 32},
	{0xB8E, 0xB90, 32},
	{0xB92, 0xB95, 32},
	{0xB99, 0xB9A, 32},
	{0xB9C, 0xB9C, 32},
	{0xB9E, 0xB9F, 32},
	{0xBA3, 0xBA4, 32},
	{0xBA8, 0xBAA, 32},
	{0xBAE, 0xBB9, 32},
	{0xBBE, 0xBC2, 32},
	{0xBC6, 0xBC8, 32},
	{0xBCA, 0xBCD, 32},
	{0xBD0, 0xBD0, 32},
	{0xBD7, 0xBD7, 32},
	{0xBE6, 0xBEF, 32},
	{0xC00, 0xC0C, 32},
	{0xC0E, 0xC10, 32},
	{0xC12, 0xC28, 32},
	{0xC2A, 0xC39, 32},
	{0xC3C, 0xC44, 32},
	{0xC46, 0xC48, 32},
	{0xC4A, 0xC4D, 32},
	{0xC55, 0xC56, 32},
	{0xC58, 0xC5A, 32},
	{0xC5C, 0xC5D, 32},
	{0xC60, 0xC63, 32},
	{0xC66, 0xC6F, 32},
	{0xC80, 0xC83, 32},
	{0xC85, 0xC8C, 32},
	{0xC8E, 0xC90, 32},
	{0xC92, 0xCA8, 32},
	{0xCAA, 0xCB3, 32},
	{0xCB5, 0xCB9, 32},
	{0xCBC, 0xCC4, 32},
	{0xCC6, 0xCC8, 32},
	{0xCCA, 0xCCD, 32},
	{0xCD5, 0xCD6, 32},
	{0xCDC, 0xCDE, 32},
	{0xCE0, 0xCE3, 32},
	{0xCE6, 0xCEF, 32},
	{0xCF1, 0xCF3, 32},
	{0xD00, 0xD0C, 32},
	{0xD0E, 0xD10, 32},
	{0xD12, 0xD44, 32},
	{0xD46, 0xD48, 32},
	{0xD4A, 0xD4E, 32},
	{0xD54, 0xD57, 32},
	{0xD5F, 0xD63, 32},
	{0xD66, 0xD6F, 32},
	{0xD7A, 0xD7F, 32},
	{0xD81, 0xD83, 32},
	{0xD85, 0xD96, 32},
	{0xD9A, 0xDB1, 32},
	{0xDB3, 0xDBB, 32},
	{0xDBD, 0xDBD, 32},
	{0xDC0, 0xDC6, 32},
	{0xDCA, 0xDCA, 32},
	{0xDCF, 0xDD4, 32},
	{0xDD6, 0xDD6, 32},
	{0xDD8, 0xDDF, 32},
	{0xDE6, 0xDEF, 32},
	{0xDF2, 0xDF3, 32},
	{0xE01, 0xE3A, 32},
	{0xE40, 0xE4E, 32},
	{0xE50, 0xE59, 32},
	{0xE81, 0xE82, 32},
	{0xE84, 0xE84, 32},
	{0xE86, 0xE8A, 32},
	{0xE8C, 0xEA3, 32},
	{0xEA5, 0xEA5, 32},
	{0xEA7, 0xEBD, 32},
	{0xEC0, 0xEC4, 32},
	{0xEC6, 0xEC6, 32},
	{0xEC8, 0xECE, 32},
	{0xED0, 0xED9, 32},
	{0xEDC, 0xEDF, 32},
	{0xF00, 0xF00, 32},
	{0xF18, 0xF19, 32},
	{0xF20, 0xF29, 32},
	{0xF35, 0xF35, 32},
	{0xF37, 0xF37, 32},
	{0xF39, 0xF39, 32},
	{0xF3E, 0xF47, 32},
	{0xF49, 0xF6C, 32},
	{0xF71, 0xF84, 32},
	{0xF86, 0xF97, 32},
	{0xF99, 0xFBC, 32},
	{0xFC6, 0xFC6, 32},
	{0x1000, 0x1049, 32},
	{0x1050, 0x109D, 32},
	{0x10A0, 0x10C5, 32},
	{0x10C7, 0x10C7, 32},
	{0x10CD, 0x10CD, 32},
	{0x10D0, 0x10FA, 32},
	{0x10FC, 0x1248, 32},
	{0x124A, 0x124D, 32},
	{0x1250, 0x1256, 32},
	{0x1258, 0x1258, 32},
	{0x125A, 0x125D, 32},
	{0x1260, 0x1288, 32},
	{0x128A, 0x128D, 32},
	{0x1290, 0x12B0, 32},
	{0x12B2, 0x12B5, 32},
	{0x12B8, 0x12BE, 32},
	{0x12C0, 0x12C0, 32},
	{0x12C2, 0x12C5, 32},
	{0x12C8, 0x12D6, 32},
	{0x12D8, 0x1310, 32},
	{0x1312, 0x1315, 32},
	{0x1318, 0x135A, 32},
	{0x135D, 0x135F, 32},
	{0x1369, 0x1371, 32},
	{0x1380, 0x138F, 32},
	{0x13A0, 0x13F5, 32},
	{0x13F8, 0x13FD, 32},
	{0x1401, 0x166C, 32},
	{0x166F, 0x167F, 32},
	{0x1681, 0x169A, 32},
	{0x16A0, 0x16EA, 32},
	{0x16EE, 0x16F8, 32},
	{0x1700, 0x1715, 32},
	{0x171F, 0x1734, 32},
	{0x1740, 0x1753, 32},
	{0x1760, 0x176C, 32},
	{0x176E, 0x1770, 32},
	{0x1772, 0x1773, 32},
	{0x1780, 0x17D3, 32},
	{0x17D7, 0x17D7, 32},
	{0x17DC, 0x17DD, 32},
	{0x17E0, 0x17E9, 32},
	{0x180B, 0x180D, 32},
	{0x180F, 0x1819, 32},
	{0x1820, 0x1878, 32},
	{0x1880, 0x18AA, 32},
	{0x18B0, 0x18F5, 32},
	{0x1900, 0x191E, 32},
	{0x1920, 0x192B, 32},
	{0x1930, 0x193B, 32},
	{0x1946, 0x196D, 32},
	{0x1970, 0x1974, 32},
	{0x1980, 0x19AB, 32},
	{0x19B0, 0x19C9, 32},
	{0x19D0, 0x19DA, 32},
	{0x1A00, 0x1A1B, 32},
	{0x1A20, 0x1A5E, 32},
	{0x1A60, 0x1A7C, 32},
	{0x1A7F, 0x1A89, 32},
	{0x1A90, 0x1A99, 32},
	{0x1AA7, 0x1AA7, 32},
	{0x1AB0, 0x1ABD, 32},
	{0x1ABF, 0x1ADD, 32},
	{0x1AE0, 0x1AEB, 32},
	{0x1B00, 0x1B4C, 32},
	{0x1B50, 0x1B59, 32},
	{0x1B6B, 0x1B73, 32},
	{0x1B80, 0x1BF3, 32},
	{0x1C00, 0x1C37, 32},
	{0x1C40, 0x1C49, 32},
	{0x1C4D, 0x1C7D, 32},
	{0x1C80, 0x1C8A, 32},
	{0x1C90, 0x1CBA, 32},
	{0x1CBD, 0x1CBF, 32},
	{0x1CD0, 0x1CD2, 32},
	{0x1CD4, 0x1CFA, 32},
	{0x1D00, 0x1F15, 32},
	{0x1F18, 0x1F1D, 32},
	{0x1F20, 0x1F45, 32},
	{0x1F48, 0x1F4D, 32},
	{0x1F50, 0x1F57, 32},
	{0x1F59, 0x1F59, 32},
	{0x1F5B, 0x1F5B, 32},
	{0x1F5D, 0x1F5D, 32},
	{0x1F5F, 0x1F7D, 32},
	{0x1F80, 0x1FB4, 32},
	{0x1FB6, 0x1FBC, 32},
	{0x1FBE, 0x1FBE, 32},
	{0x1FC2, 0x1FC4, 32},
	{0x1FC6, 0x1FCC, 32},
	{0x1FD0, 0x1FD3, 32},
	{0x1FD6, 0x1FDB, 32},
	{0x1FE0, 0x1FEC, 32},
	{0x1FF2, 0x1FF4, 32},
	{0x1FF6, 0x1FFC, 32},
	{0x200C, 0x200D, 32},
	{0x203F, 0x2040, 32},
	{0x2054, 0x2054, 32},
	{0x2071, 0x2071, 32},
	{0x207F, 0x207F, 32},
	{0x2090, 0x209C, 32},
	{0x20D0, 0x20DC, 32},
	{0x20E1, 0x20E1, 32},
	{0x20E5, 0x20F0, 32},
	{0x2102, 0x2102, 32},
	{0x2107, 0x2107, 32},
	{0x210A, 0x2113, 32},
	{0x2115, 0x2115, 32},
	{0x2118, 0x211D, 32},
	{0x2124, 0x2124, 32},
	{0x2126, 0x2126, 32},
	{0x2128, 0x2128, 32},
	{0x212A, 0x2139, 32},
	{0x213C, 0x213F, 32},
	{0x2145, 0x2149, 32},
	{0x214E, 0x214E, 32},
	{0x2160, 0x2188, 32},
	{0x2C00, 0x2CE4, 32},
	{0x2CEB, 0x2CF3, 32},
	{0x2D00, 0x2D25, 32},
	{0x2D27, 0x2D27, 32},
	{0x2D2D, 0x2D2D, 32},
	{0x2D30, 0x2D67, 32},
	{0x2D6F, 0x2D6F, 32},
	{0x2D7F, 0x2D96, 32},
	{0x2DA0, 0x2DA6, 32},
	{0x2DA8, 0x2DAE, 32},
	{0x2DB0, 0x2DB6, 32},
	{0x2DB8, 0x2DBE, 32},
	{0x2DC0, 0x2DC6, 32},
	{0x2DC8, 0x2DCE, 32},
	{0x2DD0, 0x2DD6, 32},
	{0x2DD8, 0x2DDE, 32},
	{0x2DE0, 0x2DFF, 32},
	{0x3005, 0x3007, 32},
	{0x3021, 0x302F, 32},
	{0x3031, 0x3035, 32},
	{0x3038, 0x303C, 32},
	{0x3041, 0x3096, 32},
	{0x3099, 0x309F, 32},
	{0x30A1, 0x30FF, 32},
	{0x3105, 0x312F, 32},
	{0x3131, 0x318E, 32},
	{0x31A0, 0x31BF, 32},
	{0x31F0, 0x31FF, 32},
	{0x3400, 0x4DBF, 32},
	{0x4E00, 0xA48C, 32},
	{0xA4D0, 0xA4FD, 32},
	{0xA500, 0xA60C, 32},
	{0xA610, 0xA62B, 32},
	{0xA640, 0xA66F, 32},
	{0xA674, 0xA67D, 32},
	{0xA67F, 0xA6F1, 32},
	{0xA717, 0xA71F, 32},
	{0xA722, 0xA788, 32},
	{0xA78B, 0xA7DC, 32},
	{0xA7F1, 0xA827, 32},
	{0xA82C, 0xA82C, 32},
	{0xA840, 0xA873, 32},
	{0xA880, 0xA8C5, 32},
	{0xA8D0, 0xA8D9, 32},
	{0xA8E0, 0xA8F7, 32},
	{0xA8FB, 0xA8FB, 32},
	{0xA8FD, 0xA92D, 32},
	{0xA930, 0xA953, 32},
	{0xA960, 0xA97C, 32},
	{0xA980, 0xA9C0, 32},
	{0xA9CF, 0xA9D9, 32},
	{0xA9E0, 0xA9FE, 32},
	{0xAA00, 0xAA36, 32},
	{0xAA40, 0xAA4D, 32},
	{0xAA50, 0xAA59, 32},
	{0xAA60, 0xAA76, 32},
	{0xAA7A, 0xAAC2, 32},
	{0xAADB, 0xAADD, 32},
	{0xAAE0, 0xAAEF, 32},
	{0xAAF2, 0xAAF6, 32},
	{0xAB01, 0xAB06, 32},
	{0xAB09, 0xAB0E, 32},
	{0xAB11, 0xAB16, 32},
	{0xAB20, 0xAB26, 32},
	{0xAB28, 0xAB2E, 32},
	{0xAB30, 0xAB5A, 32},
	{0xAB5C, 0xAB69, 32},
	{0xAB70, 0xABEA, 32},
	{0xABEC, 0xABED, 32},
	{0xABF0, 0xABF9, 32},
	{0xAC00, 0xD7A3, 32},
	{0xD7B0, 0xD7C6, 32},
	{0xD7CB, 0xD7FB, 32},
	{0xF900, 0xFA6D, 32},
	{0xFA70, 0xFAD9, 32},
	{0xFB00, 0xFB06, 32},
	{0xFB13, 0xFB17, 32},
	{0xFB1D, 0xFB28, 32},
	{0xFB2A, 0xFB36, 32},
	{0xFB38, 0xFB3C, 32},
	{0xFB3E, 0xFB3E, 32},
	{0xFB40, 0xFB41, 32},
	{0xFB43, 0xFB44, 32},
	{0xFB46, 0xFBB1, 32},
	{0xFBD3, 0xFD3D, 32},
	{0xFD50, 0xFD8F, 32},
	{0xFD92, 0xFDC7, 32},
	{0xFDF0, 0xFDFB, 32},
	{0xFE00, 0xFE0F, 32},
	{0xFE20, 0xFE2F, 32},
	{0xFE33, 0xFE34, 32},
	{0xFE4D, 0xFE4F, 32},
	{0xFE70, 0xFE74, 32},
	{0xFE76, 0xFEFC, 32},
	{0xFF10, 0xFF19, 32},
	{0xFF21, 0xFF3A, 32},
	{0xFF3F, 0xFF3F, 32},
	{0xFF41, 0xFF5A, 32},
	{0xFF65, 0xFFBE, 32},
	{0xFFC2, 0xFFC7, 32},
	{0xFFCA, 0xFFCF, 32},
	{0xFFD2, 0xFFD7, 32},
	{0xFFDA, 0xFFDC, 32},
	{0x10000, 0x1000B, 32},
	{0x1000D, 0x10026, 32},
	{0x10028, 0x1003A, 32},
	{0x1003C, 0x1003D, 32},
	{0x1003F, 0x1004D, 32},
	{0x10050, 0x1005D, 32},
	{0x10080, 0x100FA, 32},
	{0x10140, 0x10174, 32},
	{0x101FD, 0x101FD, 32},
	{0x10280, 0x1029C, 32},
	{0x102A0, 0x102D0, 32},
	{0x102E0, 0x102E0, 32},
	{0x10300, 0x1031F, 32},
	{0x1032D, 0x1034A, 32},
	{0x10350, 0x1037A, 32},
	{0x10380, 0x1039D, 32},
	{0x103A0, 0x103C3, 32},
	{0x103C8, 0x103CF, 32},
	{0x103D1, 0x103D5, 32},
	{0x10400, 0x1049D, 32},
	{0x104A0, 0x104A9, 32},
	{0x104B0, 0x104D3, 32},
	{0x104D8, 0x104FB, 32},
	{0x10500, 0x10527, 32},
	{0x10530, 0x10563, 32},
	{0x10570, 0x1057A, 32},
	{0x1057C, 0x1058A, 32},
	{0x1058C, 0x10592, 32},
	{0x10594, 0x10595, 32},
	{0x10597, 0x105A1, 32},
	{0x105A3, 0x105B1, 32},
	{0x105B3, 0x105B9, 32},
	{0x105BB, 0x105BC, 32},
	{0x105C0, 0x105F3, 32},
	{0x10600, 0x10736, 32},
	{0x10740, 0x10755, 32},
	{0x10760, 0x10767, 32},
	{0x10780, 0x10785, 32},
	{0x10787, 0x107B0, 32},
	{0x107B2, 0x107BA, 32},
	{0x10800, 0x10805, 32},
	{0x10808, 0x10808, 32},
	{0x1080A, 0x10835, 32},
	{0x10837, 0x10838, 32},
	{0x1083C, 0x1083C, 32},
	{0x1083F, 0x10855, 32},
	{0x10860, 0x10876, 32},
	{0x10880, 0x1089E, 32},
	{0x108E0, 0x108F2, 32},
	{0x108F4, 0x108F5, 32},
	{0x10900, 0x10915, 32},
	{0x10920, 0x10939, 32},
	{0x10940, 0x10959, 32},
	{0x10980, 0x109B7, 32},
	{0x109BE, 0x109BF, 32},
	{0x10A00, 0x10A03, 32},
	{0x10A05, 0x10A06, 32},
	{0x10A0C, 0x10A13, 32},
	{0x10A15, 0x10A17, 32},
	{0x10A19, 0x10A35, 32},
	{0x10A38, 0x10A3A, 32},
	{0x10A3F, 0x10A3F, 32},
	{0x10A60, 0x10A7C, 32},
	{0x10A80, 0x10A9C, 32},
	{0x10AC0, 0x10AC7, 32},
	{0x10AC9, 0x10AE6, 32},
	{0x10B00, 0x10B35, 32},
	{0x10B40, 0x10B55, 32},
	{0x10B60, 0x10B72, 32},
	{0x10B80, 0x10B91, 32},
	{0x10C00, 0x10C48, 32},
	{0x10C80, 0x10CB2, 32},
	{0x10CC0, 0x10CF2, 32},
	{0x10D00, 0x10D27, 32},
	{0x10D30, 0x10D39, 32},
	{0x10D40, 0x10D65, 32},
	{0x10D69, 0x10D6D, 32},
	{0x10D6F, 0x10D85, 32},
	{0x10E80, 0x10EA9, 32},
	{0x10EAB, 0x10EAC, 32},
	{0x10EB0, 0x10EB1, 32},
	{0x10EC2, 0x10EC7, 32},
	{0x10EFA, 0x10F1C, 32},
	{0x10F27, 0x10F27, 32},
	{0x10F30, 0x10F50, 32},
	{0x10F70, 0x10F85, 32},
	{0x10FB0, 0x10FC4, 32},
	{0x10FE0, 0x10FF6, 32},
	{0x11000, 0x11046, 32},
	{0x11066, 0x11075, 32},
	{0x1107F, 0x110BA, 32},
	{0x110C2, 0x110C2, 32},
	{0x110D0, 0x110E8, 32},
	{0x110F0, 0x110F9, 32},
	{0x11100, 0x11134, 32},
	{0x11136, 0x1113F, 32},
	{0x11144, 0x11147, 32},
	{0x11150, 0x11173, 32},
	{0x11176, 0x11176, 32},
	{0x11180, 0x111C4, 32},
	{0x111C9, 0x111CC, 32},
	{0x111CE, 0x111DA, 32},
	{0x111DC, 0x111DC, 32},
	{0x11200, 0x11211, 32},
	{0x11213, 0x11237, 32},
	{0x1123E, 0x11241, 32},
	{0x11280, 0x11286, 32},
	{0x11288, 0x11288, 32},
	{0x1128A, 0x1128D, 32},
	{0x1128F, 0x1129D, 32},
	{0x1129F, 0x112A8, 32},
	{0x112B0, 0x112EA, 32},
	{0x112F0, 0x112F9, 32},
	{0x11300, 0x11303, 32},
	{0x11305, 0x1130C, 32},
	{0x1130F, 0x11310, 32},
	{0x11313, 0x11328, 32},
	{0x1132A, 0x11330, 32},
	{0x11332, 0x11333, 32},
	{0x11335, 0x11339, 32},
	{0x1133B, 0x11344, 32},
	{0x11347, 0x11348, 32},
	{0x1134B, 0x1134D, 32},
	{0x11350, 0x11350, 32},
	{0x11357, 0x11357, 32},
	{0x1135D, 0x11363, 32},
	{0x11366, 0x1136C, 32},
	{0x11370, 0x11374, 32},
	{0x11380, 0x11389, 32},
	{0x1138B, 0x1138B, 32},
	{0x1138E, 0x1138E, 32},
	{0x11390, 0x113B5, 32},
	{0x113B7, 0x113C0, 32},
	{0x113C2, 0x113C2, 32},
	{0x113C5, 0x113C5, 32},
	{0x113C7, 0x113CA, 32},
	{0x113CC, 0x113D3, 32},
	{0x113E1, 0x113E2, 32},
	{0x11400, 0x1144A, 32},
	{0x11450, 0x11459, 32},
	{0x1145E, 0x11461, 32},
	{0x11480, 0x114C5, 32},
	{0x114C7, 0x114C7, 32},
	{0x114D0, 0x114D9, 32},
	{0x11580, 0x115B5, 32},
	{0x115B8, 0x115C0, 32},
	{0x115D8, 0x115DD, 32},
	{0x11600, 0x11640, 32},
	{0x11644, 0x11644, 32},
	{0x11650, 0x11659, 32},
	{0x11680, 0x116B8, 32},
	{0x116C0, 0x116C9, 32},
	{0x116D0, 0x116E3, 32},
	{0x11700, 0x1171A, 32},
	{0x1171D, 0x1172B, 32},
	{0x11730, 0x11739, 32},
	{0x11740, 0x11746, 32},
	{0x11800, 0x1183A, 32},
	{0x118A0, 0x118E9, 32},
	{0x118FF, 0x11906, 32},
	{0x11909, 0x11909, 32},
	{0x1190C, 0x11913, 32},
	{0x11915, 0x11916, 32},
	{0x11918, 0x11935, 32},
	{0x11937, 0x11938, 32},
	{0x1193B, 0x11943, 32},
	{0x11950, 0x11959, 32},
	{0x119A0, 0x119A7, 32},
	{0x119AA, 0x119D7, 32},
	{0x119DA, 0x119E1, 32},
	{0x119E3, 0x119E4, 32},
	{0x11A00, 0x11A3E, 32},
	{0x11A47, 0x11A47, 32},
	{0x11A50, 0x11A99, 32},
	{0x11A9D, 0x11A9D, 32},
	{0x11AB0, 0x11AF8, 32},
	{0x11B60, 0x11B67, 32},
	{0x11BC0, 0x11BE0, 32},
	{0x11BF0, 0x11BF9, 32},
	{0x11C00, 0x11C08, 32},
	{0x11C0A, 0x11C36, 32},
	{0x11C38, 0x11C40, 32},
	{0x11C50, 0x11C59, 32},
	{0x11C72, 0x11C8F, 32},
	{0x11C92, 0x11CA7, 32},
	{0x11CA9, 0x11CB6, 32},
	{0x11D00, 0x11D06, 32},
	{0x11D08, 0x11D09, 32},
	{0x11D0B, 0x11D36, 32},
	{0x11D3A, 0x11D3A, 32},
	{0x11D3C, 0x11D3D, 32},
	{0x11D3F, 0x11D47, 32},
	{0x11D50, 0x11D59, 32},
	{0x11D60, 0x11D65, 32},
	{0x11D67, 0x11D68, 32},
	{0x11D6A, 0x11D8E, 32},
	{0x11D90, 0x11D91, 32},
	{0x11D93, 0x11D98, 32},
	{0x11DA0, 0x11DA9, 32},
	{0x11DB0, 0x11DDB, 32},
	{0x11DE0, 0x11DE9, 32},
	{0x11EE0, 0x11EF6, 32},
	{0x11F00, 0x11F10, 32},
	{0x11F12, 0x11F3A, 32},
	{0x11F3E, 0x11F42, 32},
	{0x11F50, 0x11F5A, 32},
	{0x11FB0, 0x11FB0, 32},
	{0x12000, 0x12399, 32},
	{0x12400, 0x1246E, 32},
	{0x12480, 0x12543, 32},
	{0x12F90, 0x12FF0, 32},
	{0x13000, 0x1342F, 32},
	{0x13440, 0x13455, 32},
	{0x13460, 0x143FA, 32},
	{0x14400, 0x14646, 32},
	{0x16100, 0x16139, 32},
	{0x16800, 0x16A38, 32},
	{0x16A40, 0x16A5E, 32},
	{0x16A60, 0x16A69, 32},
	{0x16A70, 0x16ABE, 32},
	{0x16AC0, 0x16AC9, 32},
	{0x16AD0, 0x16AED, 32},
	{0x16AF0, 0x16AF4, 32},
	{0x16B00, 0x16B36, 32},
	{0x16B40, 0x16B43, 32},
	{0x16B50, 0x16B59, 32},
	{0x16B63, 0x16B77, 32},
	{0x16B7D, 0x16B8F, 32},
	{0x16D40, 0x16D6C, 32},
	{0x16D70, 0x16D79, 32},
	{0x16E40, 0x16E7F, 32},
	{0x16EA0, 0x16EB8, 32},
	{0x16EBB, 0x16ED3, 32},
	{0x16F00, 0x16F4A, 32},
	{0x16F4F, 0x16F87, 32},
	{0x16F8F, 0x16F9F, 32},
	{0x16FE0, 0x16FE1, 32},
	{0x16FE3, 0x16FE4, 32},
	{0x16FF0, 0x16FF6, 32},
	{0x17000, 0x18CD5, 32},
	{0x18CFF, 0x18D1E, 32},
	{0x18D80, 0x18DF2, 32},
	{0x1AFF0, 0x1AFF3, 32},
	{0x1AFF5, 0x1AFFB, 32},
	{0x1AFFD, 0x1AFFE, 32},
	{0x1B000, 0x1B122, 32},
	{0x1B132, 0x1B132, 32},
	{0x1B150, 0x1B152, 32},
	{0x1B155, 0x1B155, 32},
	{0x1B164, 0x1B167, 32},
	{0x1B170, 0x1B2FB, 32},
	{0x1BC00, 0x1BC6A, 32},
	{0x1BC70, 0x1BC7C, 32},
	{0x1BC80, 0x1BC88, 32},
	{0x1BC90, 0x1BC99, 32},
	{0x1BC9D, 0x1BC9E, 32},
	{0x1CCF0, 0x1CCF9, 32},
	{0x1CF00, 0x1CF2D, 32},
	{0x1CF30, 0x1CF46, 32},
	{0x1D165, 0x1D169, 32},
	{0x1D16D, 0x1D172, 32},
	{0x1D17B, 0x1D182, 32},
	{0x1D185, 0x1D18B, 32},
	{0x1D1AA, 0x1D1AD, 32},
	{0x1D242, 0x1D244, 32},
	{0x1D400, 0x1D454, 32},
	{0x1D456, 0x1D49C, 32},
	{0x1D49E, 0x1D49F, 32},
	{0x1D4A2, 0x1D4A2, 32},
	{0x1D4A5, 0x1D4A6, 32},
	{0x1D4A9, 0x1D4AC, 32},
	{0x1D4AE, 0x1D4B9, 32},
	{0x1D4BB, 0x1D4BB, 32},
	{0x1D4BD, 0x1D4C3, 32},
	{0x1D4C5, 0x1D505, 32},
	{0x1D507, 0x1D50A, 32},
	{0x1D50D, 0x1D514, 32},
	{0x1D516, 0x1D51C, 32},
	{0x1D51E, 0x1D539, 32},
	{0x1D53B, 0x1D53E, 32},
	{0x1D540, 0x1D544, 32},
	{0x1D546, 0x1D546, 32},
	{0x1D54A, 0x1D550, 32},
	{0x1D552, 0x1D6A5, 32},
	{0x1D6A8, 0x1D6C0, 32},
	{0x1D6C2, 0x1D6DA, 32},
	{0x1D6DC, 0x1D6FA, 32},
	{0x1D6FC, 0x1D714, 32},
	{0x1D716, 0x1D734, 32},
	{0x1D736, 0x1D74E, 32},
	{0x1D750, 0x1D76E, 32},
	{0x1D770, 0x1D788, 32},
	{0x1D78A, 0x1D7A8, 32},
	{0x1D7AA, 0x1D7C2, 32},
	{0x1D7C4, 0x1D7CB, 32},
	{0x1D7CE, 0x1D7FF, 32},
	{0x1DA00, 0x1DA36, 32},
	{0x1DA3B, 0x1DA6C, 32},
	{0x1DA75, 0x1DA75, 32},
	{0x1DA84, 0x1DA84, 32},
	{0x1DA9B, 0x1DA9F, 32},
	{0x1DAA1, 0x1DAAF, 32},
	{0x1DF00, 0x1DF1E, 32},
	{0x1DF25, 0x1DF2A, 32},
	{0x1E000, 0x1E006, 32},
	{0x1E008, 0x1E018, 32},
	{0x1E01B, 0x1E021, 32},
	{0x1E023, 0x1E024, 32},
	{0x1E026, 0x1E02A, 32},
	{0x1E030, 0x1E06D, 32},
	{0x1E08F, 0x1E08F, 32},
	{0x1E100, 0x1E12C, 32},
	{0x1E130, 0x1E13D, 32},
	{0x1E140, 0x1E149, 32},
	{0x1E14E, 0x1E14E, 32},
	{0x1E290, 0x1E2AE, 32},
	{0x1E2C0, 0x1E2F9, 32},
	{0x1E4D0, 0x1E4F9, 32},
	{0x1E5D0, 0x1E5FA, 32},
	{0x1E6C0, 0x1E6DE, 32},
	{0x1E6E0, 0x1E6F5, 32},
	{0x1E6FE, 0x1E6FF, 32},
	{0x1E7E0, 0x1E7E6, 32},
	{0x1E7E8, 0x1E7EB, 32},
	{0x1E7ED, 0x1E7EE, 32},
	{0x1E7F0, 0x1E7FE, 32},
	{0x1E800, 0x1E8C4, 32},
	{0x1E8D0, 0x1E8D6, 32},
	{0x1E900, 0x1E94B, 32},
	{0x1E950, 0x1E959, 32},
	{0x1EE00, 0x1EE03, 32},
	{0x1EE05, 0x1EE1F, 32},
	{0x1EE21, 0x1EE22, 32},
	{0x1EE24, 0x1EE24, 32},
	{0x1EE27, 0x1EE27, 32},
	{0x1EE29, 0x1EE32, 32},
	{0x1EE34, 0x1EE37, 32},
	{0x1EE39, 0x1EE39, 32},
	{0x1EE3B, 0x1EE3B, 32},
	{0x1EE42, 0x1EE42, 32},
	{0x1EE47, 0x1EE47, 32},
	{0x1EE49, 0x1EE49, 32},
	{0x1EE4B, 0x1EE4B, 32},
	{0x1EE4D, 0x1EE4F, 32},
	{0x1EE51, 0x1EE52, 32},
	{0x1EE54, 0x1EE54, 32},
	{0x1EE57, 0x1EE57, 32},
	{0x1EE59, 0x1EE59, 32},
	{0x1EE5B, 0x1EE5B, 32},
	{0x1EE5D, 0x1EE5D, 32},
	{0x1EE5F, 0x1EE5F, 32},
	{0x1EE61, 0x1EE62, 32},
	{0x1EE64, 0x1EE64, 32},
	{0x1EE67, 0x1EE6A, 32},
	{0x1EE6C, 0x1EE72, 32},
	{0x1EE74, 0x1EE77, 32},
	{0x1EE79, 0x1EE7C, 32},
	{0x1EE7E, 0x1EE7E, 32},
	{0x1EE80, 0x1EE89, 32},
	{0x1EE8B, 0x1EE9B, 32},
	{0x1EEA1, 0x1EEA3, 32},
	{0x1EEA5, 0x1EEA9, 32},
	{0x1EEAB, 0x1EEBB, 32},
	{0x1FBF0, 0x1FBF9, 32},
	{0x20000, 0x2A6DF, 32},
	{0x2A700, 0x2B81D, 32},
	{0x2B820, 0x2CEAD, 32},
	{0x2CEB0, 0x2EBE0, 32},
	{0x2EBF0, 0x2EE5D, 32},
	{0x2F800, 0x2FA1D, 32},
	{0x30000, 0x3134A, 32},
	{0x31350, 0x33479, 32},
	{0xE0100, 0xE01EF, 32},
	{0x41, 0x5A, 33},
	{0x61, 0x7A, 33},
	{0xAA, 0xAA, 33},
	{0xB5, 0xB5, 33},
	{0xBA, 0xBA, 33},
	{0xC0, 0xD6, 33},
	{0xD8, 0xF6, 33},
	{0xF8, 0x2C1, 33},
	{0x2C6, 0x2D1, 33},
	{0x2E0, 0x2E4, 33},
	{0x2EC, 0x2EC, 33},
	{0x2EE, 0x2EE, 33},
	{0x370, 0x374, 33},
	{0x376, 0x377, 33},
	{0x37A, 0x37D, 33},
	{0x37F, 0x37F, 33},
	{0x386, 0x386, 33},
	{0x388, 0x38A, 33},
	{0x38C, 0x38C, 33},
	{0x38E, 0x3A1, 33},
	{0x3A3, 0x3F5, 33},
	{0x3F7, 0x481, 33},
	{0x48A, 0x52F, 33},
	{0x531, 0x556, 33},
	{0x559, 0x559, 33},
	{0x560, 0x588, 33},
	{0x5D0, 0x5EA, 33},
	{0x5EF, 0x5F2, 33},
	{0x620, 0x64A, 33},
	{0x66E, 0x66F, 33},
	{0x671, 0x6D3, 33},
	{0x6D5, 0x6D5, 33},
	{0x6E5, 0x6E6, 33},
	{0x6EE, 0x6EF, 33},
	{0x6FA, 0x6FC, 33},
	{0x6FF, 0x6FF, 33},
	{0x710, 0x710, 33},
	{0x712, 0x72F, 33},
	{0x74D, 0x7A5, 33},
	{0x7B1, 0x7B1, 33},
	{0x7CA, 0x7EA, 33},
	{0x7F4, 0x7F5, 33},
	{0x7FA, 0x7FA, 33},
	{0x800, 0x815, 33},
	{0x81A, 0x81A, 33},
	{0x824, 0x824, 33},
	{0x828, 0x828, 33},
	{0x840, 0x858, 33},
	{0x860, 0x86A, 33},
	{0x870, 0x887, 33},
	{0x889, 0x88F, 33},
	{0x8A0, 0x8C9, 33},
	{0x904, 0x939, 33},
	{0x93D, 0x93D, 33},
	{0x950, 0x950, 33},
	{0x958, 0x961, 33},
	{0x971, 0x980, 33},
	{0x985, 0x98C, 33},
	{0x98F, 0x990, 33},
	{0x993, 0x9A8, 33},
	{0x9AA, 0x9B0, 33},
	{0x9B2, 0x9B2, 33},
	{0x9B6, 0x9B9, 33},
	{0x9BD, 0x9BD, 33},
	{0x9CE, 0x9CE, 33},
	{0x9DC, 0x9DD, 33},
	{0x9DF, 0x9E1, 33},
	{0x9F0, 0x9F1, 33},
	{0x9FC, 0x9FC, 33},
	{0xA05, 0xA0A, 33},
	{0xA0F, 0xA10, 33},
	{0xA13, 0xA28, 33},
	{0xA2A, 0xA30, 33},
	{0xA32, 0xA33, 33},
	{0xA35, 0xA36, 33},
	{0xA38, 0xA39, 33},
	{0xA59, 0xA5C, 33},
	{0xA5E, 0xA5E, 33},
	{0xA72, 0xA74, 33},
	{0xA85, 0xA8D, 33},
	{0xA8F, 0xA91, 33},
	{0xA93, 0xAA8, 33},
	{0xAAA, 0xAB0, 33},
	{0xAB2, 0xAB3, 33},
	{0xAB5, 0xAB9, 33},
	{0xABD, 0xABD, 33},
	{0xAD0, 0xAD0, 33},
	{0xAE0, 0xAE1, 33},
	{0xAF9, 0xAF9, 33},
	{0xB05, 0xB0C, 33},
	{0xB0F, 0xB10, 33},
	{0xB13, 0xB28, 33},
	{0xB2A, 0xB30, 33},
	{0xB32, 0xB33, 33},
	{0xB35, 0xB39, 33},
	{0xB3D, 0xB3D, 33},
	{0xB5C, 0xB5D, 33},
	{0xB5F, 0xB61, 33},
	{0xB71, 0xB71, 33},
	{0xB83, 0xB83, 33},
	{0xB85, 0xB8A, 33},
	{0xB8E, 0xB90, 33},
	{0xB92, 0xB95, 33},
	{0xB99, 0xB9A, 33},
	{0xB9C, 0xB9C, 33},
	{0xB9E, 0xB9F, 33},
	{0xBA3, 0xBA4, 33},
	{0xBA8, 0xBAA, 33},
	{0xBAE, 0xBB9, 33},
	{0xBD0, 0xBD0, 33},
	{0xC05, 0xC0C, 33},
	{0xC0E, 0xC10, 33},
	{0xC12, 0xC28, 33},
	{0xC2A, 0xC39, 33},
	{0xC3D, 0xC3D, 33},
	{0xC58, 0xC5A, 33},
	{0xC5C, 0xC5D, 33},
	{0xC60, 0xC61, 33},
	{0xC80, 0xC80, 33},
	{0xC85, 0xC8C, 33},
	{0xC8E, 0xC90, 33},
	{0xC92, 0xCA8, 33},
	{0xCAA, 0xCB3, 33},
	{0xCB5, 0xCB9, 33},
	{0xCBD, 0xCBD, 33},
	{0xCDC, 0xCDE, 33},
	{0xCE0, 0xCE1, 33},
	{0xCF1, 0xCF2, 33},
	{0xD04, 0xD0C, 33},
	{0xD0E, 0xD10, 33},
	{0xD12, 0xD3A, 33},
	{0xD3D, 0xD3D, 33},
	{0xD4E, 0xD4E, 33},
	{0xD54, 0xD56, 33},
	{0xD5F, 0xD61, 33},
	{0xD7A, 0xD7F, 33},
	{0xD85, 0xD96, 33},
	{0xD9A, 0xDB1, 33},
	{0xDB3, 0xDBB, 33},
	{0xDBD, 0xDBD, 33},
	{0xDC0, 0xDC6, 33},
	{0xE01, 0xE30, 33},
	{0xE32, 0xE33, 33},
	{0xE40, 0xE46, 33},
	{0xE81, 0xE82, 33},
	{0xE84, 0xE84, 33},
	{0xE86, 0xE8A, 33},
	{0xE8C, 0xEA3, 33},
	{0xEA5, 0xEA5, 33},
	{0xEA7, 0xEB0, 33},
	{0xEB2, 0xEB3, 33},
	{0xEBD, 0xEBD, 33},
	{0xEC0, 0xEC4, 33},
	{0xEC6, 0xEC6, 33},
	{0xEDC, 0xEDF, 33},
	{0xF00, 0xF00, 33},
	{0xF40, 0xF47, 33},
	{0xF49, 0xF6C, 33},
	{0xF88, 0xF8C, 33},
	{0x1000, 0x102A, 33},
	{0x103F, 0x103F, 33},
	{0x1050, 0x1055, 33},
	{0x105A, 0x105D, 33},
	{0x1061, 0x1061, 33},
	{0x1065, 0x1066, 33},
	{0x106E, 0x1070, 33},
	{0x1075, 0x1081, 33},
	{0x108E, 0x108E, 33},
	{0x10A0, 0x10C5, 33},
	{0x10C7, 0x10C7, 33},
	{0x10CD, 0x10CD, 33},
	{0x10D0, 0x10FA, 33},
	{0x10FC, 0x1248, 33},
	{0x124A, 0x124D, 33},
	{0x1250, 0x1256, 33},
	{0x1258, 0x1258, 33},
	{0x125A, 0x125D, 33},
	{0x1260, 0x1288, 33},
	{0x128A, 0x128D, 33},
	{0x1290, 0x12B0, 33},
	{0x12B2, 0x12B5, 33},
	{0x12B8, 0x12BE, 33},
	{0x12C0, 0x12C0, 33},
	{0x12C2, 0x12C5, 33},
	{0x12C8, 0x12D6, 33},
	{0x12D8, 0x1310, 33},
	{0x1312, 0x1315, 33},
	{0x1318, 0x135A, 33},
	{0x1380, 0x138F, 33},
	{0x13A0, 0x13F5, 33},
	{0x13F8, 0x13FD, 33},
	{0x1401, 0x166C, 33},
	{0x166F, 0x167F, 33},
	{0x1681, 0x169A, 33},
	{0x16A0, 0x16EA, 33},
	{0x16EE, 0x16F8, 33},
	{0x1700, 0x1711, 33},
	{0x171F, 0x1731, 33},
	{0x1740, 0x1751, 33},
	{0x1760, 0x176C, 33},
	{0x176E, 0x1770, 33},
	{0x1780, 0x17B3, 33},
	{0x17D7, 0x17D7, 33},
	{0x17DC, 0x17DC, 33},
	{0x1820, 0x1878, 33},
	{0x1880, 0x18A8, 33},
	{0x18AA, 0x18AA, 33},
	{0x18B0, 0x18F5, 33},
	{0x1900, 0x191E, 33},
	{0x1950, 0x196D, 33},
	{0x1970, 0x1974, 33},
	{0x1980, 0x19AB, 33},
	{0x19B0, 0x19C9, 33},
	{0x1A00, 0x1A16, 33},
	{0x1A20, 0x1A54, 33},
	{0x1AA7, 0x1AA7, 33},
	{0x1B05, 0x1B33, 33},
	{0x1B45, 0x1B4C, 33},
	{0x1B83, 0x1BA0, 33},
	{0x1BAE, 0x1BAF, 33},
	{0x1BBA, 0x1BE5, 33},
	{0x1C00, 0x1C23, 33},
	{0x1C4D, 0x1C4F, 33},
	{0x1C5A, 0x1C7D, 33},
	{0x1C80, 0x1C8A, 33},
	{0x1C90, 0x1CBA, 33},
	{0x1CBD, 0x1CBF, 33},
	{0x1CE9, 0x1CEC, 33},
	{0x1CEE, 0x1CF3, 33},
	{0x1CF5, 0x1CF6, 33},
	{0x1CFA, 0x1CFA, 33},
	{0x1D00, 0x1DBF, 33},
	{0x1E00, 0x1F15, 33},
	{0x1F18, 0x1F1D, 33},
	{0x1F20, 0x1F45, 33},
	{0x1F48, 0x1F4D, 33},
	{0x1F50, 0x1F57, 33},
	{0x1F59, 0x1F59, 33},
	{0x1F5B, 0x1F5B, 33},
	{0x1F5D, 0x1F5D, 33},
	{0x1F5F, 0x1F7D, 33},
	{0x1F80, 0x1FB4, 33},
	{0x1FB6, 0x1FBC, 33},
	{0x1FBE, 0x1FBE, 33},
	{0x1FC2, 0x1FC4, 33},
	{0x1FC6, 0x1FCC, 33},
	{0x1FD0, 0x1FD3, 33},
	{0x1FD6, 0x1FDB, 33},
	{0x1FE0, 0x1FEC, 33},
	{0x1FF2, 0x1FF4, 33},
	{0x1FF6, 0x1FFC, 33},
	{0x2071, 0x2071, 33},
	{0x207F, 0x207F, 33},
	{0x2090, 0x209C, 33},
	{0x2102, 0x2102, 33},
	{0x2107, 0x2107, 33},
	{0x210A, 0x2113, 33},
	{0x2115, 0x2115, 33},
	{0x2118, 0x211D, 33},
	{0x2124, 0x2124, 33},
	{0x2126, 0x2126, 33},
	{0x2128, 0x2128, 33},
	{0x212A, 0x2139, 33},
	{0x213C, 0x213F, 33},
	{0x2145, 0x2149, 33},
	{0x214E, 0x214E, 33},
	{0x2160, 0x2188, 33},
	{0x2C00, 0x2CE4, 33},
	{0x2CEB, 0x2CEE, 33},
	{0x2CF2, 0x2CF3, 33},
	{0x2D00, 0x2D25, 33},
	{0x2D27, 0x2D27, 33},
	{0x2D2D, 0x2D2D, 33},
	{0x2D30, 0x2D67, 33},
	{0x2D6F, 0x2D6F, 33},
	{0x2D80, 0x2D96, 33},
	{0x2DA0, 0x2DA6, 33},
	{0x2DA8, 0x2DAE, 33},
	{0x2DB0, 0x2DB6, 33},
	{0x2DB8, 0x2DBE, 33},
	{0x2DC0, 0x2DC6, 33},
	{0x2DC8, 0x2DCE, 33},
	{0x2DD0, 0x2DD6, 33},
	{0x2DD8, 0x2DDE, 33},
	{0x3005, 0x3007, 33},
	{0x3021, 0x3029, 33},
	{0x3031, 0x3035, 33},
	{0x3038, 0x303C, 33},
	{0x3041, 0x3096, 33},
	{0x309B, 0x309F, 33},
	{0x30A1, 0x30FA, 33},
	{0x30FC, 0x30FF, 33},
	{0x3105, 0x312F, 33},
	{0x3131, 0x318E, 33},
	{0x31A0, 0x31BF, 33},
	{0x31F0, 0x31FF, 33},
	{0x3400, 0x4DBF, 33},
	{0x4E00, 0xA48C, 33},
	{0xA4D0, 0xA4FD, 33},
	{0xA500, 0xA60C, 33},
	{0xA610, 0xA61F, 33},
	{0xA62A, 0xA62B, 33},
	{0xA640, 0xA66E, 33},
	{0xA67F, 0xA69D, 33},
	{0xA6A0, 0xA6EF, 33},
	{0xA717, 0xA71F, 33},
	{0xA722, 0xA788, 33},
	{0xA78B, 0xA7DC, 33},
	{0xA7F1, 0xA801, 33},
	{0xA803, 0xA805, 33},
	{0xA807, 0xA80A, 33},
	{0xA80C, 0xA822, 33},
	{0xA840, 0xA873, 33},
	{0xA882, 0xA8B3, 33},
	{0xA8F2, 0xA8F7, 33},
	{0xA8FB, 0xA8FB, 33},
	{0xA8FD, 0xA8FE, 33},
	{0xA90A, 0xA925, 33},
	{0xA930, 0xA946, 33},
	{0xA960, 0xA97C, 33},
	{0xA984, 0xA9B2, 33},
	{0xA9CF, 0xA9CF, 33},
	{0xA9E0, 0xA9E4, 33},
	{0xA9E6, 0xA9EF, 33},
	{0xA9FA, 0xA9FE, 33},
	{0xAA00, 0xAA28, 33},
	{0xAA40, 0xAA42, 33},
	{0xAA44, 0xAA4B, 33},
	{0xAA60, 0xAA76, 33},
	{0xAA7A, 0xAA7A, 33},
	{0xAA7E, 0xAAAF, 33},
	{0xAAB1, 0xAAB1, 33},
	{0xAAB5, 0xAAB6, 33},
	{0xAAB9, 0xAABD, 33},
	{0xAAC0, 0xAAC0, 33},
	{0xAAC2, 0xAAC2, 33},
	{0xAADB, 0xAADD, 33},
	{0xAAE0, 0xAAEA, 33},
	{0xAAF2, 0xAAF4, 33},
	{0xAB01, 0xAB06, 33},
	{0xAB09, 0xAB0E, 33},
	{0xAB11, 0xAB16, 33},
	{0xAB20, 0xAB26, 33},
	{0xAB28, 0xAB2E, 33},
	{0xAB30, 0xAB5A, 33},
	{0xAB5C, 0xAB69, 33},
	{0xAB70, 0xABE2, 33},
	{0xAC00, 0xD7A3, 33},
	{0xD7B0, 0xD7C6, 33},
	{0xD7CB, 0xD7FB, 33},
	{0xF900, 0xFA6D, 33},
	{0xFA70, 0xFAD9, 33},
	{0xFB00, 0xFB06, 33},
	{0xFB13, 0xFB17, 33},
	{0xFB1D, 0xFB1D, 33},
	{0xFB1F, 0xFB28, 33},
	{0xFB2A, 0xFB36, 33},
	{0xFB38, 0xFB3C, 33},
	{0xFB3E, 0xFB3E, 33},
	{0xFB40, 0xFB41, 33},
	{0xFB43, 0xFB44, 33},
	{0xFB46, 0xFBB1, 33},
	{0xFBD3, 0xFD3D, 33},
	{0xFD50, 0xFD8F, 33},
	{0xFD92, 0xFDC7, 33},
	{0xFDF0, 0xFDFB, 33},
	{0xFE70, 0xFE74, 33},
	{0xFE76, 0xFEFC, 33},
	{0xFF21, 0xFF3A, 33},
	{0xFF41, 0xFF5A, 33},
	{0xFF66, 0xFFBE, 33},
	{0xFFC2, 0xFFC7, 33},
	{0xFFCA, 0xFFCF, 33},
	{0xFFD2, 0xFFD7, 33},
	{0xFFDA, 0xFFDC, 33},
	{0x10000, 0x1000B, 33},
	{0x1000D, 0x10026, 33},
	{0x10028, 0x1003A, 33},
	{0x1003C, 0x1003D, 33},
	{0x1003F, 0x1004D, 33},
	{0x10050, 0x1005D, 33},
	{0x10080, 0x100FA, 33},
	{0x10140, 0x10174, 33},
	{0x10280, 0x1029C, 33},
	{0x102A0, 0x102D0, 33},
	{0x10300, 0x1031F, 33},
	{0x1032D, 0x1034A, 33},
	{0x10350, 0x10375, 33},
	{0x10380, 0x1039D, 33},
	{0x103A0, 0x103C3, 33},
	{0x103C8, 0x103CF, 33},
	{0x103D1, 0x103D5, 33},
	{0x10400, 0x1049D, 33},
	{0x104B0, 0x104D3, 33},
	{0x104D8, 0x104FB, 33},
	{0x10500, 0x10527, 33},
	{0x10530, 0x10563, 33},
	{0x10570, 0x1057A, 33},
	{0x1057C, 0x1058A, 33},
	{0x1058C, 0x10592, 33},
	{0x10594, 0x10595, 33},
	{0x10597, 0x105A1, 33},
	{0x105A3, 0x105B1, 33},
	{0x105B3, 0x105B9, 33},
	{0x105BB, 0x105BC, 33},
	{0x105C0, 0x105F3, 33},
	{0x10600, 0x10736, 33},
	{0x10740, 0x10755, 33},
	{0x10760, 0x10767, 33},
	{0x10780, 0x10785, 33},
	{0x10787, 0x107B0, 33},
	{0x107B2, 0x107BA, 33},
	{0x10800, 0x10805, 33},
	{0x10808, 0x10808, 33},
	{0x1080A, 0x10835, 33},
	{0x10837, 0x10838, 33},
	{0x1083C, 0x1083C, 33},
	{0x1083F, 0x10855, 33},
	{0x10860, 0x10876, 33},
	{0x10880, 0x1089E, 33},
	{0x108E0, 0x108F2, 33},
	{0x108F4, 0x108F5, 33},
	{0x10900, 0x10915, 33},
	{0x10920, 0x10939, 33},
	{0x10940, 0x10959, 33},
	{0x10980, 0x109B7, 33},
	{0x109BE, 0x109BF, 33},
	{0x10A00, 0x10A00, 33},
	{0x10A10, 0x10A13, 33},
	{0x10A15, 0x10A17, 33},
	{0x10A19, 0x10A35, 33},
	{0x10A60, 0x10A7C, 33},
	{0x10A80, 0x10A9C, 33},
	{0x10AC0, 0x10AC7, 33},
	{0x10AC9, 0x10AE4, 33},
	{0x10B00, 0x10B35, 33},
	{0x10B40, 0x10B55, 33},
	{0x10B60, 0x10B72, 33},
	{0x10B80, 0x10B91, 33},
	{0x10C00, 0x10C48, 33},
	{0x10C80, 0x10CB2, 33},
	{0x10CC0, 0x10CF2, 33},
	{0x10D00, 0x10D23, 33},
	{0x10D4A, 0x10D65, 33},
	{0x10D6F, 0x10D85, 33},
	{0x10E80, 0x10EA9, 33},
	{0x10EB0, 0x10EB1, 33},
	{0x10EC2, 0x10EC7, 33},
	{0x10F00, 0x10F1C, 33},
	{0x10F27, 0x10F27, 33},
	{0x10F30, 0x10F45, 33},
	{0x10F70, 0x10F81, 33},
	{0x10FB0, 0x10FC4, 33},
	{0x10FE0, 0x10FF6, 33},
	{0x11003, 0x11037, 33},
	{0x11071, 0x11072, 33},
	{0x11075, 0x11075, 33},
	{0x11083, 0x110AF, 33},
	{0x110D0, 0x110E8, 33},
	{0x11103, 0x11126, 33},
	{0x11144, 0x11144, 33},
	{0x11147, 0x11147, 33},
	{0x11150, 0x11172, 33},
	{0x11176, 0x11176, 33},
	{0x11183, 0x111B2, 33},
	{0x111C1, 0x111C4, 33},
	{0x111DA, 0x111DA, 33},
	{0x111DC, 0x111DC, 33},
	{0x11200, 0x11211, 33},
	{0x11213, 0x1122B, 33},
	{0x1123F, 0x11240, 33},
	{0x11280, 0x11286, 33},
	{0x11288, 0x11288, 33},
	{0x1128A, 0x1128D, 33},
	{0x1128F, 0x1129D, 33},
	{0x1129F, 0x112A8, 33},
	{0x112B0, 0x112DE, 33},
	{0x11305, 0x1130C, 33},
	{0x1130F, 0x11310, 33},
	{0x11313, 0x11328, 33},
	{0x1132A, 0x11330, 33},
	{0x11332, 0x11333, 33},
	{0x11335, 0x11339, 33},
	{0x1133D, 0x1133D, 33},
	{0x11350, 0x11350, 33},
	{0x1135D, 0x11361, 33},
	{0x11380, 0x11389, 33},
	{0x1138B, 0x1138B, 33},
	{0x1138E, 0x1138E, 33},
	{0x11390, 0x113B5, 33},
	{0x113B7, 0x113B7, 33},
	{0x113D1, 0x113D1, 33},
	{0x113D3, 0x113D3, 33},
	{0x11400, 0x11434, 33},
	{0x11447, 0x1144A, 33},
	{0x1145F, 0x11461, 33},
	{0x11480, 0x114AF, 33},
	{0x114C4, 0x114C5, 33},
	{0x114C7, 0x114C7, 33},
	{0x11580, 0x115AE, 33},
	{0x115D8, 0x115DB, 33},
	{0x11600, 0x1162F, 33},
	{0x11644, 0x11644, 33},
	{0x11680, 0x116AA, 33},
	{0x116B8, 0x116B8, 33},
	{0x11700, 0x1171A, 33},
	{0x11740, 0x11746, 33},
	{0x11800, 0x1182B, 33},
	{0x118A0, 0x118DF, 33},
	{0x118FF, 0x11906, 33},
	{0x11909, 0x11909, 33},
	{0x1190C, 0x11913, 33},
	{0x11915, 0x11916, 33},
	{0x11918, 0x1192F, 33},
	{0x1193F, 0x1193F, 33},
	{0x11941, 0x11941, 33},
	{0x119A0, 0x119A7, 33},
	{0x119AA, 0x119D0, 33},
	{0x119E1, 0x119E1, 33},
	{0x119E3, 0x119E3, 33},
	{0x11A00, 0x11A00, 33},
	{0x11A0B, 0x11A32, 33},
	{0x11A3A, 0x11A3A, 33},
	{0x11A50, 0x11A50, 33},
	{0x11A5C, 0x11A89, 33},
	{0x11A9D, 0x11A9D, 33},
	{0x11AB0, 0x11AF8, 33},
	{0x11BC0, 0x11BE0, 33},
	{0x11C00, 0x11C08, 33},
	{0x11C0A, 0x11C2E, 33},
	{0x11C40, 0x11C40, 33},
	{0x11C72, 0x11C8F, 33},
	{0x11D00, 0x11D06, 33},
	{0x11D08, 0x11D09, 33},
	{0x11D0B, 0x11D30, 33},
	{0x11D46, 0x11D46, 33},
	{0x11D60, 0x11D65, 33},
	{0x11D67, 0x11D68, 33},
	{0x11D6A, 0x11D89, 33},
	{0x11D98, 0x11D98, 33},
	{0x11DB0, 0x11DDB, 33},
	{0x11EE0, 0x11EF2, 33},
	{0x11F02, 0x11F02, 33},
	{0x11F04, 0x11F10, 33},
	{0x11F12, 0x11F33, 33},
	{0x11FB0, 0x11FB0, 33},
	{0x12000, 0x12399, 33},
	{0x12400, 0x1246E, 33},
	{0x12480, 0x12543, 33},
	{0x12F90, 0x12FF0, 33},
	{0x13000, 0x1342F, 33},
	{0x13441, 0x13446, 33},
	{0x13460, 0x143FA, 33},
	{0x14400, 0x14646, 33},
	{0x16100, 0x1611D, 33},
	{0x16800, 0x16A38, 33},
	{0x16A40, 0x16A5E, 33},
	{0x16A70, 0x16ABE, 33},
	{0x16AD0, 0x16AED, 33},
	{0x16B00, 0x16B2F, 33},
	{0x16B40, 0x16B43, 33},
	{0x16B63, 0x16B77, 33},
	{0x16B7D, 0x16B8F, 33},
	{0x16D40, 0x16D6C, 33},
	{0x16E40, 0x16E7F, 33},
	{0x16EA0, 0x16EB8, 33},
	{0x16EBB, 0x16ED3, 33},
	{0x16F00, 0x16F4A, 33},
	{0x16F50, 0x16F50, 33},
	{0x16F93, 0x16F9F, 33},
	{0x16FE0, 0x16FE1, 33},
	{0x16FE3, 0x16FE3, 33},
	{0x16FF2, 0x16FF6, 33},
	{0x17000, 0x18CD5, 33},
	{0x18CFF, 0x18D1E, 33},
	{0x18D80, 0x18DF2, 33},
	{0x1AFF0, 0x1AFF3, 33},
	{0x1AFF5, 0x1AFFB, 33},
	{0x1AFFD, 0x1AFFE, 33},
	{0x1B000, 0x1B122, 33},
	{0x1B132, 0x1B132, 33},
	{0x1B150, 0x1B152, 33},
	{0x1B155, 0x1B155, 33},
	{0x1B164, 0x1B167, 33},
	{0x1B170, 0x1B2FB, 33},
	{0x1BC00, 0x1BC6A, 33},
	{0x1BC70, 0x1BC7C, 33},
	{0x1BC80, 0x1BC88, 33},
	{0x1BC90, 0x1BC99, 33},
	{0x1D400, 0x1D454, 33},
	{0x1D456, 0x1D49C, 33},
	{0x1D49E, 0x1D49F, 33},
	{0x1D4A2, 0x1D4A2, 33},
	{0x1D4A5, 0x1D4A6, 33},
	{0x1D4A9, 0x1D4AC, 33},
	{0x1D4AE, 0x1D4B9, 33},
	{0x1D4BB, 0x1D4BB, 33},
	{0x1D4BD, 0x1D4C3, 33},
	{0x1D4C5, 0x1D505, 33},
	{0x1D507, 0x1D50A, 33},
	{0x1D50D, 0x1D514, 33},
	{0x1D516, 0x1D51C, 33},
	{0x1D51E, 0x1D539, 33},
	{0x1D53B, 0x1D53E, 33},
	{0x1D540, 0x1D544, 33},
	{0x1D546, 0x1D546, 33},
	{0x1D54A, 0x1D550, 33},
	{0x1D552, 0x1D6A5, 33},
	{0x1D6A8, 0x1D6C0, 33},
	{0x1D6C2, 0x1D6DA, 33},
	{0x1D6DC, 0x1D6FA, 33},
	{0x1D6FC, 0x1D714, 33},
	{0x1D716, 0x1D734, 33},
	{0x1D736, 0x1D74E, 33},
	{0x1D750, 0x1D76E, 33},
	{0x1D770, 0x1D788, 33},
	{0x1D78A, 0x1D7A8, 33},
	{0x1D7AA, 0x1D7C2, 33},
	{0x1D7C4, 0x1D7CB, 33},
	{0x1DF00, 0x1DF1E, 33},
	{0x1DF25, 0x1DF2A, 33},
	{0x1E030, 0x1E06D, 33},
	{0x1E100, 0x1E12C, 33},
	{0x1E137, 0x1E13D, 33},
	{0x1E14E, 0x1E14E, 33},
	{0x1E290, 0x1E2AD, 33},
	{0x1E2C0, 0x1E2EB, 33},
	{0x1E4D0, 0x1E4EB, 33},
	{0x1E5D0, 0x1E5ED, 33},
	{0x1E5F0, 0x1E5F0, 33},
	{0x1E6C0, 0x1E6DE, 33},
	{0x1E6E0, 0x1E6E2, 33},
	{0x1E6E4, 0x1E6E5, 33},
	{0x1E6E7, 0x1E6ED, 33},
	{0x1E6F0, 0x1E6F4, 33},
	{0x1E6FE, 0x1E6FF, 33},
	{0x1E7E0, 0x1E7E6, 33},
	{0x1E7E8, 0x1E7EB, 33},
	{0x1E7ED, 0x1E7EE, 33},
	{0x1E7F0, 0x1E7FE, 33},
	{0x1E800, 0x1E8C4, 33},
	{0x1E900, 0x1E943, 33},
	{0x1E94B, 0x1E94B, 33},
	{0x1EE00, 0x1EE03, 33},
	{0x1EE05, 0x1EE1F, 33},
	{0x1EE21, 0x1EE22, 33},
	{0x1EE24, 0x1EE24, 33},
	{0x1EE27, 0x1EE27, 33},
	{0x1EE29, 0x1EE32, 33},
	{0x1EE34, 0x1EE37, 33},
	{0x1EE39, 0x1EE39, 33},
	{0x1EE3B, 0x1EE3B, 33},
	{0x1EE42, 0x1EE42, 33},
	{0x1EE47, 0x1EE47, 33},
	{0x1EE49, 0x1EE49, 33},
	{0x1EE4B, 0x1EE4B, 33},
	{0x1EE4D, 0x1EE4F, 33},
	{0x1EE51, 0x1EE52, 33},
	{0x1EE54, 0x1EE54, 33},
	{0x1EE57, 0x1EE57, 33},
	{0x1EE59, 0x1EE59, 33},
	{0x1EE5B, 0x1EE5B, 33},
	{0x1EE5D, 0x1EE5D, 33},
	{0x1EE5F, 0x1EE5F, 33},
	{0x1EE61, 0x1EE62, 33},
	{0x1EE64, 0x1EE64, 33},
	{0x1EE67, 0x1EE6A, 33},
	{0x1EE6C, 0x1EE72, 33},
	{0x1EE74, 0x1EE77, 33},
	{0x1EE79, 0x1EE7C, 33},
	{0x1EE7E, 0x1EE7E, 33},
	{0x1EE80, 0x1EE89, 33},
	{0x1EE8B, 0x1EE9B, 33},
	{0x1EEA1, 0x1EEA3, 33},
	{0x1EEA5, 0x1EEA9, 33},
	{0x1EEAB, 0x1EEBB, 33},
	{0x20000, 0x2A6DF, 33},
	{0x2A700, 0x2B81D, 33},
	{0x2B820, 0x2CEAD, 33},
	{0x2CEB0, 0x2EBE0, 33},
	{0x2EBF0, 0x2EE5D, 33},
	{0x2F800, 0x2FA1D, 33},
	{0x30000, 0x3134A, 33},
	{0x31350, 0x33479, 33},
	{0x3006, 0x3007, 34},
	{0x3021, 0x3029, 34},
	{0x3038, 0x303A, 34},
	{0x3400, 0x4DBF, 34},
	{0x4E00, 0x9FFF, 34},
	{0xF900, 0xFA6D, 34},
	{0xFA70, 0xFAD9, 34},
	{0x16FE4, 0x16FE4, 34},
	{0x16FF2, 0x16FF6, 34},
	{0x17000, 0x18CD5, 34},
	{0x18CFF, 0x18D1E, 34},
	{0x18D80, 0x18DF2, 34},
	{0x1B170, 0x1B2FB, 34},
	{0x20000, 0x2A6DF, 34},
	{0x2A700, 0x2B81D, 34},
	{0x2B820, 0x2CEAD, 34},
	{0x2CEB0, 0x2EBE0, 34},
	{0x2EBF0, 0x2EE5D, 34},
	{0x2F800, 0x2FA1D, 34},
	{0x30000, 0x3134A, 34},
	{0x31350, 0x33479, 34},
	{0x300, 0x36F, 35},
	{0x483, 0x489, 35},
	{0x591, 0x5BD, 35},
	{0x5BF, 0x5BF, 35},
	{0x5C1, 0x5C2, 35},
	{0x5C4, 0x5C5, 35},
	{0x5C7, 0x5C7, 35},
	{0x610, 0x61A, 35},
	{0x64B, 0x65F, 35},
	{0x670, 0x670, 35},
	{0x6D6, 0x6DC, 35},
	{0x6DF, 0x6E4, 35},
	{0x6E7, 0x6E8, 35},
	{0x6EA, 0x6ED, 35},
	{0x711, 0x711, 35},
	{0x730, 0x74A, 35},
	{0x7A6, 0x7B0, 35},
	{0x7EB, 0x7F3, 35},
	{0x7FD, 0x7FD, 35},
	{0x816, 0x819, 35},
	{0x81B, 0x823, 35},
	{0x825, 0x827, 35},
	{0x829, 0x82D, 35},
	{0x859, 0x85B, 35},
	{0x897, 0x89F, 35},
	{0x8CA, 0x8E1, 35},
	{0x8E3, 0x902, 35},
	{0x915, 0x93A, 35},
	{0x93C, 0x93C, 35},
	{0x941, 0x948, 35},
	{0x94D, 0x94D, 35},
	{0x951, 0x95F, 35},
	{0x962, 0x963, 35},
	{0x978, 0x97F, 35},
	{0x981, 0x981, 35},
	{0x995, 0x9A8, 35},
	{0x9AA, 0x9B0, 35},
	{0x9B2, 0x9B2, 35},
	{0x9B6, 0x9B9, 35},
	{0x9BC, 0x9BC, 35},
	{0x9BE, 0x9BE, 35},
	{0x9C1, 0x9C4, 35},
	{0x9CD, 0x9CD, 35},
	{0x9D7, 0x9D7, 35},
	{0x9DC, 0x9DD, 35},
	{0x9DF, 0x9DF, 35},
	{0x9E2, 0x9E3, 35},
	{0x9F0, 0x9F1, 35},
	{0x9FE, 0x9FE, 35},
	{0xA01, 0xA02, 35},
	{0xA3C, 0xA3C, 35},
	{0xA41, 0xA42, 35},
	{0xA47, 0xA48, 35},
	{0xA4B, 0xA4D, 35},
	{0xA51, 0xA51, 35},
	{0xA70, 0xA71, 35},
	{0xA75, 0xA75, 35},
	{0xA81, 0xA82, 35},
	{0xA95, 0xAA8, 35},
	{0xAAA, 0xAB0, 35},
	{0xAB2, 0xAB3, 35},
	{0xAB5, 0xAB9, 35},
	{0xABC, 0xABC, 35},
	{0xAC1, 0xAC5, 35},
	{0xAC7, 0xAC8, 35},
	{0xACD, 0xACD, 35},
	{0xAE2, 0xAE3, 35},
	{0xAF9, 0xAFF, 35},
	{0xB01, 0xB01, 35},
	{0xB15, 0xB28, 35},
	{0xB2A, 0xB30, 35},
	{0xB32, 0xB33, 35},
	{0xB35, 0xB39, 35},
	{0xB3C, 0xB3C, 35},
	{0xB3E, 0xB3F, 35},
	{0xB41, 0xB44, 35},
	{0xB4D, 0xB4D, 35},
	{0xB55, 0xB57, 35},
	{0xB5C, 0xB5D, 35},
	{0xB5F, 0xB5F, 35},
	{0xB62, 0xB63, 35},
	{0xB71, 0xB71, 35},
	{0xB82, 0xB82, 35},
	{0xBBE, 0xBBE, 35},
	{0xBC0, 0xBC0, 35},
	{0xBCD, 0xBCD, 35},
	{0xBD7, 0xBD7, 35},
	{0xC00, 0xC00, 35},
	{0xC04, 0xC04, 35},
	{0xC15, 0xC28, 35},
	{0xC2A, 0xC39, 35},
	{0xC3C, 0xC3C, 35},
	{0xC3E, 0xC40, 35},
	{0xC46, 0xC48, 35},
	{0xC4A, 0xC4D, 35},
	{0xC55, 0xC56, 35},
	{0xC58, 0xC5A, 35},
	{0xC62, 0xC63, 35},
	{0xC81, 0xC81, 35},
	{0xCBC, 0xCBC, 35},
	{0xCBF, 0xCC0, 35},
	{0xCC2, 0xCC2, 35},
	{0xCC6, 0xCC8, 35},
	{0xCCA, 0xCCD, 35},
	{0xCD5, 0xCD6, 35},
	{0xCE2, 0xCE3, 35},
	{0xD00, 0xD01, 35},
	{0xD15, 0xD3C, 35},
	{0xD3E, 0xD3E, 35},
	{0xD41, 0xD44, 35},
	{0xD4D, 0xD4D, 35},
	{0xD57, 0xD57, 35},
	{0xD62, 0xD63, 35},
	{0xD81, 0xD81, 35},
	{0xDCA, 0xDCA, 35},
	{0xDCF, 0xDCF, 35},
	{0xDD2, 0xDD4, 35},
	{0xDD6, 0xDD6, 35},
	{0xDDF, 0xDDF, 35},
	{0xE31, 0xE31, 35},
	{0xE34, 0xE3A, 35},
	{0xE47, 0xE4E, 35},
	{0xEB1, 0xEB1, 35},
	{0xEB4, 0xEBC, 35},
	{0xEC8, 0xECE, 35},
	{0xF18, 0xF19, 35},
	{0xF35, 0xF35, 35},
	{0xF37, 0xF37, 35},
	{0xF39, 0xF39, 35},
	{0xF71, 0xF7E, 35},
	{0xF80, 0xF84, 35},
	{0xF86, 0xF87, 35},
	{0xF8D, 0xF97, 35},
	{0xF99, 0xFBC, 35},
	{0xFC6, 0xFC6, 35},
	{0x1000, 0x102A, 35},
	{0x102D, 0x1030, 35},
	{0x1032, 0x1037, 35},
	{0x1039, 0x103A, 35},
	{0x103D, 0x103F, 35},
	{0x1050, 0x1055, 35},
	{0x1058, 0x1061, 35},
	{0x1065, 0x1066, 35},
	{0x106E, 0x1082, 35},
	{0x1085, 0x1086, 35},
	{0x108D, 0x108E, 35},
	{0x109D, 0x109D, 35},
	{0x135D, 0x135F, 35},
	{0x1712, 0x1715, 35},
	{0x1732, 0x1734, 35},
	{0x1752, 0x1753, 35},
	{0x1772, 0x1773, 35},
	{0x1780, 0x17B5, 35},
	{0x17B7, 0x17BD, 35},
	{0x17C6, 0x17C6, 35},
	{0x17C9, 0x17D3, 35},
	{0x17DD, 0x17DD, 35},
	{0x180B, 0x180D, 35},
	{0x180F, 0x180F, 35},
	{0x1885, 0x1886, 35},
	{0x18A9, 0x18A9, 35},
	{0x1920, 0x1922, 35},
	{0x1927, 0x1928, 35},
	{0x1932, 0x1932, 35},
	{0x1939, 0x193B, 35},
	{0x1A17, 0x1A18, 35},
	{0x1A1B, 0x1A1B, 35},
	{0x1A20, 0x1A54, 35},
	{0x1A56, 0x1A56, 35},
	{0x1A58, 0x1A5E, 35},
	{0x1A60, 0x1A60, 35},
	{0x1A62, 0x1A62, 35},
	{0x1A65, 0x1A6C, 35},
	{0x1A73, 0x1A7C, 35},
	{0x1A7F, 0x1A7F, 35},
	{0x1AB0, 0x1ADD, 35},
	{0x1AE0, 0x1AEB, 35},
	{0x1B00, 0x1B03, 35},
	{0x1B0B, 0x1B0C, 35},
	{0x1B13, 0x1B3D, 35},
	{0x1B42, 0x1B4C, 35},
	{0x1B6B, 0x1B73, 35},
	{0x1B80, 0x1B81, 35},
	{0x1B83, 0x1BA0, 35},
	{0x1BA2, 0x1BA5, 35},
	{0x1BA8, 0x1BAF, 35},
	{0x1BBB, 0x1BBD, 35},
	{0x1BE6, 0x1BE6, 35},
	{0x1BE8, 0x1BE9, 35},
	{0x1BED, 0x1BED, 35},
	{0x1BEF, 0x1BF3, 35},
	{0x1C2C, 0x1C33, 35},
	{0x1C36, 0x1C37, 35},
	{0x1CD0, 0x1CD2, 35},
	{0x1CD4, 0x1CE0, 35},
	{0x1CE2, 0x1CE8, 35},
	{0x1CED, 0x1CED, 35},
	{0x1CF4, 0x1CF4, 35},
	{0x1CF8, 0x1CF9, 35},
	{0x1DC0, 0x1DFF, 35},
	{0x200D, 0x200D, 35},
	{0x20D0, 0x20F0, 35},
	{0x2CEF, 0x2CF1, 35},
	{0x2D7F, 0x2D7F, 35},
	{0x2DE0, 0x2DFF, 35},
	{0x302A, 0x302F, 35},
	{0x3099, 0x309A, 35},
	{0xA66F, 0xA672, 35},
	{0xA674, 0xA67D, 35},
	{0xA69E, 0xA69F, 35},
	{0xA6F0, 0xA6F1, 35},
	{0xA802, 0xA802, 35},
	{0xA806, 0xA806, 35},
	{0xA80B, 0xA80B, 35},
	{0xA825, 0xA826, 35},
	{0xA82C, 0xA82C, 35},
	{0xA8C4, 0xA8C5, 35},
	{0xA8E0, 0xA8F1, 35},
	{0xA8FF, 0xA8FF, 35},
	{0xA926, 0xA92D, 35},
	{0xA947, 0xA951, 35},
	{0xA953, 0xA953, 35},
	{0xA980, 0xA982, 35},
	{0xA989, 0xA98B, 35},
	{0xA98F, 0xA9B3, 35},
	{0xA9B6, 0xA9B9, 35},
	{0xA9BC, 0xA9BD, 35},
	{0xA9C0, 0xA9C0, 35},
	{0xA9E0, 0xA9E5, 35},
	{0xA9E7, 0xA9EF, 35},
	{0xA9FA, 0xA9FE, 35},
	{0xAA29, 0xAA2E, 35},
	{0xAA31, 0xAA32, 35},
	{0xAA35, 0xAA36, 35},
	{0xAA43, 0xAA43, 35},
	{0xAA4C, 0xAA4C, 35},
	{0xAA60, 0xAA6F, 35},
	{0xAA71, 0xAA73, 35},
	{0xAA7A, 0xAA7A, 35},
	{0xAA7C, 0xAA7C, 35},
	{0xAA7E, 0xAA7F, 35},
	{0xAAB0, 0xAAB0, 35},
	{0xAAB2, 0xAAB4, 35},
	{0xAAB7, 0xAAB8, 35},
	{0xAABE, 0xAABF, 35},
	{0xAAC1, 0xAAC1, 35},
	{0xAAE0, 0xAAEA, 35},
	{0xAAEC, 0xAAED, 35},
	{0xAAF6, 0xAAF6, 35},
	{0xABC0, 0xABDA, 35},
	{0xABE5, 0xABE5, 35},
	{0xABE8, 0xABE8, 35},
	{0xABED, 0xABED, 35},
	{0xFB1E, 0xFB1E, 35},
	{0xFE00, 0xFE0F, 35},
	{0xFE20, 0xFE2F, 35},
	{0xFF9E, 0xFF9F, 35},
	{0x101FD, 0x101FD, 35},
	{0x102E0, 0x102E0, 35},
	{0x10376, 0x1037A, 35},
	{0x10A00, 0x10A03, 35},
	{0x10A05, 0x10A06, 35},
	{0x10A0C, 0x10A13, 35},
	{0x10A15, 0x10A17, 35},
	{0x10A19, 0x10A35, 35},
	{0x10A38, 0x10A3A, 35},
	{0x10A3F, 0x10A3F, 35},
	{0x10AE5, 0x10AE6, 35},
	{0x10D24, 0x10D27, 35},
	{0x10D69, 0x10D6D, 35},
	{0x10EAB, 0x10EAC, 35},
	{0x10EFA, 0x10EFF, 35},
	{0x10F46, 0x10F50, 35},
	{0x10F82, 0x10F85, 35},
	{0x11001, 0x11001, 35},
	{0x11038, 0x11046, 35},
	{0x11070, 0x11070, 35},
	{0x11073, 0x11074, 35},
	{0x1107F, 0x11081, 35},
	{0x110B3, 0x110B6, 35},
	{0x110B9, 0x110BA, 35},
	{0x110C2, 0x110C2, 35},
	{0x11100, 0x1112B, 35},
	{0x1112D, 0x11134, 35},
	{0x11144, 0x11144, 35},
	{0x11147, 0x11147, 35},
	{0x11173, 0x11173, 35},
	{0x11180, 0x11181, 35},
	{0x111B6, 0x111BE, 35},
	{0x111C0, 0x111C0, 35},
	{0x111C9, 0x111CC, 35},
	{0x111CF, 0x111CF, 35},
	{0x1122F, 0x11231, 35},
	{0x11234, 0x11237, 35},
	{0x1123E, 0x1123E, 35},
	{0x11241, 0x11241, 35},
	{0x112DF, 0x112DF, 35},
	{0x112E3, 0x112EA, 35},
	{0x11300, 0x11301, 35},
	{0x1133B, 0x1133C, 35},
	{0x1133E, 0x1133E, 35},
	{0x11340, 0x11340, 35},
	{0x1134D, 0x1134D, 35},
	{0x11357, 0x11357, 35},
	{0x11366, 0x1136C, 35},
	{0x11370, 0x11374, 35},
	{0x11380, 0x11389, 35},
	{0x1138B, 0x1138B, 35},
	{0x1138E, 0x1138E, 35},
	{0x11390, 0x113B5, 35},
	{0x113B8, 0x113B8, 35},
	{0x113BB, 0x113C0, 35},
	{0x113C2, 0x113C2, 35},
	{0x113C5, 0x113C5, 35},
	{0x113C7, 0x113C9, 35},
	{0x113CE, 0x113D0, 35},
	{0x113D2, 0x113D2, 35},
	{0x113E1, 0x113E2, 35},
	{0x11438, 0x1143F, 35},
	{0x11442, 0x11444, 35},
	{0x11446, 0x11446, 35},
	{0x1145E, 0x1145E, 35},
	{0x114B0, 0x114B0, 35},
	{0x114B3, 0x114B8, 35},
	{0x114BA, 0x114BA, 35},
	{0x114BD, 0x114BD, 35},
	{0x114BF, 0x114C0, 35},
	{0x114C2, 0x114C3, 35},
	{0x115AF, 0x115AF, 35},
	{0x115B2, 0x115B5, 35},
	{0x115BC, 0x115BD, 35},
	{0x115BF, 0x115C0, 35},
	{0x115DC, 0x115DD, 35},
	{0x11633, 0x1163A, 35},
	{0x1163D, 0x1163D, 35},
	{0x1163F, 0x11640, 35},
	{0x116AB, 0x116AB, 35},
	{0x116AD, 0x116AD, 35},
	{0x116B0, 0x116B7, 35},
	{0x1171D, 0x1171D, 35},
	{0x1171F, 0x1171F, 35},
	{0x11722, 0x11725, 35},
	{0x11727, 0x1172B, 35},
	{0x1182F, 0x11837, 35},
	{0x11839, 0x1183A, 35},
	{0x11900, 0x11906, 35},
	{0x11909, 0x11909, 35},
	{0x1190C, 0x11913, 35},
	{0x11915, 0x11916, 35},
	{0x11918, 0x11930, 35},
	{0x1193B, 0x1193E, 35},
	{0x11943, 0x11943, 35},
	{0x119D4, 0x119D7, 35},
	{0x119DA, 0x119DB, 35},
	{0x119E0, 0x119E0, 35},
	{0x11A00, 0x11A38, 35},
	{0x11A3B, 0x11A3E, 35},
	{0x11A47, 0x11A47, 35},
	{0x11A50, 0x11A56, 35},
	{0x11A59, 0x11A83, 35},
	{0x11A8A, 0x11A96, 35},
	{0x11A98, 0x11A99, 35},
	{0x11B60, 0x11B60, 35},
	{0x11B62, 0x11B64, 35},
	{0x11B66, 0x11B66, 35},
	{0x11C30, 0x11C36, 35},
	{0x11C38, 0x11C3D, 35},
	{0x11C3F, 0x11C3F, 35},
	{0x11C92, 0x11CA7, 35},
	{0x11CAA, 0x11CB0, 35},
	{0x11CB2, 0x11CB3, 35},
	{0x11CB5, 0x11CB6, 35},
	{0x11D31, 0x11D36, 35},
	{0x11D3A, 0x11D3A, 35},
	{0x11D3C, 0x11D3D, 35},
	{0x11D3F, 0x11D45, 35},
	{0x11D47, 0x11D47, 35},
	{0x11D90, 0x11D91, 35},
	{0x11D95, 0x11D95, 35},
	{0x11D97, 0x11D97, 35},
	{0x11EF3, 0x11EF4, 35},
	{0x11F00, 0x11F01, 35},
	{0x11F04, 0x11F10, 35},
	{0x11F12, 0x11F33, 35},
	{0x11F36, 0x11F3A, 35},
	{0x11F40, 0x11F42, 35},
	{0x11F5A, 0x11F5A, 35},
	{0x13440, 0x13440, 35},
	{0x13447, 0x13455, 35},
	{0x1611E, 0x16129, 35},
	{0x1612D, 0x1612F, 35},
	{0x16AF0, 0x16AF4, 35},
	{0x16B30, 0x16B36, 35},
	{0x16F4F, 0x16F4F, 35},
	{0x16F8F, 0x16F92, 35},
	{0x16FE4, 0x16FE4, 35},
	{0x16FF0, 0x16FF1, 35},
	{0x1BC9D, 0x1BC9E, 35},
	{0x1CF00, 0x1CF2D, 35},
	{0x1CF30, 0x1CF46, 35},
	{0x1D165, 0x1D169, 35},
	{0x1D16D, 0x1D172, 35},
	{0x1D17B, 0x1D182, 35},
	{0x1D185, 0x1D18B, 35},
	{0x1D1AA, 0x1D1AD, 35},
	{0x1D242, 0x1D244, 35},
	{0x1DA00, 0x1DA36, 35},
	{0x1DA3B, 0x1DA6C, 35},
	{0x1DA75, 0x1DA75, 35},
	{0x1DA84, 0x1DA84, 35},
	{0x1DA9B, 0x1DA9F, 35},
	{0x1DAA1, 0x1DAAF, 35},
	{0x1E000, 0x1E006, 35},
	{0x1E008, 0x1E018, 35},
	{0x1E01B, 0x1E021, 35},
	{0x1E023, 0x1E024, 35},
	{0x1E026, 0x1E02A, 35},
	{0x1E08F, 0x1E08F, 35},
	{0x1E130, 0x1E136, 35},
	{0x1E2AE, 0x1E2AE, 35},
	{0x1E2EC, 0x1E2EF, 35},
	{0x1E4EC, 0x1E4EF, 35},
	{0x1E5EE, 0x1E5EF, 35},
	{0x1E6E3, 0x1E6E3, 35},
	{0x1E6E6, 0x1E6E6, 35},
	{0x1E6EE, 0x1E6EF, 35},
	{0x1E6F5, 0x1E6F5, 35},
	{0x1E8D0, 0x1E8D6, 35},
	{0x1E944, 0x1E94A, 35},
	{0x1F3FB, 0x1F3FF, 35},
	{0xE0020, 0xE007F, 35},
	{0xE0100, 0xE01EF, 35},
	{0x200C, 0x200D, 36},
	{0xE40, 0xE44, 37},
	{0xEC0, 0xEC4, 37},
	{0x19B5, 0x19B7, 37},
	{0x19BA, 0x19BA, 37},
	{0xAAB5, 0xAAB6, 37},
	{0xAAB9, 0xAAB9, 37},
	{0xAABB, 0xAABC, 37},
	{0x61, 0x7A, 38},
	{0xAA, 0xAA, 38},
	{0xB5, 0xB5, 38},
	{0xBA, 0xBA, 38},
	{0xDF, 0xF6, 38},
	{0xF8, 0xFF, 38},
	{0x101, 0x101, 38},
	{0x103, 0x103, 38},
	{0x105, 0x105, 38},
	{0x107, 0x107, 38},
	{0x109, 0x109, 38},
	{0x10B, 0x10B, 38},
	{0x10D, 0x10D, 38},
	{0x10F, 0x10F, 38},
	{0x111, 0x111, 38},
	{0x113, 0x113, 38},
	{0x115, 0x115, 38},
	{0x117, 0x117, 38},
	{0x119, 0x119, 38},
	{0x11B, 0x11B, 38},
	{0x11D, 0x11D, 38},
	{0x11F, 0x11F, 38},
	{0x121, 0x121, 38},
	{0x123, 0x123, 38},
	{0x125, 0x125, 38},
	{0x127, 0x127, 38},
	{0x129, 0x129, 38},
	{0x12B, 0x12B, 38},
	{0x12D, 0x12D, 38},
	{0x12F, 0x12F, 38},
	{0x131, 0x131, 38},
	{0x133, 0x133, 38},
	{0x135, 0x135, 38},
	{0x137, 0x138, 38},
	{0x13A, 0x13A, 38},
	{0x13C, 0x13C, 38},
	{0x13E, 0x13E, 38},
	{0x140, 0x140, 38},
	{0x142, 0x142, 38},
	{0x144, 0x144, 38},
	{0x146, 0x146, 38},
	{0x148, 0x149, 38},
	{0x14B, 0x14B, 38},
	{0x14D, 0x14D, 38},
	{0x14F, 0x14F, 38},
	{0x151, 0x151, 38},
	{0x153, 0x153, 38},
	{0x155, 0x155, 38},
	{0x157, 0x157, 38},
	{0x159, 0x159, 38},
	{0x15B, 0x15B, 38},
	{0x15D, 0x15D, 38},
	{0x15F, 0x15F, 38},
	{0x161, 0x161, 38},
	{0x163, 0x163, 38},
	{0x165, 0x165, 38},
	{0x167, 0x167, 38},
	{0x169, 0x169, 38},
	{0x16B, 0x16B, 38},
	{0x16D, 0x16D, 38},
	{0x16F, 0x16F, 38},
	{0x171, 0x171, 38},
	{0x173, 0x173, 38},
	{0x175, 0x175, 38},
	{0x177, 0x177, 38},
	{0x17A, 0x17A, 38},
	{0x17C, 0x17C, 38},
	{0x17E, 0x180, 38},
	{0x183, 0x183, 38},
	{0x185, 0x185, 38},
	{0x188, 0x188, 38},
	{0x18C, 0x18D, 38},
	{0x192, 0x192, 38},
	{0x195, 0x195, 38},
	{0x199, 0x19B, 38},
	{0x19E, 0x19E, 38},
	{0x1A1, 0x1A1, 38},
	{0x1A3, 0x1A3, 38},
	{0x1A5, 0x1A5, 38},
	{0x1A8, 0x1A8, 38},
	{0x1AA, 0x1AB, 38},
	{0x1AD, 0x1AD, 38},
	{0x1B0, 0x1B0, 38},
	{0x1B4, 0x1B4, 38},
	{0x1B6, 0x1B6, 38},
	{0x1B9, 0x1BA, 38},
	{0x1BD, 0x1BF, 38},
	{0x1C6, 0x1C6, 38},
	{0x1C9, 0x1C9, 38},
	{0x1CC, 0x1CC, 38},
	{0x1CE, 0x1CE, 38},
	{0x1D0, 0x1D0, 38},
	{0x1D2, 0x1D2, 38},
	{0x1D4, 0x1D4, 38},
	{0x1D6, 0x1D6, 38},
	{0x1D8, 0x1D8, 38},
	{0x1DA, 0x1DA, 38},
	{0x1DC, 0x1DD, 38},
	{0x1DF, 0x1DF, 38},
	{0x1E1, 0x1E1, 38},
	{0x1E3, 0x1E3, 38},
	{0x1E5, 0x1E5, 38},
	{0x1E7, 0x1E7, 38},
	{0x1E9, 0x1E9, 38},
	{0x1EB, 0x1EB, 38},
	{0x1ED, 0x1ED, 38},
	{0x1EF, 0x1F0, 38},
	{0x1F3, 0x1F3, 38},
	{0x1F5, 0x1F5, 38},
	{0x1F9, 0x1F9, 38},
	{0x1FB, 0x1FB, 38},
	{0x1FD, 0x1FD, 38},
	{0x1FF, 0x1FF, 38},
	{0x201, 0x201, 38},
	{0x203, 0x203, 38},
	{0x205, 0x205, 38},
	{0x207, 0x207, 38},
	{0x209, 0x209, 38},
	{0x20B, 0x20B, 38},
	{0x20D, 0x20D, 38},
	{0x20F, 0x20F, 38},
	{0x211, 0x211, 38},
	{0x213, 0x213, 38},
	{0x215, 0x215, 38},
	{0x217, 0x217, 38},
	{0x219, 0x219, 38},
	{0x21B, 0x21B, 38},
	{0x21D, 0x21D, 38},
	{0x21F, 0x21F, 38},
	{0x221, 0x221, 38},
	{0x223, 0x223, 38},
	{0x225, 0x225, 38},
	{0x227, 0x227, 38},
	{0x229, 0x229, 38},
	{0x22B, 0x22B, 38},
	{0x22D, 0x22D, 38},
	{0x22F, 0x22F, 38},
	{0x231, 0x231, 38},
	{0x233, 0x239, 38},
	{0x23C, 0x23C, 38},
	{0x23F, 0x240, 38},
	{0x242, 0x242, 38},
	{0x247, 0x247, 38},
	{0x249, 0x249, 38},
	{0x24B, 0x24B, 38},
	{0x24D, 0x24D, 38},
	{0x24F, 0x293, 38},
	{0x296, 0x2B8, 38},
	{0x2C0, 0x2C1, 38},
	{0x2E0, 0x2E4, 38},
	{0x345, 0x345, 38},
	{0x371, 0x371, 38},
	{0x373, 0x373, 38},
	{0x377, 0x377, 38},
	{0x37A, 0x37D, 38},
	{0x390, 0x390, 38},
	{0x3AC, 0x3CE, 38},
	{0x3D0, 0x3D1, 38},
	{0x3D5, 0x3D7, 38},
	{0x3D9, 0x3D9, 38},
	{0x3DB, 0x3DB, 38},
	{0x3DD, 0x3DD, 38},
	{0x3DF, 0x3DF, 38},
	{0x3E1, 0x3E1, 38},
	{0x3E3, 0x3E3, 38},
	{0x3E5, 0x3E5, 38},
	{0x3E7, 0x3E7, 38},
	{0x3E9, 0x3E9, 38},
	{0x3EB, 0x3EB, 38},
	{0x3ED, 0x3ED, 38},
	{0x3EF, 0x3F3, 38},
	{0x3F5, 0x3F5, 38},
	{0x3F8, 0x3F8, 38},
	{0x3FB, 0x3FC, 38},
	{0x430, 0x45F, 38},
	{0x461, 0x461, 38},
	{0x463, 0x463, 38},
	{0x465, 0x465, 38},
	{0x467, 0x467, 38},
	{0x469, 0x469, 38},
	{0x46B, 0x46B, 38},
	{0x46D, 0x46D, 38},
	{0x46F, 0x46F, 38},
	{0x471, 0x471, 38},
	{0x473, 0x473, 38},
	{0x475, 0x475, 38},
	{0x477, 0x477, 38},
	{0x479, 0x479, 38},
	{0x47B, 0x47B, 38},
	{0x47D, 0x47D, 38},
	{0x47F, 0x47F, 38},
	{0x481, 0x481, 38},
	{0x48B, 0x48B, 38},
	{0x48D, 0x48D, 38},
	{0x48F, 0x48F, 38},
	{0x491, 0x491, 38},
	{0x493, 0x493, 38},
	{0x495, 0x495, 38},
	{0x497, 0x497, 38},
	{0x499, 0x499, 38},
	{0x49B, 0x49B, 38},
	{0x49D, 0x49D, 38},
	{0x49F, 0x49F, 38},
	{0x4A1, 0x4A1, 38},
	{0x4A3, 0x4A3, 38},
	{0x4A5, 0x4A5, 38},
	{0x4A7, 0x4A7, 38},
	{0x4A9, 0x4A9, 38},
	{0x4AB, 0x4AB, 38},
	{0x4AD, 0x4AD, 38},
	{0x4AF, 0x4AF, 38},
	{0x4B1, 0x4B1, 38},
	{0x4B3, 0x4B3, 38},
	{0x4B5, 0x4B5, 38},
	{0x4B7, 0x4B7, 38},
	{0x4B9, 0x4B9, 38},
	{0x4BB, 0x4BB, 38},
	{0x4BD, 0x4BD, 38},
	{0x4BF, 0x4BF, 38},
	{0x4C2, 0x4C2, 38},
	{0x4C4, 0x4C4, 38},
	{0x4C6, 0x4C6, 38},
	{0x4C8, 0x4C8, 38},
	{0x4CA, 0x4CA, 38},
	{0x4CC, 0x4CC, 38},
	{0x4CE, 0x4CF, 38},
	{0x4D1, 0x4D1, 38},
	{0x4D3, 0x4D3, 38},
	{0x4D5, 0x4D5, 38},
	{0x4D7, 0x4D7, 38},
	{0x4D9, 0x4D9, 38},
	{0x4DB, 0x4DB, 38},
	{0x4DD, 0x4DD, 38},
	{0x4DF, 0x4DF, 38},
	{0x4E1, 0x4E1, 38},
	{0x4E3, 0x4E3, 38},
	{0x4E5, 0x4E5, 38},
	{0x4E7, 0x4E7, 38},
	{0x4E9, 0x4E9, 38},
	{0x4EB, 0x4EB, 38},
	{0x4ED, 0x4ED, 38},
	{0x4EF, 0x4EF, 38},
	{0x4F1, 0x4F1, 38},
	{0x4F3, 0x4F3, 38},
	{0x4F5, 0x4F5, 38},
	{0x4F7, 0x4F7, 38},
	{0x4F9, 0x4F9, 38},
	{0x4FB, 0x4FB, 38},
	{0x4FD, 0x4FD, 38},
	{0x4FF, 0x4FF, 38},
	{0x501, 0x501, 38},
	{0x503, 0x503, 38},
	{0x505, 0x505, 38},
	{0x507, 0x507, 38},
	{0x509, 0x509, 38},
	{0x50B, 0x50B, 38},
	{0x50D, 0x50D, 38},
	{0x50F, 0x50F, 38},
	{0x511, 0x511, 38},
	{0x513, 0x513, 38},
	{0x515, 0x515, 38},
	{0x517, 0x517, 38},
	{0x519, 0x519, 38},
	{0x51B, 0x51B, 38},
	{0x51D, 0x51D, 38},
	{0x51F, 0x51F, 38},
	{0x521, 0x521, 38},
	{0x523, 0x523, 38},
	{0x525, 0x525, 38},
	{0x527, 0x527, 38},
	{0x529, 0x529, 38},
	{0x52B, 0x52B, 38},
	{0x52D, 0x52D, 38},
	{0x52F, 0x52F, 38},
	{0x560, 0x588, 38},
	{0x10D0, 0x10FA, 38},
	{0x10FC, 0x10FF, 38},
	{0x13F8, 0x13FD, 38},
	{0x1C80, 0x1C88, 38},
	{0x1C8A, 0x1C8A, 38},
	{0x1D00, 0x1DBF, 38},
	{0x1E01, 0x1E01, 38},
	{0x1E03, 0x1E03, 38},
	{0x1E05, 0x1E05, 38},
	{0x1E07, 0x1E07, 38},
	{0x1E09, 0x1E09, 38},
	{0x1E0B, 0x1E0B, 38},
	{0x1E0D, 0x1E0D, 38},
	{0x1E0F, 0x1E0F, 38},
	{0x1E11, 0x1E11, 38},
	{0x1E13, 0x1E13, 38},
	{0x1E15, 0x1E15, 38},
	{0x1E17, 0x1E17, 38},
	{0x1E19, 0x1E19, 38},
	{0x1E1B, 0x1E1B, 38},
	{0x1E1D, 0x1E1D, 38},
	{0x1E1F, 0x1E1F, 38},
	{0x1E21, 0x1E21, 38},
	{0x1E23, 0x1E23, 38},
	{0x1E25, 0x1E25, 38},
	{0x1E27, 0x1E27, 38},
	{0x1E29, 0x1E29, 38},
	{0x1E2B, 0x1E2B, 38},
	{0x1E2D, 0x1E2D, 38},
	{0x1E2F, 0x1E2F, 38},
	{0x1E31, 0x1E31, 38},
	{0x1E33, 0x1E33, 38},
	{0x1E35, 0x1E35, 38},
	{0x1E37, 0x1E37, 38},
	{0x1E39, 0x1E39, 38},
	{0x1E3B, 0x1E3B, 38},
	{0x1E3D, 0x1E3D, 38},
	{0x1E3F, 0x1E3F, 38},
	{0x1E41, 0x1E41, 38},
	{0x1E43, 0x1E43, 38},
	{0x1E45, 0x1E45, 38},
	{0x1E47, 0x1E47, 38},
	{0x1E49, 0x1E49, 38},
	{0x1E4B, 0x1E4B, 38},
	{0x1E4D, 0x1E4D, 38},
	{0x1E4F, 0x1E4F, 38},
	{0x1E51, 0x1E51, 38},
	{0x1E53, 0x1E53, 38},
	{0x1E55, 0x1E55, 38},
	{0x1E57, 0x1E57, 38},
	{0x1E59, 0x1E59, 38},
	{0x1E5B, 0x1E5B, 38},
	{0x1E5D, 0x1E5D, 38},
	{0x1E5F, 0x1E5F, 38},
	{0x1E61, 0x1E61, 38},
	{0x1E63, 0x1E63, 38},
	{0x1E65, 0x1E65, 38},
	{0x1E67, 0x1E67, 38},
	{0x1E69, 0x1E69, 38},
	{0x1E6B, 0x1E6B, 38},
	{0x1E6D, 0x1E6D, 38},
	{0x1E6F, 0x1E6F, 38},
	{0x1E71, 0x1E71, 38},
	{0x1E73, 0x1E73, 38},
	{0x1E75, 0x1E75, 38},
	{0x1E77, 0x1E77, 38},
	{0x1E79, 0x1E79, 38},
	{0x1E7B, 0x1E7B, 38},
	{0x1E7D, 0x1E7D, 38},
	{0x1E7F, 0x1E7F, 38},
	{0x1E81, 0x1E81, 38},
	{0x1E83, 0x1E83, 38},
	{0x1E85, 0x1E85, 38},
	{0x1E87, 0x1E87, 38},
	{0x1E89, 0x1E89, 38},
	{0x1E8B, 0x1E8B, 38},
	{0x1E8D, 0x1E8D, 38},
	{0x1E8F, 0x1E8F, 38},
	{0x1E91, 0x1E91, 38},
	{0x1E93, 0x1E93, 38},
	{0x1E95, 0x1E9D, 38},
	{0x1E9F, 0x1E9F, 38},
	{0x1EA1, 0x1EA1, 38},
	{0x1EA3, 0x1EA3, 38},
	{0x1EA5, 0x1EA5, 38},
	{0x1EA7, 0x1EA7, 38},
	{0x1EA9, 0x1EA9, 38},
	{0x1EAB, 0x1EAB, 38},
	{0x1EAD, 0x1EAD, 38},
	{0x1EAF, 0x1EAF, 38},
	{0x1EB1, 0x1EB1, 38},
	{0x1EB3, 0x1EB3, 38},
	{0x1EB5, 0x1EB5, 38},
	{0x1EB7, 0x1EB7, 38},
	{0x1EB9, 0x1EB9, 38},
	{0x1EBB, 0x1EBB, 38},
	{0x1EBD, 0x1EBD, 38},
	{0x1EBF, 0x1EBF, 38},
	{0x1EC1, 0x1EC1, 38},
	{0x1EC3, 0x1EC3, 38},
	{0x1EC5, 0x1EC5, 38},
	{0x1EC7, 0x1EC7, 38},
	{0x1EC9, 0x1EC9, 38},
	{0x1ECB, 0x1ECB, 38},
	{0x1ECD, 0x1ECD, 38},
	{0x1ECF, 0x1ECF, 38},
	{0x1ED1, 0x1ED1, 38},
	{0x1ED3, 0x1ED3, 38},
	{0x1ED5, 0x1ED5, 38},
	{0x1ED7, 0x1ED7, 38},
	{0x1ED9, 0x1ED9, 38},
	{0x1EDB, 0x1EDB, 38},
	{0x1EDD, 0x1EDD, 38},
	{0x1EDF, 0x1EDF, 38},
	{0x1EE1, 0x1EE1, 38},
	{0x1EE3, 0x1EE3, 38},
	{0x1EE5, 0x1EE5, 38},
	{0x1EE7, 0x1EE7, 38},
	{0x1EE9, 0x1EE9, 38},
	{0x1EEB, 0x1EEB, 38},
	{0x1EED, 0x1EED, 38},
	{0x1EEF, 0x1EEF, 38},
	{0x1EF1, 0x1EF1, 38},
	{0x1EF3, 0x1EF3, 38},
	{0x1EF5, 0x1EF5, 38},
	{0x1EF7, 0x1EF7, 38},
	{0x1EF9, 0x1EF9, 38},
	{0x1EFB, 0x1EFB, 38},
	{0x1EFD, 0x1EFD, 38},
	{0x1EFF, 0x1F07, 38},
	{0x1F10, 0x1F15, 38},
	{0x1F20, 0x1F27, 38},
	{0x1F30, 0x1F37, 38},
	{0x1F40, 0x1F45, 38},
	{0x1F50, 0x1F57, 38},
	{0x1F60, 0x1F67, 38},
	{0x1F70, 0x1F7D, 38},
	{0x1F80, 0x1F87, 38},
	{0x1F90, 0x1F97, 38},
	{0x1FA0, 0x1FA7, 38},
	{0x1FB0, 0x1FB4, 38},
	{0x1FB6, 0x1FB7, 38},
	{0x1FBE, 0x1FBE, 38},
	{0x1FC2, 0x1FC4, 38},
	{0x1FC6, 0x1FC7, 38},
	{0x1FD0, 0x1FD3, 38},
	{0x1FD6, 0x1FD7, 38},
	{0x1FE0, 0x1FE7, 38},
	{0x1FF2, 0x1FF4, 38},
	{0x1FF6, 0x1FF7, 38},
	{0x2071, 0x2071, 38},
	{0x207F, 0x207F, 38},
	{0x2090, 0x209C, 38},
	{0x210A, 0x210A, 38},
	{0x210E, 0x210F, 38},
	{0x2113, 0x2113, 38},
	{0x212F, 0x212F, 38},
	{0x2134, 0x2134, 38},
	{0x2139, 0x2139, 38},
	{0x213C, 0x213D, 38},
	{0x2146, 0x2149, 38},
	{0x214E, 0x214E, 38},
	{0x2170, 0x217F, 38},
	{0x2184, 0x2184, 38},
	{0x24D0, 0x24E9, 38},
	{0x2C30, 0x2C5F, 38},
	{0x2C61, 0x2C61, 38},
	{0x2C65, 0x2C66, 38},
	{0x2C68, 0x2C68, 38},
	{0x2C6A, 0x2C6A, 38},
	{0x2C6C, 0x2C6C, 38},
	{0x2C71, 0x2C71, 38},
	{0x2C73, 0x2C74, 38},
	{0x2C76, 0x2C7D, 38},
	{0x2C81, 0x2C81, 38},
	{0x2C83, 0x2C83, 38},
	{0x2C85, 0x2C85, 38},
	{0x2C87, 0x2C87, 38},
	{0x2C89, 0x2C89, 38},
	{0x2C8B, 0x2C8B, 38},
	{0x2C8D, 0x2C8D, 38},
	{0x2C8F, 0x2C8F, 38},
	{0x2C91, 0x2C91, 38},
	{0x2C93, 0x2C93, 38},
	{0x2C95, 0x2C95, 38},
	{0x2C97, 0x2C97, 38},
	{0x2C99, 0x2C99, 38},
	{0x2C9B, 0x2C9B, 38},
	{0x2C9D, 0x2C9D, 38},
	{0x2C9F, 0x2C9F, 38},
	{0x2CA1, 0x2CA1, 38},
	{0x2CA3, 0x2CA3, 38},
	{0x2CA5, 0x2CA5, 38},
	{0x2CA7, 0x2CA7, 38},
	{0x2CA9, 0x2CA9, 38},
	{0x2CAB, 0x2CAB, 38},
	{0x2CAD, 0x2CAD, 38},
	{0x2CAF, 0x2CAF, 38},
	{0x2CB1, 0x2CB1, 38},
	{0x2CB3, 0x2CB3, 38},
	{0x2CB5, 0x2CB5, 38},
	{0x2CB7, 0x2CB7, 38},
	{0x2CB9, 0x2CB9, 38},
	{0x2CBB, 0x2CBB, 38},
	{0x2CBD, 0x2CBD, 38},
	{0x2CBF, 0x2CBF, 38},
	{0x2CC1, 0x2CC1, 38},
	{0x2CC3, 0x2CC3, 38},
	{0x2CC5, 0x2CC5, 38},
	{0x2CC7, 0x2CC7, 38},
	{0x2CC9, 0x2CC9, 38},
	{0x2CCB, 0x2CCB, 38},
	{0x2CCD, 0x2CCD, 38},
	{0x2CCF, 0x2CCF, 38},
	{0x2CD1, 0x2CD1, 38},
	{0x2CD3, 0x2CD3, 38},
	{0x2CD5, 0x2CD5, 38},
	{0x2CD7, 0x2CD7, 38},
	{0x2CD9, 0x2CD9, 38},
	{0x2CDB, 0x2CDB, 38},
	{0x2CDD, 0x2CDD, 38},
	{0x2CDF, 0x2CDF, 38},
	{0x2CE1, 0x2CE1, 38},
	{0x2CE3, 0x2CE4, 38},
	{0x2CEC, 0x2CEC, 38},
	{0x2CEE, 0x2CEE, 38},
	{0x2CF3, 0x2CF3, 38},
	{0x2D00, 0x2D25, 38},
	{0x2D27, 0x2D27, 38},
	{0x2D2D, 0x2D2D, 38},
	{0xA641, 0xA641, 38},
	{0xA643, 0xA643, 38},
	{0xA645, 0xA645, 38},
	{0xA647, 0xA647, 38},
	{0xA649, 0xA649, 38},
	{0xA64B, 0xA64B, 38},
	{0xA64D, 0xA64D, 38},
	{0xA64F, 0xA64F, 38},
	{0xA651, 0xA651, 38},
	{0xA653, 0xA653, 38},
	{0xA655, 0xA655, 38},
	{0xA657, 0xA657, 38},
	{0xA659, 0xA659, 38},
	{0xA65B, 0xA65B, 38},
	{0xA65D, 0xA65D, 38},
	{0xA65F, 0xA65F, 38},
	{0xA661, 0xA661, 38},
	{0xA663, 0xA663, 38},
	{0xA665, 0xA665, 38},
	{0xA667, 0xA667, 38},
	{0xA669, 0xA669, 38},
	{0xA66B, 0xA66B, 38},
	{0xA66D, 0xA66D, 38},
	{0xA681, 0xA681, 38},
	{0xA683, 0xA683, 38},
	{0xA685, 0xA685, 38},
	{0xA687, 0xA687, 38},
	{0xA689, 0xA689, 38},
	{0xA68B, 0xA68B, 38},
	{0xA68D, 0xA68D, 38},
	{0xA68F, 0xA68F, 38},
	{0xA691, 0xA691, 38},
	{0xA693, 0xA693, 38},
	{0xA695, 0xA695, 38},
	{0xA697, 0xA697, 38},
	{0xA699, 0xA699, 38},
	{0xA69B, 0xA69D, 38},
	{0xA723, 0xA723, 38},
	{0xA725, 0xA725, 38},
	{0xA727, 0xA727, 38},
	{0xA729, 0xA729, 38},
	{0xA72B, 0xA72B, 38},
	{0xA72D, 0xA72D, 38},
	{0xA72F, 0xA731, 38},
	{0xA733, 0xA733, 38},
	{0xA735, 0xA735, 38},
	{0xA737, 0xA737, 38},
	{0xA739, 0xA739, 38},
	{0xA73B, 0xA73B, 38},
	{0xA73D, 0xA73D, 38},
	{0xA73F, 0xA73F, 38},
	{0xA741, 0xA741, 38},
	{0xA743, 0xA743, 38},
	{0xA745, 0xA745, 38},
	{0xA747, 0xA747, 38},
	{0xA749, 0xA749, 38},
	{0xA74B, 0xA74B, 38},
	{0xA74D, 0xA74D, 38},
	{0xA74F, 0xA74F, 38},
	{0xA751, 0xA751, 38},
	{0xA753, 0xA753, 38},
	{0xA755, 0xA755, 38},
	{0xA757, 0xA757, 38},
	{0xA759, 0xA759, 38},
	{0xA75B, 0xA75B, 38},
	{0xA75D, 0xA75D, 38},
	{0xA75F, 0xA75F, 38},
	{0xA761, 0xA761, 38},
	{0xA763, 0xA763, 38},
	{0xA765, 0xA765, 38},
	{0xA767, 0xA767, 38},
	{0xA769, 0xA769, 38},
	{0xA76B, 0xA76B, 38},
	{0xA76D, 0xA76D, 38},
	{0xA76F, 0xA778, 38},
	{0xA77A, 0xA77A, 38},
	{0xA77C, 0xA77C, 38},
	{0xA77F, 0xA77F, 38},
	{0xA781, 0xA781, 38},
	{0xA783, 0xA783, 38},
	{0xA785, 0xA785, 38},
	{0xA787, 0xA787, 38},
	{0xA78C, 0xA78C, 38},
	{0xA78E, 0xA78E, 38},
	{0xA791, 0xA791, 38},
	{0xA793, 0xA795, 38},
	{0xA797, 0xA797, 38},
	{0xA799, 0xA799, 38},
	{0xA79B, 0xA79B, 38},
	{0xA79D, 0xA79D, 38},
	{0xA79F, 0xA79F, 38},
	{0xA7A1, 0xA7A1, 38},
	{0xA7A3, 0xA7A3, 38},
	{0xA7A5, 0xA7A5, 38},
	{0xA7A7, 0xA7A7, 38},
	{0xA7A9, 0xA7A9, 38},
	{0xA7AF, 0xA7AF, 38},
	{0xA7B5, 0xA7B5, 38},
	{0xA7B7, 0xA7B7, 38},
	{0xA7B9, 0xA7B9, 38},
	{0xA7BB, 0xA7BB, 38},
	{0xA7BD, 0xA7BD, 38},
	{0xA7BF, 0xA7BF, 38},
	{0xA7C1, 0xA7C1, 38},
	{0xA7C3, 0xA7C3, 38},
	{0xA7C8, 0xA7C8, 38},
	{0xA7CA, 0xA7CA, 38},
	{0xA7CD, 0xA7CD, 38},
	{0xA7CF, 0xA7CF, 38},
	{0xA7D1, 0xA7D1, 38},
	{0xA7D3, 0xA7D3, 38},
	{0xA7D5, 0xA7D5, 38},
	{0xA7D7, 0xA7D7, 38},
	{0xA7D9, 0xA7D9, 38},
	{0xA7DB, 0xA7DB, 38},
	{0xA7F1, 0xA7F4, 38},
	{0xA7F6, 0xA7F6, 38},
	{0xA7F8, 0xA7FA, 38},
	{0xAB30, 0xAB5A, 38},
	{0xAB5C, 0xAB69, 38},
	{0xAB70, 0xABBF, 38},
	{0xFB00, 0xFB06, 38},
	{0xFB13, 0xFB17, 38},
	{0xFF41, 0xFF5A, 38},
	{0x10428, 0x1044F, 38},
	{0x104D8, 0x104FB, 38},
	{0x10597, 0x105A1, 38},
	{0x105A3, 0x105B1, 38},
	{0x105B3, 0x105B9, 38},
	{0x105BB, 0x105BC, 38},
	{0x10780, 0x10780, 38},
	{0x10783, 0x10785, 38},
	{0x10787, 0x107B0, 38},
	{0x107B2, 0x107BA, 38},
	{0x10CC0, 0x10CF2, 38},
	{0x10D70, 0x10D85, 38},
	{0x118C0, 0x118DF, 38},
	{0x16E60, 0x16E7F, 38},
	{0x16EBB, 0x16ED3, 38},
	{0x1D41A, 0x1D433, 38},
	{0x1D44E, 0x1D454, 38},
	{0x1D456, 0x1D467, 38},
	{0x1D482, 0x1D49B, 38},
	{0x1D4B6, 0x1D4B9, 38},
	{0x1D4BB, 0x1D4BB, 38},
	{0x1D4BD, 0x1D4C3, 38},
	{0x1D4C5, 0x1D4CF, 38},
	{0x1D4EA, 0x1D503, 38},
	{0x1D51E, 0x1D537, 38},
	{0x1D552, 0x1D56B, 38},
	{0x1D586, 0x1D59F, 38},
	{0x1D5BA, 0x1D5D3, 38},
	{0x1D5EE, 0x1D607, 38},
	{0x1D622, 0x1D63B, 38},
	{0x1D656, 0x1D66F, 38},
	{0x1D68A, 0x1D6A5, 38},
	{0x1D6C2, 0x1D6DA, 38},
	{0x1D6DC, 0x1D6E1, 38},
	{0x1D6FC, 0x1D714, 38},
	{0x1D716, 0x1D71B, 38},
	{0x1D736, 0x1D74E, 38},
	{0x1D750, 0x1D755, 38},
	{0x1D770, 0x1D788, 38},
	{0x1D78A, 0x1D78F, 38},
	{0x1D7AA, 0x1D7C2, 38},
	{0x1D7C4, 0x1D7C9, 38},
	{0x1D7CB, 0x1D7CB, 38},
	{0x1DF00, 0x1DF09, 38},
	{0x1DF0B, 0x1DF1E, 38},
	{0x1DF25, 0x1DF2A, 38},
	{0x1E030, 0x1E06D, 38},
	{0x1E922, 0x1E943, 38},
	{0x2B, 0x2B, 39},
	{0x3C, 0x3E, 39},
	{0x5E, 0x5E, 39},
	{0x7C, 0x7C, 39},
	{0x7E, 0x7E, 39},
	{0xAC, 0xAC, 39},
	{0xB1, 0xB1, 39},
	{0xD7, 0xD7, 39},
	{0xF7, 0xF7, 39},
	{0x3D0, 0x3D2, 39},
	{0x3D5, 0x3D5, 39},
	{0x3F0, 0x3F1, 39},
	{0x3F4, 0x3F6, 39},
	{0x606, 0x608, 39},
	{0x2016, 0x2016, 39},
	{0x2032, 0x2034, 39},
	{0x2040, 0x2040, 39},
	{0x2044, 0x2044, 39},
	{0x2052, 0x2052, 39},
	{0x2061, 0x2064, 39},
	{0x207A, 0x207E, 39},
	{0x208A, 0x208E, 39},
	{0x20D0, 0x20DC, 39},
	{0x20E1, 0x20E1, 39},
	{0x20E5, 0x20E6, 39},
	{0x20EB, 0x20EF, 39},
	{0x2102, 0x2102, 39},
	{0x2107, 0x2107, 39},
	{0x210A, 0x2113, 39},
	{0x2115, 0x2115, 39},
	{0x2118, 0x211D, 39},
	{0x2124, 0x2124, 39},
	{0x2128, 0x2129, 39},
	{0x212C, 0x212D, 39},
	{0x212F, 0x2131, 39},
	{0x2133, 0x2138, 39},
	{0x213C, 0x2149, 39},
	{0x214B, 0x214B, 39},
	{0x2190, 0x21A7, 39},
	{0x21A9, 0x21AE, 39},
	{0x21B0, 0x21B1, 39},
	{0x21B6, 0x21B7, 39},
	{0x21BC, 0x21DB, 39},
	{0x21DD, 0x21DD, 39},
	{0x21E4, 0x21E5, 39},
	{0x21F4, 0x22FF, 39},
	{0x2308, 0x230B, 39},
	{0x2320, 0x2321, 39},
	{0x237C, 0x237C, 39},
	{0x239B, 0x23B5, 39},
	{0x23B7, 0x23B7, 39},
	{0x23D0, 0x23D0, 39},
	{0x23DC, 0x23E2, 39},
	{0x25A0, 0x25A1, 39},
	{0x25AE, 0x25B7, 39},
	{0x25BC, 0x25C1, 39},
	{0x25C6, 0x25C7, 39},
	{0x25CA, 0x25CB, 39},
	{0x25CF, 0x25D3, 39},
	{0x25E2, 0x25E2, 39},
	{0x25E4, 0x25E4, 39},
	{0x25E7, 0x25EC, 39},
	{0x25F8, 0x25FF, 39},
	{0x2605, 0x2606, 39},
	{0x2640, 0x2640, 39},
	{0x2642, 0x2642, 39},
	{0x2660, 0x2663, 39},
	{0x266D, 0x266F, 39},
	{0x27C0, 0x27FF, 39},
	{0x2900, 0x2AFF, 39},
	{0x2B30, 0x2B44, 39},
	{0x2B47, 0x2B4C, 39},
	{0xFB29, 0xFB29, 39},
	{0xFE61, 0xFE66, 39},
	{0xFE68, 0xFE68, 39},
	{0xFF0B, 0xFF0B, 39},
	{0xFF1C, 0xFF1E, 39},
	{0xFF3C, 0xFF3C, 39},
	{0xFF3E, 0xFF3E, 39},
	{0xFF5C, 0xFF5C, 39},
	{0xFF5E, 0xFF5E, 39},
	{0xFFE2, 0xFFE2, 39},
	{0xFFE9, 0xFFEC, 39},
	{0x10D8E, 0x10D8F, 39},
	{0x1CEF0, 0x1CEF0, 39},
	{0x1D400, 0x1D454, 39},
	{0x1D456, 0x1D49C, 39},
	{0x1D49E, 0x1D49F, 39},
	{0x1D4A2, 0x1D4A2, 39},
	{0x1D4A5, 0x1D4A6, 39},
	{0x1D4A9, 0x1D4AC, 39},
	{0x1D4AE, 0x1D4B9, 39},
	{0x1D4BB, 0x1D4BB, 39},
	{0x1D4BD, 0x1D4C3, 39},
	{0x1D4C5, 0x1D505, 39},
	{0x1D507, 0x1D50A, 39},
	{0x1D50D, 0x1D514, 39},
	{0x1D516, 0x1D51C, 39},
	{0x1D51E, 0x1D539, 39},
	{0x1D53B, 0x1D53E, 39},
	{0x1D540, 0x1D544, 39},
	{0x1D546, 0x1D546, 39},
	{0x1D54A, 0x1D550, 39},
	{0x1D552, 0x1D6A5, 39},
	{0x1D6A8, 0x1D7CB, 39},
	{0x1D7CE, 0x1D7FF, 39},
	{0x1EE00, 0x1EE03, 39},
	{0x1EE05, 0x1EE1F, 39},
	{0x1EE21, 0x1EE22, 39},
	{0x1EE24, 0x1EE24, 39},
	{0x1EE27, 0x1EE27, 39},
	{0x1EE29, 0x1EE32, 39},
	{0x1EE34, 0x1EE37, 39},
	{0x1EE39, 0x1EE39, 39},
	{0x1EE3B, 0x1EE3B, 39},
	{0x1EE42, 0x1EE42, 39},
	{0x1EE47, 0x1EE47, 39},
	{0x1EE49, 0x1EE49, 39},
	{0x1EE4B, 0x1EE4B, 39},
	{0x1EE4D, 0x1EE4F, 39},
	{0x1EE51, 0x1EE52, 39},
	{0x1EE54, 0x1EE54, 39},
	{0x1EE57, 0x1EE57, 39},
	{0x1EE59, 0x1EE59, 39},
	{0x1EE5B, 0x1EE5B, 39},
	{0x1EE5D, 0x1EE5D, 39},
	{0x1EE5F, 0x1EE5F, 39},
	{0x1EE61, 0x1EE62, 39},
	{0x1EE64, 0x1EE64, 39},
	{0x1EE67, 0x1EE6A, 39},
	{0x1EE6C, 0x1EE72, 39},
	{0x1EE74, 0x1EE77, 39},
	{0x1EE79, 0x1EE7C, 39},
	{0x1EE7E, 0x1EE7E, 39},
	{0x1EE80, 0x1EE89, 39},
	{0x1EE8B, 0x1EE9B, 39},
	{0x1EEA1, 0x1EEA3, 39},
	{0x1EEA5, 0x1EEA9, 39},
	{0x1EEAB, 0x1EEBB, 39},
	{0x1EEF0, 0x1EEF1, 39},
	{0x1F8D0, 0x1F8D8, 39},
	{0x654, 0x655, 40},
	{0x658, 0x658, 40},
	{0x6DC, 0x6DC, 40},
	{0x6E3, 0x6E3, 40},
	{0x6E7, 0x6E8, 40},
	{0x8CA, 0x8CB, 40},
	{0x8CD, 0x8CF, 40},
	{0x8D3, 0x8D3, 40},
	{0x8F3, 0x8F3, 40},
	{0xFDD0, 0xFDEF, 41},
	{0xFFFE, 0xFFFF, 41},
	{0x1FFFE, 0x1FFFF, 41},
	{0x2FFFE, 0x2FFFF, 41},
	{0x3FFFE, 0x3FFFF, 41},
	{0x4FFFE, 0x4FFFF, 41},
	{0x5FFFE, 0x5FFFF, 41},
	{0x6FFFE, 0x6FFFF, 41},
	{0x7FFFE, 0x7FFFF, 41},
	{0x8FFFE, 0x8FFFF, 41},
	{0x9FFFE, 0x9FFFF, 41},
	{0xAFFFE, 0xAFFFF, 41},
	{0xBFFFE, 0xBFFFF, 41},
	{0xCFFFE, 0xCFFFF, 41},
	{0xDFFFE, 0xDFFFF, 41},
	{0xEFFFE, 0xEFFFF, 41},
	{0xFFFFE, 0xFFFFF, 41},
	{0x10FFFE, 0x10FFFF, 41},
	{0x345, 0x345, 42},
	{0x363, 0x36F, 42},
	{0x5B0, 0x5BD, 42},
	{0x5BF, 0x5BF, 42},
	{0x5C1, 0x5C2, 42},
	{0x5C4, 0x5C5, 42},
	{0x5C7, 0x5C7, 42},
	{0x610, 0x61A, 42},
	{0x64B, 0x657, 42},
	{0x659, 0x65F, 42},
	{0x670, 0x670, 42},
	{0x6D6, 0x6DC, 42},
	{0x6E1, 0x6E4, 42},
	{0x6E7, 0x6E8, 42},
	{0x6ED, 0x6ED, 42},
	{0x711, 0x711, 42},
	{0x730, 0x73F, 42},
	{0x7A6, 0x7B0, 42},
	{0x816, 0x817, 42},
	{0x81B, 0x823, 42},
	{0x825, 0x827, 42},
	{0x829, 0x82C, 42},
	{0x897, 0x897, 42},
	{0x8D4, 0x8DF, 42},
	{0x8E3, 0x8E9, 42},
	{0x8F0, 0x903, 42},
	{0x93A, 0x93B, 42},
	{0x93E, 0x94C, 42},
	{0x94E, 0x94F, 42},
	{0x955, 0x957, 42},
	{0x962, 0x963, 42},
	{0x981, 0x983, 42},
	{0x9BE, 0x9C4, 42},
	{0x9C7, 0x9C8, 42},
	{0x9CB, 0x9CC, 42},
	{0x9D7, 0x9D7, 42},
	{0x9E2, 0x9E3, 42},
	{0xA01, 0xA03, 42},
	{0xA3E, 0xA42, 42},
	{0xA47, 0xA48, 42},
	{0xA4B, 0xA4C, 42},
	{0xA51, 0xA51, 42},
	{0xA70, 0xA71, 42},
	{0xA75, 0xA75, 42},
	{0xA81, 0xA83, 42},
	{0xABE, 0xAC5, 42},
	{0xAC7, 0xAC9, 42},
	{0xACB, 0xACC, 42},
	{0xAE2, 0xAE3, 42},
	{0xAFA, 0xAFC, 42},
	{0xB01, 0xB03, 42},
	{0xB3E, 0xB44, 42},
	{0xB47, 0xB48, 42},
	{0xB4B, 0xB4C, 42},
	{0xB56, 0xB57, 42},
	{0xB62, 0xB63, 42},
	{0xB82, 0xB82, 42},
	{0xBBE, 0xBC2, 42},
	{0xBC6, 0xBC8, 42},
	{0xBCA, 0xBCC, 42},
	{0xBD7, 0xBD7, 42},
	{0xC00, 0xC04, 42},
	{0xC3E, 0xC44, 42},
	{0xC46, 0xC48, 42},
	{0xC4A, 0xC4C, 42},
	{0xC55, 0xC56, 42},
	{0xC62, 0xC63, 42},
	{0xC81, 0xC83, 42},
	{0xCBE, 0xCC4, 42},
	{0xCC6, 0xCC8, 42},
	{0xCCA, 0xCCC, 42},
	{0xCD5, 0xCD6, 42},
	{0xCE2, 0xCE3, 42},
	{0xCF3, 0xCF3, 42},
	{0xD00, 0xD03, 42},
	{0xD3E, 0xD44, 42},
	{0xD46, 0xD48, 42},
	{0xD4A, 0xD4C, 42},
	{0xD57, 0xD57, 42},
	{0xD62, 0xD63, 42},
	{0xD81, 0xD83, 42},
	{0xDCF, 0xDD4, 42},
	{0xDD6, 0xDD6, 42},
	{0xDD8, 0xDDF, 42},
	{0xDF2, 0xDF3, 42},
	{0xE31, 0xE31, 42},
	{0xE34, 0xE3A, 42},
	{0xE4D, 0xE4D, 42},
	{0xEB1, 0xEB1, 42},
	{0xEB4, 0xEB9, 42},
	{0xEBB, 0xEBC, 42},
	{0xECD, 0xECD, 42},
	{0xF71, 0xF83, 42},
	{0xF8D, 0xF97, 42},
	{0xF99, 0xFBC, 42},
	{0x102B, 0x1036, 42},
	{0x1038, 0x1038, 42},
	{0x103B, 0x103E, 42},
	{0x1056, 0x1059, 42},
	{0x105E, 0x1060, 42},
	{0x1062, 0x1064, 42},
	{0x1067, 0x106D, 42},
	{0x1071, 0x1074, 42},
	{0x1082, 0x108D, 42},
	{0x108F, 0x108F, 42},
	{0x109A, 0x109D, 42},
	{0x1712, 0x1713, 42},
	{0x1732, 0x1733, 42},
	{0x1752, 0x1753, 42},
	{0x1772, 0x1773, 42},
	{0x17B6, 0x17C8, 42},
	{0x1885, 0x1886, 42},
	{0x18A9, 0x18A9, 42},
	{0x1920, 0x192B, 42},
	{0x1930, 0x1938, 42},
	{0x1A17, 0x1A1B, 42},
	{0x1A55, 0x1A5E, 42},
	{0x1A61, 0x1A74, 42},
	{0x1ABF, 0x1AC0, 42},
	{0x1ACC, 0x1ACE, 42},
	{0x1B00, 0x1B04, 42},
	{0x1B35, 0x1B43, 42},
	{0x1B80, 0x1B82, 42},
	{0x1BA1, 0x1BA9, 42},
	{0x1BAC, 0x1BAD, 42},
	{0x1BE7, 0x1BF1, 42},
	{0x1C24, 0x1C36, 42},
	{0x1DD3, 0x1DF4, 42},
	{0x24B6, 0x24E9, 42},
	{0x2DE0, 0x2DFF, 42},
	{0xA674, 0xA67B, 42},
	{0xA69E, 0xA69F, 42},
	{0xA802, 0xA802, 42},
	{0xA80B, 0xA80B, 42},
	{0xA823, 0xA827, 42},
	{0xA880, 0xA881, 42},
	{0xA8B4, 0xA8C3, 42},
	{0xA8C5, 0xA8C5, 42},
	{0xA8FF, 0xA8FF, 42},
	{0xA926, 0xA92A, 42},
	{0xA947, 0xA952, 42},
	{0xA980, 0xA983, 42},
	{0xA9B4, 0xA9BF, 42},
	{0xA9E5, 0xA9E5, 42},
	{0xAA29, 0xAA36, 42},
	{0xAA43, 0xAA43, 42},
	{0xAA4C, 0xAA4D, 42},
	{0xAA7B, 0xAA7D, 42},
	{0xAAB0, 0xAAB0, 42},
	{0xAAB2, 0xAAB4, 42},
	{0xAAB7, 0xAAB8, 42},
	{0xAABE, 0xAABE, 42},
	{0xAAEB, 0xAAEF, 42},
	{0xAAF5, 0xAAF5, 42},
	{0xABE3, 0xABEA, 42},
	{0xFB1E, 0xFB1E, 42},
	{0x10376, 0x1037A, 42},
	{0x10A01, 0x10A03, 42},
	{0x10A05, 0x10A06, 42},
	{0x10A0C, 0x10A0F, 42},
	{0x10D24, 0x10D27, 42},
	{0x10D69, 0x10D69, 42},
	{0x10EAB, 0x10EAC, 42},
	{0x10EFA, 0x10EFC, 42},
	{0x11000, 0x11002, 42},
	{0x11038, 0x11045, 42},
	{0x11073, 0x11074, 42},
	{0x11080, 0x11082, 42},
	{0x110B0, 0x110B8, 42},
	{0x110C2, 0x110C2, 42},
	{0x11100, 0x11102, 42},
	{0x11127, 0x11132, 42},
	{0x11145, 0x11146, 42},
	{0x11180, 0x11182, 42},
	{0x111B3, 0x111BF, 42},
	{0x111CE, 0x111CF, 42},
	{0x1122C, 0x11234, 42},
	{0x11237, 0x11237, 42},
	{0x1123E, 0x1123E, 42},
	{0x11241, 0x11241, 42},
	{0x112DF, 0x112E8, 42},
	{0x11300, 0x11303, 42},
	{0x1133E, 0x11344, 42},
	{0x11347, 0x11348, 42},
	{0x1134B, 0x1134C, 42},
	{0x11357, 0x11357, 42},
	{0x11362, 0x11363, 42},
	{0x113B8, 0x113C0, 42},
	{0x113C2, 0x113C2, 42},
	{0x113C5, 0x113C5, 42},
	{0x113C7, 0x113CA, 42},
	{0x113CC, 0x113CD, 42},
	{0x11435, 0x11441, 42},
	{0x11443, 0x11445, 42},
	{0x114B0, 0x114C1, 42},
	{0x115AF, 0x115B5, 42},
	{0x115B8, 0x115BE, 42},
	{0x115DC, 0x115DD, 42},
	{0x11630, 0x1163E, 42},
	{0x11640, 0x11640, 42},
	{0x116AB, 0x116B5, 42},
	{0x1171D, 0x1172A, 42},
	{0x1182C, 0x11838, 42},
	{0x11930, 0x11935, 42},
	{0x11937, 0x11938, 42},
	{0x1193B, 0x1193C, 42},
	{0x11940, 0x11940, 42},
	{0x11942, 0x11942, 42},
	{0x119D1, 0x119D7, 42},
	{0x119DA, 0x119DF, 42},
	{0x119E4, 0x119E4, 42},
	{0x11A01, 0x11A0A, 42},
	{0x11A35, 0x11A39, 42},
	{0x11A3B, 0x11A3E, 42},
	{0x11A51, 0x11A5B, 42},
	{0x11A8A, 0x11A97, 42},
	{0x11B60, 0x11B67, 42},
	{0x11C2F, 0x11C36, 42},
	{0x11C38, 0x11C3E, 42},
	{0x11C92, 0x11CA7, 42},
	{0x11CA9, 0x11CB6, 42},
	{0x11D31, 0x11D36, 42},
	{0x11D3A, 0x11D3A, 42},
	{0x11D3C, 0x11D3D, 42},
	{0x11D3F, 0x11D41, 42},
	{0x11D43, 0x11D43, 42},
	{0x11D47, 0x11D47, 42},
	{0x11D8A, 0x11D8E, 42},
	{0x11D90, 0x11D91, 42},
	{0x11D93, 0x11D96, 42},
	{0x11EF3, 0x11EF6, 42},
	{0x11F00, 0x11F01, 42},
	{0x11F03, 0x11F03, 42},
	{0x11F34, 0x11F3A, 42},
	{0x11F3E, 0x11F40, 42},
	{0x1611E, 0x1612E, 42},
	{0x16F4F, 0x16F4F, 42},
	{0x16F51, 0x16F87, 42},
	{0x16F8F, 0x16F92, 42},
	{0x16FF0, 0x16FF1, 42},
	{0x1BC9E, 0x1BC9E, 42},
	{0x1E000, 0x1E006, 42},
	{0x1E008, 0x1E018, 42},
	{0x1E01B, 0x1E021, 42},
	{0x1E023, 0x1E024, 42},
	{0x1E026, 0x1E02A, 42},
	{0x1E08F, 0x1E08F, 42},
	{0x1E6E3, 0x1E6E3, 42},
	{0x1E6E6, 0x1E6E6, 42},
	{0x1E6EE, 0x1E6EF, 42},
	{0x1E6F5, 0x1E6F5, 42},
	{0x1E947, 0x1E947, 42},
	{0x1F130, 0x1F149, 42},
	{0x1F150, 0x1F169, 42},
	{0x1F170, 0x1F189, 42},
	{0x34F, 0x34F, 43},
	{0x115F, 0x1160, 43},
	{0x17B4, 0x17B5, 43},
	{0x2065, 0x2065, 43},
	{0x3164, 0x3164, 43},
	{0xFFA0, 0xFFA0, 43},
	{0xFFF0, 0xFFF8, 43},
	{0xE0000, 0xE0000, 43},
	{0xE0002, 0xE001F, 43},
	{0xE0080, 0xE00FF, 43},
	{0xE01F0, 0xE0FFF, 43},
	{0x9BE, 0x9BE, 44},
	{0x9D7, 0x9D7, 44},
	{0xB3E, 0xB3E, 44},
	{0xB57, 0xB57, 44},
	{0xBBE, 0xBBE, 44},
	{0xBD7, 0xBD7, 44},
	{0xCC0, 0xCC0, 44},
	{0xCC2, 0xCC2, 44},
	{0xCC7, 0xCC8, 44},
	{0xCCA, 0xCCB, 44},
	{0xCD5, 0xCD6, 44},
	{0xD3E, 0xD3E, 44},
	{0xD57, 0xD57, 44},
	{0xDCF, 0xDCF, 44},
	{0xDDF, 0xDDF, 44},
	{0x1715, 0x1715, 44},
	{0x1734, 0x1734, 44},
	{0x1B35, 0x1B35, 44},
	{0x1B3B, 0x1B3B, 44},
	{0x1B3D, 0x1B3D, 44},
	{0x1B43, 0x1B44, 44},
	{0x1BAA, 0x1BAA, 44},
	{0x1BF2, 0x1BF3, 44},
	{0x200C, 0x200C, 44},
	{0x302E, 0x302F, 44},
	{0xA953, 0xA953, 44},
	{0xA9C0, 0xA9C0, 44},
	{0xFF9E, 0xFF9F, 44},
	{0x111C0, 0x111C0, 44},
	{0x11235, 0x11235, 44},
	{0x1133E, 0x1133E, 44},
	{0x1134D, 0x1134D, 44},
	{0x11357, 0x11357, 44},
	{0x113B8, 0x113B8, 44},
	{0x113C2, 0x113C2, 44},
	{0x113C5, 0x113C5, 44},
	{0x113C7, 0x113C9, 44},
	{0x113CF, 0x113CF, 44},
	{0x114B0, 0x114B0, 44},
	{0x114BD, 0x114BD, 44},
	{0x115AF, 0x115AF, 44},
	{0x116B6, 0x116B6, 44},
	{0x11930, 0x11930, 44},
	{0x1193D, 0x1193D, 44},
	{0x11F41, 0x11F41, 44},
	{0x16FF0, 0x16FF1, 44},
	{0x1D165, 0x1D166, 44},
	{0x1D16D, 0x1D172, 44},
	{0xE0020, 0xE007F, 44},
	{0xB7, 0xB7, 45},
	{0x387, 0x387, 45},
	{0x1369, 0x1371, 45},
	{0x19DA, 0x19DA, 45},
	{0x200C, 0x200D, 45},
	{0x30FB, 0x30FB, 45},
	{0xFF65, 0xFF65, 45},
	{0x1885, 0x1886, 46},
	{0x2118, 0x2118, 46},
	{0x212E, 0x212E, 46},
	{0x309B, 0x309C, 46},
	{0xAA, 0xAA, 47},
	{0xBA, 0xBA, 47},
	{0x2B0, 0x2B8, 47},
	{0x2C0, 0x2C1, 47},
	{0x2E0, 0x2E4, 47},
	{0x345, 0x345, 47},
	{0x37A, 0x37A, 47},
	{0x10FC, 0x10FC, 47},
	{0x1D2C, 0x1D6A, 47},
	{0x1D78, 0x1D78, 47},
	{0x1D9B, 0x1DBF, 47},
	{0x2071, 0x2071, 47},
	{0x207F, 0x207F, 47},
	{0x2090, 0x209C, 47},
	{0x2170, 0x217F, 47},
	{0x24D0, 0x24E9, 47},
	{0x2C7C, 0x2C7D, 47},
	{0xA69C, 0xA69D, 47},
	{0xA770, 0xA770, 47},
	{0xA7F1, 0xA7F4, 47},
	{0xA7F8, 0xA7F9, 47},
	{0xAB5C, 0xAB5F, 47},
	{0xAB69, 0xAB69, 47},
	{0x10780, 0x10780, 47},
	{0x10783, 0x10785, 47},
	{0x10787, 0x107B0, 47},
	{0x107B2, 0x107BA, 47},
	{0x1E030, 0x1E06D, 47},
	{0x5E, 0x5E, 48},
	{0x3D0, 0x3D2, 48},
	{0x3D5, 0x3D5, 48},
	{0x3F0, 0x3F1, 48},
	{0x3F4, 0x3F5, 48},
	{0x2016, 0x2016, 48},
	{0x2032, 0x2034, 48},
	{0x2040, 0x2040, 48},
	{0x2061, 0x2064, 48},
	{0x207D, 0x207E, 48},
	{0x208D, 0x208E, 48},
	{0x20D0, 0x20DC, 48},
	{0x20E1, 0x20E1, 48},
	{0x20E5, 0x20E6, 48},
	{0x20EB, 0x20EF, 48},
	{0x2102, 0x2102, 48},
	{0x2107, 0x2107, 48},
	{0x210A, 0x2113, 48},
	{0x2115, 0x2115, 48},
	{0x2119, 0x211D, 48},
	{0x2124, 0x2124, 48},
	{0x2128, 0x2129, 48},
	{0x212C, 0x212D, 48},
	{0x212F, 0x2131, 48},
	{0x2133, 0x2138, 48},
	{0x213C, 0x213F, 48},
	{0x2145, 0x2149, 48},
	{0x2195, 0x2199, 48},
	{0x219C, 0x219F, 48},
	{0x21A1, 0x21A2, 48},
	{0x21A4, 0x21A5, 48},
	{0x21A7, 0x21A7, 48},
	{0x21A9, 0x21AD, 48},
	{0x21B0, 0x21B1, 48},
	{0x21B6, 0x21B7, 48},
	{0x21BC, 0x21CD, 48},
	{0x21D0, 0x21D1, 48},
	{0x21D3, 0x21D3, 48},
	{0x21D5, 0x21DB, 48},
	{0x21DD, 0x21DD, 48},
	{0x21E4, 0x21E5, 48},
	{0x2308, 0x230B, 48},
	{0x23B4, 0x23B5, 48},
	{0x23B7, 0x23B7, 48},
	{0x23D0, 0x23D0, 48},
	{0x23E2, 0x23E2, 48},
	{0x25A0, 0x25A1, 48},
	{0x25AE, 0x25B6, 48},
	{0x25BC, 0x25C0, 48},
	{0x25C6, 0x25C7, 48},
	{0x25CA, 0x25CB, 48},
	{0x25CF, 0x25D3, 48},
	{0x25E2, 0x25E2, 48},
	{0x25E4, 0x25E4, 48},
	{0x25E7, 0x25EC, 48},
	{0x2605, 0x2606, 48},
	{0x2640, 0x2640, 48},
	{0x2642, 0x2642, 48},
	{0x2660, 0x2663, 48},
	{0x266D, 0x266E, 48},
	{0x27C5, 0x27C6, 48},
	{0x27E6, 0x27EF, 48},
	{0x2983, 0x2998, 48},
	{0x29D8, 0x29DB, 48},
	{0x29FC, 0x29FD, 48},
	{0xFE61, 0xFE61, 48},
	{0xFE63, 0xFE63, 48},
	{0xFE68, 0xFE68, 48},
	{0xFF3C, 0xFF3C, 48},
	{0xFF3E, 0xFF3E, 48},
	{0x1D400, 0x1D454, 48},
	{0x1D456, 0x1D49C, 48},
	{0x1D49E, 0x1D49F, 48},
	{0x1D4A2, 0x1D4A2, 48},
	{0x1D4A5, 0x1D4A6, 48},
	{0x1D4A9, 0x1D4AC, 48},
	{0x1D4AE, 0x1D4B9, 48},
	{0x1D4BB, 0x1D4BB, 48},
	{0x1D4BD, 0x1D4C3, 48},
	{0x1D4C5, 0x1D505, 48},
	{0x1D507, 0x1D50A, 48},
	{0x1D50D, 0x1D514, 48},
	{0x1D516, 0x1D51C, 48},
	{0x1D51E, 0x1D539, 48},
	{0x1D53B, 0x1D53E, 48},
	{0x1D540, 0x1D544, 48},
	{0x1D546, 0x1D546, 48},
	{0x1D54A, 0x1D550, 48},
	{0x1D552, 0x1D6A5, 48},
	{0x1D6A8, 0x1D6C0, 48},
	{0x1D6C2, 0x1D6DA, 48},
	{0x1D6DC, 0x1D6FA, 48},
	{0x1D6FC, 0x1D714, 48},
	{0x1D716, 0x1D734, 48},
	{0x1D736, 0x1D74E, 48},
	{0x1D750, 0x1D76E, 48},
	{0x1D770, 0x1D788, 48},
	{0x1D78A, 0x1D7A8, 48},
	{0x1D7AA, 0x1D7C2, 48},
	{0x1D7C4, 0x1D7CB, 48},
	{0x1D7CE, 0x1D7FF, 48},
	{0x1EE00, 0x1EE03, 48},
	{0x1EE05, 0x1EE1F, 48},
	{0x1EE21, 0x1EE22, 48},
	{0x1EE24, 0x1EE24, 48},
	{0x1EE27, 0x1EE27, 48},
	{0x1EE29, 0x1EE32, 48},
	{0x1EE34, 0x1EE37, 48},
	{0x1EE39, 0x1EE39, 48},
	{0x1EE3B, 0x1EE3B, 48},
	{0x1EE42, 0x1EE42, 48},
	{0x1EE47, 0x1EE47, 48},
	{0x1EE49, 0x1EE49, 48},
	{0x1EE4B, 0x1EE4B, 48},
	{0x1EE4D, 0x1EE4F, 48},
	{0x1EE51, 0x1EE52, 48},
	{0x1EE54, 0x1EE54, 48},
	{0x1EE57, 0x1EE57, 48},
	{0x1EE59, 0x1EE59, 48},
	{0x1EE5B, 0x1EE5B, 48},
	{0x1EE5D, 0x1EE5D, 48},
	{0x1EE5F, 0x1EE5F, 48},
	{0x1EE61, 0x1EE62, 48},
	{0x1EE64, 0x1EE64, 48},
	{0x1EE67, 0x1EE6A, 48},
	{0x1EE6C, 0x1EE72, 48},
	{0x1EE74, 0x1EE77, 48},
	{0x1EE79, 0x1EE7C, 48},
	{0x1EE7E, 0x1EE7E, 48},
	{0x1EE80, 0x1EE89, 48},
	{0x1EE8B, 0x1EE9B, 48},
	{0x1EEA1, 0x1EEA3, 48},
	{0x1EEA5, 0x1EEA9, 48},
	{0x1EEAB, 0x1EEBB, 48},
	{0x2160, 0x216F, 49},
	{0x24B6, 0x24CF, 49},
	{0x1F130, 0x1F149, 49},
	{0x1F150, 0x1F169, 49},
	{0x1F170, 0x1F189, 49},
	{0x21, 0x2F, 50},
	{0x3A, 0x40, 50},
	{0x5B, 0x5E, 50},
	{0x60, 0x60, 50},
	{0x7B, 0x7E, 50},
	{0xA1, 0xA7, 50},
	{0xA9, 0xA9, 50},
	{0xAB, 0xAC, 50},
	{0xAE, 0xAE, 50},
	{0xB0, 0xB1, 50},
	{0xB6, 0xB6, 50},
	{0xBB, 0xBB, 50},
	{0xBF, 0xBF, 50},
	{0xD7, 0xD7, 50},
	{0xF7, 0xF7, 50},
	{0x2010, 0x2027, 50},
	{0x2030, 0x203E, 50},
	{0x2041, 0x2053, 50},
	{0x2055, 0x205E, 50},
	{0x2190, 0x245F, 50},
	{0x2500, 0x2775, 50},
	{0x2794, 0x2BFF, 50},
	{0x2E00, 0x2E7F, 50},
	{0x3001, 0x3003, 50},
	{0x3008, 0x3020, 50},
	{0x3030, 0x3030, 50},
	{0xFD3E, 0xFD3F, 50},
	{0xFE45, 0xFE46, 50},
	{0x9, 0xD, 51},
	{0x20, 0x20, 51},
	{0x85, 0x85, 51},
	{0x200E, 0x200F, 51},
	{0x2028, 0x2029, 51},
	{0x600, 0x605, 52},
	{0x6DD, 0x6DD, 52},
	{0x70F, 0x70F, 52},
	{0x890, 0x891, 52},
	{0x8E2, 0x8E2, 52},
	{0x110BD, 0x110BD, 52},
	{0x110CD, 0x110CD, 52},
	{0x22, 0x22, 53},
	{0x27, 0x27, 53},
	{0xAB, 0xAB, 53},
	{0xBB, 0xBB, 53},
	{0x2018, 0x201F, 53},
	{0x2039, 0x203A, 53},
	{0x2E42, 0x2E42, 53},
	{0x300C, 0x300F, 53},
	{0x301D, 0x301F, 53},
	{0xFE41, 0xFE44, 53},
	{0xFF02, 0xFF02, 53},
	{0xFF07, 0xFF07, 53},
	{0xFF62, 0xFF63, 53},
	{0x2E80, 0x2E99, 54},
	{0x2E9B, 0x2EF3, 54},
	{0x2F00, 0x2FD5, 54},
	{0x1F1E6, 0x1F1FF, 55},
	{0x21, 0x21, 56},
	{0x2E, 0x2E, 56},
	{0x3F, 0x3F, 56},
	{0x589, 0x589, 56},
	{0x61D, 0x61F, 56},
	{0x6D4, 0x6D4, 56},
	{0x700, 0x702, 56},
	{0x7F9, 0x7F9, 56},
	{0x837, 0x837, 56},
	{0x839, 0x839, 56},
	{0x83D, 0x83E, 56},
	{0x964, 0x965, 56},
	{0x104A, 0x104B, 56},
	{0x1362, 0x1362, 56},
	{0x1367, 0x1368, 56},
	{0x166E, 0x166E, 56},
	{0x1735, 0x1736, 56},
	{0x17D4, 0x17D5, 56},
	{0x1803, 0x1803, 56},
	{0x1809, 0x1809, 56},
	{0x1944, 0x1945, 56},
	{0x1AA8, 0x1AAB, 56},
	{0x1B4E, 0x1B4F, 56},
	{0x1B5A, 0x1B5B, 56},
	{0x1B5E, 0x1B5F, 56},
	{0x1B7D, 0x1B7F, 56},
	{0x1C3B, 0x1C3C, 56},
	{0x1C7E, 0x1C7F, 56},
	{0x2024, 0x2024, 56},
	{0x203C, 0x203D, 56},
	{0x2047, 0x2049, 56},
	{0x2CF9, 0x2CFB, 56},
	{0x2E2E, 0x2E2E, 56},
	{0x2E3C, 0x2E3C, 56},
	{0x2E53, 0x2E54, 56},
	{0x3002, 0x3002, 56},
	{0xA4FF, 0xA4FF, 56},
	{0xA60E, 0xA60F, 56},
	{0xA6F3, 0xA6F3, 56},
	{0xA6F7, 0xA6F7, 56},
	{0xA876, 0xA877, 56},
	{0xA8CE, 0xA8CF, 56},
	{0xA92F, 0xA92F, 56},
	{0xA9C8, 0xA9C9, 56},
	{0xAA5D, 0xAA5F, 56},
	{0xAAF0, 0xAAF1, 56},
	{0xABEB, 0xABEB, 56},
	{0xFE12, 0xFE12, 56},
	{0xFE15, 0xFE16, 56},
	{0xFE52, 0xFE52, 56},
	{0xFE56, 0xFE57, 56},
	{0xFF01, 0xFF01, 56},
	{0xFF0E, 0xFF0E, 56},
	{0xFF1F, 0xFF1F, 56},
	{0xFF61, 0xFF61, 56},
	{0x10A56, 0x10A57, 56},
	{0x10F55, 0x10F59, 56},
	{0x10F86, 0x10F89, 56},
	{0x11047, 0x11048, 56},
	{0x110BE, 0x110C1, 56},
	{0x11141, 0x11143, 56},
	{0x111C5, 0x111C6, 56},
	{0x111CD, 0x111CD, 56},
	{0x111DE, 0x111DF, 56},
	{0x11238, 0x11239, 56},
	{0x1123B, 0x1123C, 56},
	{0x112A9, 0x112A9, 56},
	{0x113D4, 0x113D5, 56},
	{0x1144B, 0x1144C, 56},
	{0x115C2, 0x115C3, 56},
	{0x115C9, 0x115D7, 56},
	{0x11641, 0x11642, 56},
	{0x1173C, 0x1173E, 56},
	{0x11944, 0x11944, 56},
	{0x11946, 0x11946, 56},
	{0x11A42, 0x11A43, 56},
	{0x11A9B, 0x11A9C, 56},
	{0x11C41, 0x11C42, 56},
	{0x11EF7, 0x11EF8, 56},
	{0x11F43, 0x11F44, 56},
	{0x16A6E, 0x16A6F, 56},
	{0x16AF5, 0x16AF5, 56},
	{0x16B37, 0x16B38, 56},
	{0x16B44, 0x16B44, 56},
	{0x16D6E, 0x16D6F, 56},
	{0x16E98, 0x16E98, 56},
	{0x1BC9F, 0x1BC9F, 56},
	{0x1DA88, 0x1DA88, 56},
	{0x69, 0x6A, 57},
	{0x12F, 0x12F, 57},
	{0x249, 0x249, 57},
	{0x268, 0x268, 57},
	{0x29D, 0x29D, 57},
	{0x2B2, 0x2B2, 57},
	{0x3F3, 0x3F3, 57},
	{0x456, 0x456, 57},
	{0x458, 0x458, 57},
	{0x1D62, 0x1D62, 57},
	{0x1D96, 0x1D96, 57},
	{0x1DA4, 0x1DA4, 57},
	{0x1DA8, 0x1DA8, 57},
	{0x1E2D, 0x1E2D, 57},
	{0x1ECB, 0x1ECB, 57},
	{0x2071, 0x2071, 57},
	{0x2148, 0x2149, 57},
	{0x2C7C, 0x2C7C, 57},
	{0x1D422, 0x1D423, 57},
	{0x1D456, 0x1D457, 57},
	{0x1D48A, 0x1D48B, 57},
	{0x1D4BE, 0x1D4BF, 57},
	{0x1D4F2, 0x1D4F3, 57},
	{0x1D526, 0x1D527, 57},
	{0x1D55A, 0x1D55B, 57},
	{0x1D58E, 0x1D58F, 57},
	{0x1D5C2, 0x1D5C3, 57},
	{0x1D5F6, 0x1D5F7, 57},
	{0x1D62A, 0x1D62B, 57},
	{0x1D65E, 0x1D65F, 57},
	{0x1D692, 0x1D693, 57},
	{0x1DF1A, 0x1DF1A, 57},
	{0x1E04C, 0x1E04D, 57},
	{0x1E068, 0x1E068, 57},
	{0x21, 0x21, 58},
	{0x2C, 0x2C, 58},
	{0x2E, 0x2E, 58},
	{0x3A, 0x3B, 58},
	{0x3F, 0x3F, 58},
	{0x37E, 0x37E, 58},
	{0x387, 0x387, 58},
	{0x589, 0x589, 58},
	{0x5C3, 0x5C3, 58},
	{0x60C, 0x60C, 58},
	{0x61B, 0x61B, 58},
	{0x61D, 0x61F, 58},
	{0x6D4, 0x6D4, 58},
	{0x700, 0x70A, 58},
	{0x70C, 0x70C, 58},
	{0x7F8, 0x7F9, 58},
	{0x830, 0x835, 58},
	{0x837, 0x83E, 58},
	{0x85E, 0x85E, 58},
	{0x964, 0x965, 58},
	{0xE5A, 0xE5B, 58},
	{0xF08, 0xF08, 58},
	{0xF0D, 0xF12, 58},
	{0x104A, 0x104B, 58},
	{0x1361, 0x1368, 58},
	{0x166E, 0x166E, 58},
	{0x16EB, 0x16ED, 58},
	{0x1735, 0x1736, 58},
	{0x17D4, 0x17D6, 58},
	{0x17DA, 0x17DA, 58},
	{0x1802, 0x1805, 58},
	{0x1808, 0x1809, 58},
	{0x1944, 0x1945, 58},
	{0x1AA8, 0x1AAB, 58},
	{0x1B4E, 0x1B4F, 58},
	{0x1B5A, 0x1B5B, 58},
	{0x1B5D, 0x1B5F, 58},
	{0x1B7D, 0x1B7F, 58},
	{0x1C3B, 0x1C3F, 58},
	{0x1C7E, 0x1C7F, 58},
	{0x2024, 0x2024, 58},
	{0x203C, 0x203D, 58},
	{0x2047, 0x2049, 58},
	{0x2CF9, 0x2CFB, 58},
	{0x2E2E, 0x2E2E, 58},
	{0x2E3C, 0x2E3C, 58},
	{0x2E41, 0x2E41, 58},
	{0x2E4C, 0x2E4C, 58},
	{0x2E4E, 0x2E4F, 58},
	{0x2E53, 0x2E54, 58},
	{0x3001, 0x3002, 58},
	{0xA4FE, 0xA4FF, 58},
	{0xA60D, 0xA60F, 58},
	{0xA6F3, 0xA6F7, 58},
	{0xA876, 0xA877, 58},
	{0xA8CE, 0xA8CF, 58},
	{0xA92F, 0xA92F, 58},
	{0xA9C7, 0xA9C9, 58},
	{0xAA5D, 0xAA5F, 58},
	{0xAADF, 0xAADF, 58},
	{0xAAF0, 0xAAF1, 58},
	{0xABEB, 0xABEB, 58},
	{0xFE12, 0xFE12, 58},
	{0xFE15, 0xFE16, 58},
	{0xFE50, 0xFE52, 58},
	{0xFE54, 0xFE57, 58},
	{0xFF01, 0xFF01, 58},
	{0xFF0C, 0xFF0C, 58},
	{0xFF0E, 0xFF0E, 58},
	{0xFF1A, 0xFF1B, 58},
	{0xFF1F, 0xFF1F, 58},
	{0xFF61, 0xFF61, 58},
	{0xFF64, 0xFF64, 58},
	{0x1039F, 0x1039F, 58},
	{0x103D0, 0x103D0, 58},
	{0x10857, 0x10857, 58},
	{0x1091F, 0x1091F, 58},
	{0x10A56, 0x10A57, 58},
	{0x10AF0, 0x10AF5, 58},
	{0x10B3A, 0x10B3F, 58},
	{0x10B99, 0x10B9C, 58},
	{0x10F55, 0x10F59, 58},
	{0x10F86, 0x10F89, 58},
	{0x11047, 0x1104D, 58},
	{0x110BE, 0x110C1, 58},
	{0x11141, 0x11143, 58},
	{0x111C5, 0x111C6, 58},
	{0x111CD, 0x111CD, 58},
	{0x111DE, 0x111DF, 58},
	{0x11238, 0x1123C, 58},
	{0x112A9, 0x112A9, 58},
	{0x113D4, 0x113D5, 58},
	{0x1144B, 0x1144D, 58},
	{0x1145A, 0x1145B, 58},
	{0x115C2, 0x115C5, 58},
	{0x115C9, 0x115D7, 58},
	{0x11641, 0x11642, 58},
	{0x1173C, 0x1173E, 58},
	{0x11944, 0x11944, 58},
	{0x11946, 0x11946, 58},
	{0x11A42, 0x11A43, 58},
	{0x11A9B, 0x11A9C, 58},
	{0x11AA1, 0x11AA2, 58},
	{0x11C41, 0x11C43, 58},
	{0x11C71, 0x11C71, 58},
	{0x11EF7, 0x11EF8, 58},
	{0x11F43, 0x11F44, 58},
	{0x12470, 0x12474, 58},
	{0x16A6E, 0x16A6F, 58},
	{0x16AF5, 0x16AF5, 58},
	{0x16B37, 0x16B39, 58},
	{0x16B44, 0x16B44, 58},
	{0x16D6E, 0x16D6F, 58},
	{0x16E97, 0x16E98, 58},
	{0x1BC9F, 0x1BC9F, 58},
	{0x1DA87, 0x1DA8A, 58},
	{0x3400, 0x4DBF, 59},
	{0x4E00, 0x9FFF, 59},
	{0xFA0E, 0xFA0F, 59},
	{0xFA11, 0xFA11, 59},
	{0xFA13, 0xFA14, 59},
	{0xFA1F, 0xFA1F, 59},
	{0xFA21, 0xFA21, 59},
	{0xFA23, 0xFA24, 59},
	{0xFA27, 0xFA29, 59},
	{0x20000, 0x2A6DF, 59},
	{0x2A700, 0x2B81D, 59},
	{0x2B820, 0x2CEAD, 59},
	{0x2CEB0, 0x2EBE0, 59},
	{0x2EBF0, 0x2EE5D, 59},
	{0x30000, 0x3134A, 59},
	{0x31350, 0x33479, 59},
	{0x41, 0x5A, 60},
	{0xC0, 0xD6, 60},
	{0xD8, 0xDE, 60},
	{0x100, 0x100, 60},
	{0x102, 0x102, 60},
	{0x104, 0x104, 60},
	{0x106, 0x106, 60},
	{0x108, 0x108, 60},
	{0x10A, 0x10A, 60},
	{0x10C, 0x10C, 60},
	{0x10E, 0x10E, 60},
	{0x110, 0x110, 60},
	{0x112, 0x112, 60},
	{0x114, 0x114, 60},
	{0x116, 0x116, 60},
	{0x118, 0x118, 60},
	{0x11A, 0x11A, 60},
	{0x11C, 0x11C, 60},
	{0x11E, 0x11E, 60},
	{0x120, 0x120, 60},
	{0x122, 0x122, 60},
	{0x124, 0x124, 60},
	{0x126, 0x126, 60},
	{0x128, 0x128, 60},
	{0x12A, 0x12A, 60},
	{0x12C, 0x12C, 60},
	{0x12E, 0x12E, 60},
	{0x130, 0x130, 60},
	{0x132, 0x132, 60},
	{0x134, 0x134, 60},
	{0x136, 0x136, 60},
	{0x139, 0x139, 60},
	{0x13B, 0x13B, 60},
	{0x13D, 0x13D, 60},
	{0x13F, 0x13F, 60},
	{0x141, 0x141, 60},
	{0x143, 0x143, 60},
	{0x145, 0x145, 60},
	{0x147, 0x147, 60},
	{0x14A, 0x14A, 60},
	{0x14C, 0x14C, 60},
	{0x14E, 0x14E, 60},
	{0x150, 0x150, 60},
	{0x152, 0x152, 60},
	{0x154, 0x154, 60},
	{0x156, 0x156, 60},
	{0x158, 0x158, 60},
	{0x15A, 0x15A, 60},
	{0x15C, 0x15C, 60},
	{0x15E, 0x15E, 60},
	{0x160, 0x160, 60},
	{0x162, 0x162, 60},
	{0x164, 0x164, 60},
	{0x166, 0x166, 60},
	{0x168, 0x168, 60},
	{0x16A, 0x16A, 60},
	{0x16C, 0x16C, 60},
	{0x16E, 0x16E, 60},
	{0x170, 0x170, 60},
	{0x172, 0x172, 60},
	{0x174, 0x174, 60},
	{0x176, 0x176, 60},
	{0x178, 0x179, 60},
	{0x17B, 0x17B, 60},
	{0x17D, 0x17D, 60},
	{0x181, 0x182, 60},
	{0x184, 0x184, 60},
	{0x186, 0x187, 60},
	{0x189, 0x18B, 60},
	{0x18E, 0x191, 60},
	{0x193, 0x194, 60},
	{0x196, 0x198, 60},
	{0x19C, 0x19D, 60},
	{0x19F, 0x1A0, 60},
	{0x1A2, 0x1A2, 60},
	{0x1A4, 0x1A4, 60},
	{0x1A6, 0x1A7, 60},
	{0x1A9, 0x1A9, 60},
	{0x1AC, 0x1AC, 60},
	{0x1AE, 0x1AF, 60},
	{0x1B1, 0x1B3, 60},
	{0x1B5, 0x1B5, 60},
	{0x1B7, 0x1B8, 60},
	{0x1BC, 0x1BC, 60},
	{0x1C4, 0x1C4, 60},
	{0x1C7, 0x1C7, 60},
	{0x1CA, 0x1CA, 60},
	{0x1CD, 0x1CD, 60},
	{0x1CF, 0x1CF, 60},
	{0x1D1, 0x1D1, 60},
	{0x1D3, 0x1D3, 60},
	{0x1D5, 0x1D5, 60},
	{0x1D7, 0x1D7, 60},
	{0x1D9, 0x1D9, 60},
	{0x1DB, 0x1DB, 60},
	{0x1DE, 0x1DE, 60},
	{0x1E0, 0x1E0, 60},
	{0x1E2, 0x1E2, 60},
	{0x1E4, 0x1E4, 60},
	{0x1E6, 0x1E6, 60},
	{0x1E8, 0x1E8, 60},
	{0x1EA, 0x1EA, 60},
	{0x1EC, 0x1EC, 60},
	{0x1EE, 0x1EE, 60},
	{0x1F1, 0x1F1, 60},
	{0x1F4, 0x1F4, 60},
	{0x1F6, 0x1F8, 60},
	{0x1FA, 0x1FA, 60},
	{0x1FC, 0x1FC, 60},
	{0x1FE, 0x1FE, 60},
	{0x200, 0x200, 60},
	{0x202, 0x202, 60},
	{0x204, 0x204, 60},
	{0x206, 0x206, 60},
	{0x208, 0x208, 60},
	{0x20A, 0x20A, 60},
	{0x20C, 0x20C, 60},
	{0x20E, 0x20E, 60},
	{0x210, 0x210, 60},
	{0x212, 0x212, 60},
	{0x214, 0x214, 60},
	{0x216, 0x216, 60},
	{0x218, 0x218, 60},
	{0x21A, 0x21A, 60},
	{0x21C, 0x21C, 60},
	{0x21E, 0x21E, 60},
	{0x220, 0x220, 60},
	{0x222, 0x222, 60},
	{0x224, 0x224, 60},
	{0x226, 0x226, 60},
	{0x228, 0x228, 60},
	{0x22A, 0x22A, 60},
	{0x22C, 0x22C, 60},
	{0x22E, 0x22E, 60},
	{0x230, 0x230, 60},
	{0x232, 0x232, 60},
	{0x23A, 0x23B, 60},
	{0x23D, 0x23E, 60},
	{0x241, 0x241, 60},
	{0x243, 0x246, 60},
	{0x248, 0x248, 60},
	{0x24A, 0x24A, 60},
	{0x24C, 0x24C, 60},
	{0x24E, 0x24E, 60},
	{0x370, 0x370, 60},
	{0x372, 0x372, 60},
	{0x376, 0x376, 60},
	{0x37F, 0x37F, 60},
	{0x386, 0x386, 60},
	{0x388, 0x38A, 60},
	{0x38C, 0x38C, 60},
	{0x38E, 0x38F, 60},
	{0x391, 0x3A1, 60},
	{0x3A3, 0x3AB, 60},
	{0x3CF, 0x3CF, 60},
	{0x3D2, 0x3D4, 60},
	{0x3D8, 0x3D8, 60},
	{0x3DA, 0x3DA, 60},
	{0x3DC, 0x3DC, 60},
	{0x3DE, 0x3DE, 60},
	{0x3E0, 0x3E0, 60},
	{0x3E2, 0x3E2, 60},
	{0x3E4, 0x3E4, 60},
	{0x3E6, 0x3E6, 60},
	{0x3E8, 0x3E8, 60},
	{0x3EA, 0x3EA, 60},
	{0x3EC, 0x3EC, 60},
	{0x3EE, 0x3EE, 60},
	{0x3F4, 0x3F4, 60},
	{0x3F7, 0x3F7, 60},
	{0x3F9, 0x3FA, 60},
	{0x3FD, 0x42F, 60},
	{0x460, 0x460, 60},
	{0x462, 0x462, 60},
	{0x464, 0x464, 60},
	{0x466, 0x466, 60},
	{0x468, 0x468, 60},
	{0x46A, 0x46A, 60},
	{0x46C, 0x46C, 60},
	{0x46E, 0x46E, 60},
	{0x470, 0x470, 60},
	{0x472, 0x472, 60},
	{0x474, 0x474, 60},
	{0x476, 0x476, 60},
	{0x478, 0x478, 60},
	{0x47A, 0x47A, 60},
	{0x47C, 0x47C, 60},
	{0x47E, 0x47E, 60},
	{0x480, 0x480, 60},
	{0x48A, 0x48A, 60},
	{0x48C, 0x48C, 60},
	{0x48E, 0x48E, 60},
	{0x490, 0x490, 60},
	{0x492, 0x492, 60},
	{0x494, 0x494, 60},
	{0x496, 0x496, 60},
	{0x498, 0x498, 60},
	{0x49A, 0x49A, 60},
	{0x49C, 0x49C, 60},
	{0x49E, 0x49E, 60},
	{0x4A0, 0x4A0, 60},
	{0x4A2, 0x4A2, 60},
	{0x4A4, 0x4A4, 60},
	{0x4A6, 0x4A6, 60},
	{0x4A8, 0x4A8, 60},
	{0x4AA, 0x4AA, 60},
	{0x4AC, 0x4AC, 60},
	{0x4AE, 0x4AE, 60},
	{0x4B0, 0x4B0, 60},
	{0x4B2, 0x4B2, 60},
	{0x4B4, 0x4B4, 60},
	{0x4B6, 0x4B6, 60},
	{0x4B8, 0x4B8, 60},
	{0x4BA, 0x4BA, 60},
	{0x4BC, 0x4BC, 60},
	{0x4BE, 0x4BE, 60},
	{0x4C0, 0x4C1, 60},
	{0x4C3, 0x4C3, 60},
	{0x4C5, 0x4C5, 60},
	{0x4C7, 0x4C7, 60},
	{0x4C9, 0x4C9, 60},
	{0x4CB, 0x4CB, 60},
	{0x4CD, 0x4CD, 60},
	{0x4D0, 0x4D0, 60},
	{0x4D2, 0x4D2, 60},
	{0x4D4, 0x4D4, 60},
	{0x4D6, 0x4D6, 60},
	{0x4D8, 0x4D8, 60},
	{0x4DA, 0x4DA, 60},
	{0x4DC, 0x4DC, 60},
	{0x4DE, 0x4DE, 60},
	{0x4E0, 0x4E0, 60},
	{0x4E2, 0x4E2, 60},
	{0x4E4, 0x4E4, 60},
	{0x4E6, 0x4E6, 60},
	{0x4E8, 0x4E8, 60},
	{0x4EA, 0x4EA, 60},
	{0x4EC, 0x4EC, 60},
	{0x4EE, 0x4EE, 60},
	{0x4F0, 0x4F0, 60},
	{0x4F2, 0x4F2, 60},
	{0x4F4, 0x4F4, 60},
	{0x4F6, 0x4F6, 60},
	{0x4F8, 0x4F8, 60},
	{0x4FA, 0x4FA, 60},
	{0x4FC, 0x4FC, 60},
	{0x4FE, 0x4FE, 60},
	{0x500, 0x500, 60},
	{0x502, 0x502, 60},
	{0x504, 0x504, 60},
	{0x506, 0x506, 60},
	{0x508, 0x508, 60},
	{0x50A, 0x50A, 60},
	{0x50C, 0x50C, 60},
	{0x50E, 0x50E, 60},
	{0x510, 0x510, 60},
	{0x512, 0x512, 60},
	{0x514, 0x514, 60},
	{0x516, 0x516, 60},
	{0x518, 0x518, 60},
	{0x51A, 0x51A, 60},
	{0x51C, 0x51C, 60},
	{0x51E, 0x51E, 60},
	{0x520, 0x520, 60},
	{0x522, 0x522, 60},
	{0x524, 0x524, 60},
	{0x526, 0x526, 60},
	{0x528, 0x528, 60},
	{0x52A, 0x52A, 60},
	{0x52C, 0x52C, 60},
	{0x52E, 0x52E, 60},
	{0x531, 0x556, 60},
	{0x10A0, 0x10C5, 60},
	{0x10C7, 0x10C7, 60},
	{0x10CD, 0x10CD, 60},
	{0x13A0, 0x13F5, 60},
	{0x1C89, 0x1C89, 60},
	{0x1C90, 0x1CBA, 60},
	{0x1CBD, 0x1CBF, 60},
	{0x1E00, 0x1E00, 60},
	{0x1E02, 0x1E02, 60},
	{0x1E04, 0x1E04, 60},
	{0x1E06, 0x1E06, 60},
	{0x1E08, 0x1E08, 60},
	{0x1E0A, 0x1E0A, 60},
	{0x1E0C, 0x1E0C, 60},
	{0x1E0E, 0x1E0E, 60},
	{0x1E10, 0x1E10, 60},
	{0x1E12, 0x1E12, 60},
	{0x1E14, 0x1E14, 60},
	{0x1E16, 0x1E16, 60},
	{0x1E18, 0x1E18, 60},
	{0x1E1A, 0x1E1A, 60},
	{0x1E1C, 0x1E1C, 60},
	{0x1E1E, 0x1E1E, 60},
	{0x1E20, 0x1E20, 60},
	{0x1E22, 0x1E22, 60},
	{0x1E24, 0x1E24, 60},
	{0x1E26, 0x1E26, 60},
	{0x1E28, 0x1E28, 60},
	{0x1E2A, 0x1E2A, 60},
	{0x1E2C, 0x1E2C, 60},
	{0x1E2E, 0x1E2E, 60},
	{0x1E30, 0x1E30, 60},
	{0x1E32, 0x1E32, 60},
	{0x1E34, 0x1E34, 60},
	{0x1E36, 0x1E36, 60},
	{0x1E38, 0x1E38, 60},
	{0x1E3A, 0x1E3A, 60},
	{0x1E3C, 0x1E3C, 60},
	{0x1E3E, 0x1E3E, 60},
	{0x1E40, 0x1E40, 60},
	{0x1E42, 0x1E42, 60},
	{0x1E44, 0x1E44, 60},
	{0x1E46, 0x1E46, 60},
	{0x1E48, 0x1E48, 60},
	{0x1E4A, 0x1E4A, 60},
	{0x1E4C, 0x1E4C, 60},
	{0x1E4E, 0x1E4E, 60},
	{0x1E50, 0x1E50, 60},
	{0x1E52, 0x1E52, 60},
	{0x1E54, 0x1E54, 60},
	{0x1E56, 0x1E56, 60},
	{0x1E58, 0x1E58, 60},
	{0x1E5A, 0x1E5A, 60},
	{0x1E5C, 0x1E5C, 60},
	{0x1E5E, 0x1E5E, 60},
	{0x1E60, 0x1E60, 60},
	{0x1E62, 0x1E62, 60},
	{0x1E64, 0x1E64, 60},
	{0x1E66, 0x1E66, 60},
	{0x1E68, 0x1E68, 60},
	{0x1E6A, 0x1E6A, 60},
	{0x1E6C, 0x1E6C, 60},
	{0x1E6E, 0x1E6E, 60},
	{0x1E70, 0x1E70, 60},
	{0x1E72, 0x1E72, 60},
	{0x1E74, 0x1E74, 60},
	{0x1E76, 0x1E76, 60},
	{0x1E78, 0x1E78, 60},
	{0x1E7A, 0x1E7A, 60},
	{0x1E7C, 0x1E7C, 60},
	{0x1E7E, 0x1E7E, 60},
	{0x1E80, 0x1E80, 60},
	{0x1E82, 0x1E82, 60},
	{0x1E84, 0x1E84, 60},
	{0x1E86, 0x1E86, 60},
	{0x1E88, 0x1E88, 60},
	{0x1E8A, 0x1E8A, 60},
	{0x1E8C, 0x1E8C, 60},
	{0x1E8E, 0x1E8E, 60},
	{0x1E90, 0x1E90, 60},
	{0x1E92, 0x1E92, 60},
	{0x1E94, 0x1E94, 60},
	{0x1E9E, 0x1E9E, 60},
	{0x1EA0, 0x1EA0, 60},
	{0x1EA2, 0x1EA2, 60},
	{0x1EA4, 0x1EA4, 60},
	{0x1EA6, 0x1EA6, 60},
	{0x1EA8, 0x1EA8, 60},
	{0x1EAA, 0x1EAA, 60},
	{0x1EAC, 0x1EAC, 60},
	{0x1EAE, 0x1EAE, 60},
	{0x1EB0, 0x1EB0, 60},
	{0x1EB2, 0x1EB2, 60},
	{0x1EB4, 0x1EB4, 60},
	{0x1EB6, 0x1EB6, 60},
	{0x1EB8, 0x1EB8, 60},
	{0x1EBA, 0x1EBA, 60},
	{0x1EBC, 0x1EBC, 60},
	{0x1EBE, 0x1EBE, 60},
	{0x1EC0, 0x1EC0, 60},
	{0x1EC2, 0x1EC2, 60},
	{0x1EC4, 0x1EC4, 60},
	{0x1EC6, 0x1EC6, 60},
	{0x1EC8, 0x1EC8, 60},
	{0x1ECA, 0x1ECA, 60},
	{0x1ECC, 0x1ECC, 60},
	{0x1ECE, 0x1ECE, 60},
	{0x1ED0, 0x1ED0, 60},
	{0x1ED2, 0x1ED2, 60},
	{0x1ED4, 0x1ED4, 60},
	{0x1ED6, 0x1ED6, 60},
	{0x1ED8, 0x1ED8, 60},
	{0x1EDA, 0x1EDA, 60},
	{0x1EDC, 0x1EDC, 60},
	{0x1EDE, 0x1EDE, 60},
	{0x1EE0, 0x1EE0, 60},
	{0x1EE2, 0x1EE2, 60},
	{0x1EE4, 0x1EE4, 60},
	{0x1EE6, 0x1EE6, 60},
	{0x1EE8, 0x1EE8, 60},
	{0x1EEA, 0x1EEA, 60},
	{0x1EEC, 0x1EEC, 60},
	{0x1EEE, 0x1EEE, 60},
	{0x1EF0, 0x1EF0, 60},
	{0x1EF2, 0x1EF2, 60},
	{0x1EF4, 0x1EF4, 60},
	{0x1EF6, 0x1EF6, 60},
	{0x1EF8, 0x1EF8, 60},
	{0x1EFA, 0x1EFA, 60},
	{0x1EFC, 0x1EFC, 60},
	{0x1EFE, 0x1EFE, 60},
	{0x1F08, 0x1F0F, 60},
	{0x1F18, 0x1F1D, 60},
	{0x1F28, 0x1F2F, 60},
	{0x1F38, 0x1F3F, 60},
	{0x1F48, 0x1F4D, 60},
	{0x1F59, 0x1F59, 60},
	{0x1F5B, 0x1F5B, 60},
	{0x1F5D, 0x1F5D, 60},
	{0x1F5F, 0x1F5F, 60},
	{0x1F68, 0x1F6F, 60},
	{0x1FB8, 0x1FBB, 60},
	{0x1FC8, 0x1FCB, 60},
	{0x1FD8, 0x1FDB, 60},
	{0x1FE8, 0x1FEC, 60},
	{0x1FF8, 0x1FFB, 60},
	{0x2102, 0x2102, 60},
	{0x2107, 0x2107, 60},
	{0x210B, 0x210D, 60},
	{0x2110, 0x2112, 60},
	{0x2115, 0x2115, 60},
	{0x2119, 0x211D, 60},
	{0x2124, 0x2124, 60},
	{0x2126, 0x2126, 60},
	{0x2128, 0x2128, 60},
	{0x212A, 0x212D, 60},
	{0x2130, 0x2133, 60},
	{0x213E, 0x213F, 60},
	{0x2145, 0x2145, 60},
	{0x2160, 0x216F, 60},
	{0x2183, 0x2183, 60},
	{0x24B6, 0x24CF, 60},
	{0x2C00, 0x2C2F, 60},
	{0x2C60, 0x2C60, 60},
	{0x2C62, 0x2C64, 60},
	{0x2C67, 0x2C67, 60},
	{0x2C69, 0x2C69, 60},
	{0x2C6B, 0x2C6B, 60},
	{0x2C6D, 0x2C70, 60},
	{0x2C72, 0x2C72, 60},
	{0x2C75, 0x2C75, 60},
	{0x2C7E, 0x2C80, 60},
	{0x2C82, 0x2C82, 60},
	{0x2C84, 0x2C84, 60},
	{0x2C86, 0x2C86, 60},
	{0x2C88, 0x2C88, 60},
	{0x2C8A, 0x2C8A, 60},
	{0x2C8C, 0x2C8C, 60},
	{0x2C8E, 0x2C8E, 60},
	{0x2C90, 0x2C90, 60},
	{0x2C92, 0x2C92, 60},
	{0x2C94, 0x2C94, 60},
	{0x2C96, 0x2C96, 60},
	{0x2C98, 0x2C98, 60},
	{0x2C9A, 0x2C9A, 60},
	{0x2C9C, 0x2C9C, 60},
	{0x2C9E, 0x2C9E, 60},
	{0x2CA0, 0x2CA0, 60},
	{0x2CA2, 0x2CA2, 60},
	{0x2CA4, 0x2CA4, 60},
	{0x2CA6, 0x2CA6, 60},
	{0x2CA8, 0x2CA8, 60},
	{0x2CAA, 0x2CAA, 60},
	{0x2CAC, 0x2CAC, 60},
	{0x2CAE, 0x2CAE, 60},
	{0x2CB0, 0x2CB0, 60},
	{0x2CB2, 0x2CB2, 60},
	{0x2CB4, 0x2CB4, 60},
	{0x2CB6, 0x2CB6, 60},
	{0x2CB8, 0x2CB8, 60},
	{0x2CBA, 0x2CBA, 60},
	{0x2CBC, 0x2CBC, 60},
	{0x2CBE, 0x2CBE, 60},
	{0x2CC0, 0x2CC0, 60},
	{0x2CC2, 0x2CC2, 60},
	{0x2CC4, 0x2CC4, 60},
	{0x2CC6, 0x2CC6, 60},
	{0x2CC8, 0x2CC8, 60},
	{0x2CCA, 0x2CCA, 60},
	{0x2CCC, 0x2CCC, 60},
	{0x2CCE, 0x2CCE, 60},
	{0x2CD0, 0x2CD0, 60},
	{0x2CD2, 0x2CD2, 60},
	{0x2CD4, 0x2CD4, 60},
	{0x2CD6, 0x2CD6, 60},
	{0x2CD8, 0x2CD8, 60},
	{0x2CDA, 0x2CDA, 60},
	{0x2CDC, 0x2CDC, 60},
	{0x2CDE, 0x2CDE, 60},
	{0x2CE0, 0x2CE0, 60},
	{0x2CE2, 0x2CE2, 60},
	{0x2CEB, 0x2CEB, 60},
	{0x2CED, 0x2CED, 60},
	{0x2CF2, 0x2CF2, 60},
	{0xA640, 0xA640, 60},
	{0xA642, 0xA642, 60},
	{0xA644, 0xA644, 60},
	{0xA646, 0xA646, 60},
	{0xA648, 0xA648, 60},
	{0xA64A, 0xA64A, 60},
	{0xA64C, 0xA64C, 60},
	{0xA64E, 0xA64E, 60},
	{0xA650, 0xA650, 60},
	{0xA652, 0xA652, 60},
	{0xA654, 0xA654, 60},
	{0xA656, 0xA656, 60},
	{0xA658, 0xA658, 60},
	{0xA65A, 0xA65A, 60},
	{0xA65C, 0xA65C, 60},
	{0xA65E, 0xA65E, 60},
	{0xA660, 0xA660, 60},
	{0xA662, 0xA662, 60},
	{0xA664, 0xA664, 60},
	{0xA666, 0xA666, 60},
	{0xA668, 0xA668, 60},
	{0xA66A, 0xA66A, 60},
	{0xA66C, 0xA66C, 60},
	{0xA680, 0xA680, 60},
	{0xA682, 0xA682, 60},
	{0xA684, 0xA684, 60},
	{0xA686, 0xA686, 60},
	{0xA688, 0xA688, 60},
	{0xA68A, 0xA68A, 60},
	{0xA68C, 0xA68C, 60},
	{0xA68E, 0xA68E, 60},
	{0xA690, 0xA690, 60},
	{0xA692, 0xA692, 60},
	{0xA694, 0xA694, 60},
	{0xA696, 0xA696, 60},
	{0xA698, 0xA698, 60},
	{0xA69A, 0xA69A, 60},
	{0xA722, 0xA722, 60},
	{0xA724, 0xA724, 60},
	{0xA726, 0xA726, 60},
	{0xA728, 0xA728, 60},
	{0xA72A, 0xA72A, 60},
	{0xA72C, 0xA72C, 60},
	{0xA72E, 0xA72E, 60},
	{0xA732, 0xA732, 60},
	{0xA734, 0xA734, 60},
	{0xA736, 0xA736, 60},
	{0xA738, 0xA738, 60},
	{0xA73A, 0xA73A, 60},
	{0xA73C, 0xA73C, 60},
	{0xA73E, 0xA73E, 60},
	{0xA740, 0xA740, 60},
	{0xA742, 0xA742, 60},
	{0xA744, 0xA744, 60},
	{0xA746, 0xA746, 60},
	{0xA748, 0xA748, 60},
	{0xA74A, 0xA74A, 60},
	{0xA74C, 0xA74C, 60},
	{0xA74E, 0xA74E, 60},
	{0xA750, 0xA750, 60},
	{0xA752, 0xA752, 60},
	{0xA754, 0xA754, 60},
	{0xA756, 0xA756, 60},
	{0xA758, 0xA758, 60},
	{0xA75A, 0xA75A, 60},
	{0xA75C, 0xA75C, 60},
	{0xA75E, 0xA75E, 60},
	{0xA760, 0xA760, 60},
	{0xA762, 0xA762, 60},
	{0xA764, 0xA764, 60},
	{0xA766, 0xA766, 60},
	{0xA768, 0xA768, 60},
	{0xA76A, 0xA76A, 60},
	{0xA76C, 0xA76C, 60},
	{0xA76E, 0xA76E, 60},
	{0xA779, 0xA779, 60},
	{0xA77B, 0xA77B, 60},
	{0xA77D, 0xA77E, 60},
	{0xA780, 0xA780, 60},
	{0xA782, 0xA782, 60},
	{0xA784, 0xA784, 60},
	{0xA786, 0xA786, 60},
	{0xA78B, 0xA78B, 60},
	{0xA78D, 0xA78D, 60},
	{0xA790, 0xA790, 60},
	{0xA792, 0xA792, 60},
	{0xA796, 0xA796, 60},
	{0xA798, 0xA798, 60},
	{0xA79A, 0xA79A, 60},
	{0xA79C, 0xA79C, 60},
	{0xA79E, 0xA79E, 60},
	{0xA7A0, 0xA7A0, 60},
	{0xA7A2, 0xA7A2, 60},
	{0xA7A4, 0xA7A4, 60},
	{0xA7A6, 0xA7A6, 60},
	{0xA7A8, 0xA7A8, 60},
	{0xA7AA, 0xA7AE, 60},
	{0xA7B0, 0xA7B4, 60},
	{0xA7B6, 0xA7B6, 60},
	{0xA7B8, 0xA7B8, 60},
	{0xA7BA, 0xA7BA, 60},
	{0xA7BC, 0xA7BC, 60},
	{0xA7BE, 0xA7BE, 60},
	{0xA7C0, 0xA7C0, 60},
	{0xA7C2, 0xA7C2, 60},
	{0xA7C4, 0xA7C7, 60},
	{0xA7C9, 0xA7C9, 60},
	{0xA7CB, 0xA7CC, 60},
	{0xA7CE, 0xA7CE, 60},
	{0xA7D0, 0xA7D0, 60},
	{0xA7D2, 0xA7D2, 60},
	{0xA7D4, 0xA7D4, 60},
	{0xA7D6, 0xA7D6, 60},
	{0xA7D8, 0xA7D8, 60},
	{0xA7DA, 0xA7DA, 60},
	{0xA7DC, 0xA7DC, 60},
	{0xA7F5, 0xA7F5, 60},
	{0xFF21, 0xFF3A, 60},
	{0x10400, 0x10427, 60},
	{0x104B0, 0x104D3, 60},
	{0x10570, 0x1057A, 60},
	{0x1057C, 0x1058A, 60},
	{0x1058C, 0x10592, 60},
	{0x10594, 0x10595, 60},
	{0x10C80, 0x10CB2, 60},
	{0x10D50, 0x10D65, 60},
	{0x118A0, 0x118BF, 60},
	{0x16E40, 0x16E5F, 60},
	{0x16EA0, 0x16EB8, 60},
	{0x1D400, 0x1D419, 60},
	{0x1D434, 0x1D44D, 60},
	{0x1D468, 0x1D481, 60},
	{0x1D49C, 0x1D49C, 60},
	{0x1D49E, 0x1D49F, 60},
	{0x1D4A2, 0x1D4A2, 60},
	{0x1D4A5, 0x1D4A6, 60},
	{0x1D4A9, 0x1D4AC, 60},
	{0x1D4AE, 0x1D4B5, 60},
	{0x1D4D0, 0x1D4E9, 60},
	{0x1D504, 0x1D505, 60},
	{0x1D507, 0x1D50A, 60},
	{0x1D50D, 0x1D514, 60},
	{0x1D516, 0x1D51C, 60},
	{0x1D538, 0x1D539, 60},
	{0x1D53B, 0x1D53E, 60},
	{0x1D540, 0x1D544, 60},
	{0x1D546, 0x1D546, 60},
	{0x1D54A, 0x1D550, 60},
	{0x1D56C, 0x1D585, 60},
	{0x1D5A0, 0x1D5B9, 60},
	{0x1D5D4, 0x1D5ED, 60},
	{0x1D608, 0x1D621, 60},
	{0x1D63C, 0x1D655, 60},
	{0x1D670, 0x1D689, 60},
	{0x1D6A8, 0x1D6C0, 60},
	{0x1D6E2, 0x1D6FA, 60},
	{0x1D71C, 0x1D734, 60},
	{0x1D756, 0x1D76E, 60},
	{0x1D790, 0x1D7A8, 60},
	{0x1D7CA, 0x1D7CA, 60},
	{0x1E900, 0x1E921, 60},
	{0x1F130, 0x1F149, 60},
	{0x1F150, 0x1F169, 60},
	{0x1F170, 0x1F189, 60},
	{0x180B, 0x180D, 61},
	{0x180F, 0x180F, 61},
	{0xFE00, 0xFE0F, 61},
	{0xE0100, 0xE01EF, 61},
	{0x9, 0xD, 62},
	{0x20, 0x20, 62},
	{0x85, 0x85, 62},
	{0xA0, 0xA0, 62},
	{0x1680, 0x1680, 62},
	{0x2000, 0x200A, 62},
	{0x2028, 0x2029, 62},
	{0x202F, 0x202F, 62},
	{0x205F, 0x205F, 62},
	{0x3000, 0x3000, 62},
	{0x30, 0x39, 63},
	{0x41, 0x5A, 63},
	{0x5F, 0x5F, 63},
	{0x61, 0x7A, 63},
	{0xAA, 0xAA, 63},
	{0xB5, 0xB5, 63},
	{0xB7, 0xB7, 63},
	{0xBA, 0xBA, 63},
	{0xC0, 0xD6, 63},
	{0xD8, 0xF6, 63},
	{0xF8, 0x2C1, 63},
	{0x2C6, 0x2D1, 63},
	{0x2E0, 0x2E4, 63},
	{0x2EC, 0x2EC, 63},
	{0x2EE, 0x2EE, 63},
	{0x300, 0x374, 63},
	{0x376, 0x377, 63},
	{0x37B, 0x37D, 63},
	{0x37F, 0x37F, 63},
	{0x386, 0x38A, 63},
	{0x38C, 0x38C, 63},
	{0x38E, 0x3A1, 63},
	{0x3A3, 0x3F5, 63},
	{0x3F7, 0x481, 63},
	{0x483, 0x487, 63},
	{0x48A, 0x52F, 63},
	{0x531, 0x556, 63},
	{0x559, 0x559, 63},
	{0x560, 0x588, 63},
	{0x591, 0x5BD, 63},
	{0x5BF, 0x5BF, 63},
	{0x5C1, 0x5C2, 63},
	{0x5C4, 0x5C5, 63},
	{0x5C7, 0x5C7, 63},
	{0x5D0, 0x5EA, 63},
	{0x5EF, 0x5F2, 63},
	{0x610, 0x61A, 63},
	{0x620, 0x669, 63},
	{0x66E, 0x6D3, 63},
	{0x6D5, 0x6DC, 63},
	{0x6DF, 0x6E8, 63},
	{0x6EA, 0x6FC, 63},
	{0x6FF, 0x6FF, 63},
	{0x710, 0x74A, 63},
	{0x74D, 0x7B1, 63},
	{0x7C0, 0x7F5, 63},
	{0x7FA, 0x7FA, 63},
	{0x7FD, 0x7FD, 63},
	{0x800, 0x82D, 63},
	{0x840, 0x85B, 63},
	{0x860, 0x86A, 63},
	{0x870, 0x887, 63},
	{0x889, 0x88F, 63},
	{0x897, 0x8E1, 63},
	{0x8E3, 0x963, 63},
	{0x966, 0x96F, 63},
	{0x971, 0x983, 63},
	{0x985, 0x98C, 63},
	{0x98F, 0x990, 63},
	{0x993, 0x9A8, 63},
	{0x9AA, 0x9B0, 63},
	{0x9B2, 0x9B2, 63},
	{0x9B6, 0x9B9, 63},
	{0x9BC, 0x9C4, 63},
	{0x9C7, 0x9C8, 63},
	{0x9CB, 0x9CE, 63},
	{0x9D7, 0x9D7, 63},
	{0x9DC, 0x9DD, 63},
	{0x9DF, 0x9E3, 63},
	{0x9E6, 0x9F1, 63},
	{0x9FC, 0x9FC, 63},
	{0x9FE, 0x9FE, 63},
	{0xA01, 0xA03, 63},
	{0xA05, 0xA0A, 63},
	{0xA0F, 0xA10, 63},
	{0xA13, 0xA28, 63},
	{0xA2A, 0xA30, 63},
	{0xA32, 0xA33, 63},
	{0xA35, 0xA36, 63},
	{0xA38, 0xA39, 63},
	{0xA3C, 0xA3C, 63},
	{0xA3E, 0xA42, 63},
	{0xA47, 0xA48, 63},
	{0xA4B, 0xA4D, 63},
	{0xA51, 0xA51, 63},
	{0xA59, 0xA5C, 63},
	{0xA5E, 0xA5E, 63},
	{0xA66, 0xA75, 63},
	{0xA81, 0xA83, 63},
	{0xA85, 0xA8D, 63},
	{0xA8F, 0xA91, 63},
	{0xA93, 0xAA8, 63},
	{0xAAA, 0xAB0, 63},
	{0xAB2, 0xAB3, 63},
	{0xAB5, 0xAB9, 63},
	{0xABC, 0xAC5, 63},
	{0xAC7, 0xAC9, 63},
	{0xACB, 0xACD, 63},
	{0xAD0, 0xAD0, 63},
	{0xAE0, 0xAE3, 63},
	{0xAE6, 0xAEF, 63},
	{0xAF9, 0xAFF, 63},
	{0xB01, 0xB03, 63},
	{0xB05, 0xB0C, 63},
	{0xB0F, 0xB10, 63},
	{0xB13, 0xB28, 63},
	{0xB2A, 0xB30, 63},
	{0xB32, 0xB33, 63},
	{0xB35, 0xB39, 63},
	{0xB3C, 0xB44, 63},
	{0xB47, 0xB48, 63},
	{0xB4B, 0xB4D, 63},
	{0xB55, 0xB57, 63},
	{0xB5C, 0xB5D, 63},
	{0xB5F, 0xB63, 63},
	{0xB66, 0xB6F, 63},
	{0xB71, 0xB71, 63},
	{0xB82, 0xB83, 63},
	{0xB85, 0xB8A, 63},
	{0xB8E, 0xB90, 63},
	{0xB92, 0xB95, 63},
	{0xB99, 0xB9A, 63},
	{0xB9C, 0xB9C, 63},
	{0xB9E, 0xB9F, 63},
	{0xBA3, 0xBA4, 63},
	{0xBA8, 0xBAA, 63},
	{0xBAE, 0xBB9, 63},
	{0xBBE, 0xBC2, 63},
	{0xBC6, 0xBC8, 63},
	{0xBCA, 0xBCD, 63},
	{0xBD0, 0xBD0, 63},
	{0xBD7, 0xBD7, 63},
	{0xBE6, 0xBEF, 63},
	{0xC00, 0xC0C, 63},
	{0xC0E, 0xC10, 63},
	{0xC12, 0xC28, 63},
	{0xC2A, 0xC39, 63},
	{0xC3C, 0xC44, 63},
	{0xC46, 0xC48, 63},
	{0xC4A, 0xC4D, 63},
	{0xC55, 0xC56, 63},
	{0xC58, 0xC5A, 63},
	{0xC5C, 0xC5D, 63},
	{0xC60, 0xC63, 63},
	{0xC66, 0xC6F, 63},
	{0xC80, 0xC83, 63},
	{0xC85, 0xC8C, 63},
	{0xC8E, 0xC90, 63},
	{0xC92, 0xCA8, 63},
	{0xCAA, 0xCB3, 63},
	{0xCB5, 0xCB9, 63},
	{0xCBC, 0xCC4, 63},
	{0xCC6, 0xCC8, 63},
	{0xCCA, 0xCCD, 63},
	{0xCD5, 0xCD6, 63},
	{0xCDC, 0xCDE, 63},
	{0xCE0, 0xCE3, 63},
	{0xCE6, 0xCEF, 63},
	{0xCF1, 0xCF3, 63},
	{0xD00, 0xD0C, 63},
	{0xD0E, 0xD10, 63},
	{0xD12, 0xD44, 63},
	{0xD46, 0xD48, 63},
	{0xD4A, 0xD4E, 63},
	{0xD54, 0xD57, 63},
	{0xD5F, 0xD63, 63},
	{0xD66, 0xD6F, 63},
	{0xD7A, 0xD7F, 63},
	{0xD81, 0xD83, 63},
	{0xD85, 0xD96, 63},
	{0xD9A, 0xDB1, 63},
	{0xDB3, 0xDBB, 63},
	{0xDBD, 0xDBD, 63},
	{0xDC0, 0xDC6, 63},
	{0xDCA, 0xDCA, 63},
	{0xDCF, 0xDD4, 63},
	{0xDD6, 0xDD6, 63},
	{0xDD8, 0xDDF, 63},
	{0xDE6, 0xDEF, 63},
	{0xDF2, 0xDF3, 63},
	{0xE01, 0xE3A, 63},
	{0xE40, 0xE4E, 63},
	{0xE50, 0xE59, 63},
	{0xE81, 0xE82, 63},
	{0xE84, 0xE84, 63},
	{0xE86, 0xE8A, 63},
	{0xE8C, 0xEA3, 63},
	{0xEA5, 0xEA5, 63},
	{0xEA7, 0xEBD, 63},
	{0xEC0, 0xEC4, 63},
	{0xEC6, 0xEC6, 63},
	{0xEC8, 0xECE, 63},
	{0xED0, 0xED9, 63},
	{0xEDC, 0xEDF, 63},
	{0xF00, 0xF00, 63},
	{0xF18, 0xF19, 63},
	{0xF20, 0xF29, 63},
	{0xF35, 0xF35, 63},
	{0xF37, 0xF37, 63},
	{0xF39, 0xF39, 63},
	{0xF3E, 0xF47, 63},
	{0xF49, 0xF6C, 63},
	{0xF71, 0xF84, 63},
	{0xF86, 0xF97, 63},
	{0xF99, 0xFBC, 63},
	{0xFC6, 0xFC6, 63},
	{0x1000, 0x1049, 63},
	{0x1050, 0x109D, 63},
	{0x10A0, 0x10C5, 63},
	{0x10C7, 0x10C7, 63},
	{0x10CD, 0x10CD, 63},
	{0x10D0, 0x10FA, 63},
	{0x10FC, 0x1248, 63},
	{0x124A, 0x124D, 63},
	{0x1250, 0x1256, 63},
	{0x1258, 0x1258, 63},
	{0x125A, 0x125D, 63},
	{0x1260, 0x1288, 63},
	{0x128A, 0x128D, 63},
	{0x1290, 0x12B0, 63},
	{0x12B2, 0x12B5, 63},
	{0x12B8, 0x12BE, 63},
	{0x12C0, 0x12C0, 63},
	{0x12C2, 0x12C5, 63},
	{0x12C8, 0x12D6, 63},
	{0x12D8, 0x1310, 63},
	{0x1312, 0x1315, 63},
	{0x1318, 0x135A, 63},
	{0x135D, 0x135F, 63},
	{0x1369, 0x1371, 63},
	{0x1380, 0x138F, 63},
	{0x13A0, 0x13F5, 63},
	{0x13F8, 0x13FD, 63},
	{0x1401, 0x166C, 63},
	{0x166F, 0x167F, 63},
	{0x1681, 0x169A, 63},
	{0x16A0, 0x16EA, 63},
	{0x16EE, 0x16F8, 63},
	{0x1700, 0x1715, 63},
	{0x171F, 0x1734, 63},
	{0x1740, 0x1753, 63},
	{0x1760, 0x176C, 63},
	{0x176E, 0x1770, 63},
	{0x1772, 0x1773, 63},
	{0x1780, 0x17D3, 63},
	{0x17D7, 0x17D7, 63},
	{0x17DC, 0x17DD, 63},
	{0x17E0, 0x17E9, 63},
	{0x180B, 0x180D, 63},
	{0x180F, 0x1819, 63},
	{0x1820, 0x1878, 63},
	{0x1880, 0x18AA, 63},
	{0x18B0, 0x18F5, 63},
	{0x1900, 0x191E, 63},
	{0x1920, 0x192B, 63},
	{0x1930, 0x193B, 63},
	{0x1946, 0x196D, 63},
	{0x1970, 0x1974, 63},
	{0x1980, 0x19AB, 63},
	{0x19B0, 0x19C9, 63},
	{0x19D0, 0x19DA, 63},
	{0x1A00, 0x1A1B, 63},
	{0x1A20, 0x1A5E, 63},
	{0x1A60, 0x1A7C, 63},
	{0x1A7F, 0x1A89, 63},
	{0x1A90, 0x1A99, 63},
	{0x1AA7, 0x1AA7, 63},
	{0x1AB0, 0x1ABD, 63},
	{0x1ABF, 0x1ADD, 63},
	{0x1AE0, 0x1AEB, 63},
	{0x1B00, 0x1B4C, 63},
	{0x1B50, 0x1B59, 63},
	{0x1B6B, 0x1B73, 63},
	{0x1B80, 0x1BF3, 63},
	{0x1C00, 0x1C37, 63},
	{0x1C40, 0x1C49, 63},
	{0x1C4D, 0x1C7D, 63},
	{0x1C80, 0x1C8A, 63},
	{0x1C90, 0x1CBA, 63},
	{0x1CBD, 0x1CBF, 63},
	{0x1CD0, 0x1CD2, 63},
	{0x1CD4, 0x1CFA, 63},
	{0x1D00, 0x1F15, 63},
	{0x1F18, 0x1F1D, 63},
	{0x1F20, 0x1F45, 63},
	{0x1F48, 0x1F4D, 63},
	{0x1F50, 0x1F57, 63},
	{0x1F59, 0x1F59, 63},
	{0x1F5B, 0x1F5B, 63},
	{0x1F5D, 0x1F5D, 63},
	{0x1F5F, 0x1F7D, 63},
	{0x1F80, 0x1FB4, 63},
	{0x1FB6, 0x1FBC, 63},
	{0x1FBE, 0x1FBE, 63},
	{0x1FC2, 0x1FC4, 63},
	{0x1FC6, 0x1FCC, 63},
	{0x1FD0, 0x1FD3, 63},
	{0x1FD6, 0x1FDB, 63},
	{0x1FE0, 0x1FEC, 63},
	{0x1FF2, 0x1FF4, 63},
	{0x1FF6, 0x1FFC, 63},
	{0x200C, 0x200D, 63},
	{0x203F, 0x2040, 63},
	{0x2054, 0x2054, 63},
	{0x2071, 0x2071, 63},
	{0x207F, 0x207F, 63},
	{0x2090, 0x209C, 63},
	{0x20D0, 0x20DC, 63},
	{0x20E1, 0x20E1, 63},
	{0x20E5, 0x20F0, 63},
	{0x2102, 0x2102, 63},
	{0x2107, 0x2107, 63},
	{0x210A, 0x2113, 63},
	{0x2115, 0x2115, 63},
	{0x2118, 0x211D, 63},
	{0x2124, 0x2124, 63},
	{0x2126, 0x2126, 63},
	{0x2128, 0x2128, 63},
	{0x212A, 0x2139, 63},
	{0x213C, 0x213F, 63},
	{0x2145, 0x2149, 63},
	{0x214E, 0x214E, 63},
	{0x2160, 0x2188, 63},
	{0x2C00, 0x2CE4, 63},
	{0x2CEB, 0x2CF3, 63},
	{0x2D00, 0x2D25, 63},
	{0x2D27, 0x2D27, 63},
	{0x2D2D, 0x2D2D, 63},
	{0x2D30, 0x2D67, 63},
	{0x2D6F, 0x2D6F, 63},
	{0x2D7F, 0x2D96, 63},
	{0x2DA0, 0x2DA6, 63},
	{0x2DA8, 0x2DAE, 63},
	{0x2DB0, 0x2DB6, 63},
	{0x2DB8, 0x2DBE, 63},
	{0x2DC0, 0x2DC6, 63},
	{0x2DC8, 0x2DCE, 63},
	{0x2DD0, 0x2DD6, 63},
	{0x2DD8, 0x2DDE, 63},
	{0x2DE0, 0x2DFF, 63},
	{0x3005, 0x3007, 63},
	{0x3021, 0x302F, 63},
	{0x3031, 0x3035, 63},
	{0x3038, 0x303C, 63},
	{0x3041, 0x3096, 63},
	{0x3099, 0x309A, 63},
	{0x309D, 0x309F, 63},
	{0x30A1, 0x30FF, 63},
	{0x3105, 0x312F, 63},
	{0x3131, 0x318E, 63},
	{0x31A0, 0x31BF, 63},
	{0x31F0, 0x31FF, 63},
	{0x3400, 0x4DBF, 63},
	{0x4E00, 0xA48C, 63},
	{0xA4D0, 0xA4FD, 63},
	{0xA500, 0xA60C, 63},
	{0xA610, 0xA62B, 63},
	{0xA640, 0xA66F, 63},
	{0xA674, 0xA67D, 63},
	{0xA67F, 0xA6F1, 63},
	{0xA717, 0xA71F, 63},
	{0xA722, 0xA788, 63},
	{0xA78B, 0xA7DC, 63},
	{0xA7F1, 0xA827, 63},
	{0xA82C, 0xA82C, 63},
	{0xA840, 0xA873, 63},
	{0xA880, 0xA8C5, 63},
	{0xA8D0, 0xA8D9, 63},
	{0xA8E0, 0xA8F7, 63},
	{0xA8FB, 0xA8FB, 63},
	{0xA8FD, 0xA92D, 63},
	{0xA930, 0xA953, 63},
	{0xA960, 0xA97C, 63},
	{0xA980, 0xA9C0, 63},
	{0xA9CF, 0xA9D9, 63},
	{0xA9E0, 0xA9FE, 63},
	{0xAA00, 0xAA36, 63},
	{0xAA40, 0xAA4D, 63},
	{0xAA50, 0xAA59, 63},
	{0xAA60, 0xAA76, 63},
	{0xAA7A, 0xAAC2, 63},
	{0xAADB, 0xAADD, 63},
	{0xAAE0, 0xAAEF, 63},
	{0xAAF2, 0xAAF6, 63},
	{0xAB01, 0xAB06, 63},
	{0xAB09, 0xAB0E, 63},
	{0xAB11, 0xAB16, 63},
	{0xAB20, 0xAB26, 63},
	{0xAB28, 0xAB2E, 63},
	{0xAB30, 0xAB5A, 63},
	{0xAB5C, 0xAB69, 63},
	{0xAB70, 0xABEA, 63},
	{0xABEC, 0xABED, 63},
	{0xABF0, 0xABF9, 63},
	{0xAC00, 0xD7A3, 63},
	{0xD7B0, 0xD7C6, 63},
	{0xD7CB, 0xD7FB, 63},
	{0xF900, 0xFA6D, 63},
	{0xFA70, 0xFAD9, 63},
	{0xFB00, 0xFB06, 63},
	{0xFB13, 0xFB17, 63},
	{0xFB1D, 0xFB28, 63},
	{0xFB2A, 0xFB36, 63},
	{0xFB38, 0xFB3C, 63},
	{0xFB3E, 0xFB3E, 63},
	{0xFB40, 0xFB41, 63},
	{0xFB43, 0xFB44, 63},
	{0xFB46, 0xFBB1, 63},
	{0xFBD3, 0xFC5D, 63},
	{0xFC64, 0xFD3D, 63},
	{0xFD50, 0xFD8F, 63},
	{0xFD92, 0xFDC7, 63},
	{0xFDF0, 0xFDF9, 63},
	{0xFE00, 0xFE0F, 63},
	{0xFE20, 0xFE2F, 63},
	{0xFE33, 0xFE34, 63},
	{0xFE4D, 0xFE4F, 63},
	{0xFE71, 0xFE71, 63},
	{0xFE73, 0xFE73, 63},
	{0xFE77, 0xFE77, 63},
	{0xFE79, 0xFE79, 63},
	{0xFE7B, 0xFE7B, 63},
	{0xFE7D, 0xFE7D, 63},
	{0xFE7F, 0xFEFC, 63},
	{0xFF10, 0xFF19, 63},
	{0xFF21, 0xFF3A, 63},
	{0xFF3F, 0xFF3F, 63},
	{0xFF41, 0xFF5A, 63},
	{0xFF65, 0xFFBE, 63},
	{0xFFC2, 0xFFC7, 63},
	{0xFFCA, 0xFFCF, 63},
	{0xFFD2, 0xFFD7, 63},
	{0xFFDA, 0xFFDC, 63},
	{0x10000, 0x1000B, 63},
	{0x1000D, 0x10026, 63},
	{0x10028, 0x1003A, 63},
	{0x1003C, 0x1003D, 63},
	{0x1003F, 0x1004D, 63},
	{0x10050, 0x1005D, 63},
	{0x10080, 0x100FA, 63},
	{0x10140, 0x10174, 63},
	{0x101FD, 0x101FD, 63},
	{0x10280, 0x1029C, 63},
	{0x102A0, 0x102D0, 63},
	{0x102E0, 0x102E0, 63},
	{0x10300, 0x1031F, 63},
	{0x1032D, 0x1034A, 63},
	{0x10350, 0x1037A, 63},
	{0x10380, 0x1039D, 63},
	{0x103A0, 0x103C3, 63},
	{0x103C8, 0x103CF, 63},
	{0x103D1, 0x103D5, 63},
	{0x10400, 0x1049D, 63},
	{0x104A0, 0x104A9, 63},
	{0x104B0, 0x104D3, 63},
	{0x104D8, 0x104FB, 63},
	{0x10500, 0x10527, 63},
	{0x10530, 0x10563, 63},
	{0x10570, 0x1057A, 63},
	{0x1057C, 0x1058A, 63},
	{0x1058C, 0x10592, 63},
	{0x10594, 0x10595, 63},
	{0x10597, 0x105A1, 63},
	{0x105A3, 0x105B1, 63},
	{0x105B3, 0x105B9, 63},
	{0x105BB, 0x105BC, 63},
	{0x105C0, 0x105F3, 63},
	{0x10600, 0x10736, 63},
	{0x10740, 0x10755, 63},
	{0x10760, 0x10767, 63},
	{0x10780, 0x10785, 63},
	{0x10787, 0x107B0, 63},
	{0x107B2, 0x107BA, 63},
	{0x10800, 0x10805, 63},
	{0x10808, 0x10808, 63},
	{0x1080A, 0x10835, 63},
	{0x10837, 0x10838, 63},
	{0x1083C, 0x1083C, 63},
	{0x1083F, 0x10855, 63},
	{0x10860, 0x10876, 63},
	{0x10880, 0x1089E, 63},
	{0x108E0, 0x108F2, 63},
	{0x108F4, 0x108F5, 63},
	{0x10900, 0x10915, 63},
	{0x10920, 0x10939, 63},
	{0x10940, 0x10959, 63},
	{0x10980, 0x109B7, 63},
	{0x109BE, 0x109BF, 63},
	{0x10A00, 0x10A03, 63},
	{0x10A05, 0x10A06, 63},
	{0x10A0C, 0x10A13, 63},
	{0x10A15, 0x10A17, 63},
	{0x10A19, 0x10A35, 63},
	{0x10A38, 0x10A3A, 63},
	{0x10A3F, 0x10A3F, 63},
	{0x10A60, 0x10A7C, 63},
	{0x10A80, 0x10A9C, 63},
	{0x10AC0, 0x10AC7, 63},
	{0x10AC9, 0x10AE6, 63},
	{0x10B00, 0x10B35, 63},
	{0x10B40, 0x10B55, 63},
	{0x10B60, 0x10B72, 63},
	{0x10B80, 0x10B91, 63},
	{0x10C00, 0x10C48, 63},
	{0x10C80, 0x10CB2, 63},
	{0x10CC0, 0x10CF2, 63},
	{0x10D00, 0x10D27, 63},
	{0x10D30, 0x10D39, 63},
	{0x10D40, 0x10D65, 63},
	{0x10D69, 0x10D6D, 63},
	{0x10D6F, 0x10D85, 63},
	{0x10E80, 0x10EA9, 63},
	{0x10EAB, 0x10EAC, 63},
	{0x10EB0, 0x10EB1, 63},
	{0x10EC2, 0x10EC7, 63},
	{0x10EFA, 0x10F1C, 63},
	{0x10F27, 0x10F27, 63},
	{0x10F30, 0x10F50, 63},
	{0x10F70, 0x10F85, 63},
	{0x10FB0, 0x10FC4, 63},
	{0x10FE0, 0x10FF6, 63},
	{0x11000, 0x11046, 63},
	{0x11066, 0x11075, 63},
	{0x1107F, 0x110BA, 63},
	{0x110C2, 0x110C2, 63},
	{0x110D0, 0x110E8, 63},
	{0x110F0, 0x110F9, 63},
	{0x11100, 0x11134, 63},
	{0x11136, 0x1113F, 63},
	{0x11144, 0x11147, 63},
	{0x11150, 0x11173, 63},
	{0x11176, 0x11176, 63},
	{0x11180, 0x111C4, 63},
	{0x111C9, 0x111CC, 63},
	{0x111CE, 0x111DA, 63},
	{0x111DC, 0x111DC, 63},
	{0x11200, 0x11211, 63},
	{0x11213, 0x11237, 63},
	{0x1123E, 0x11241, 63},
	{0x11280, 0x11286, 63},
	{0x11288, 0x11288, 63},
	{0x1128A, 0x1128D, 63},
	{0x1128F, 0x1129D, 63},
	{0x1129F, 0x112A8, 63},
	{0x112B0, 0x112EA, 63},
	{0x112F0, 0x112F9, 63},
	{0x11300, 0x11303, 63},
	{0x11305, 0x1130C, 63},
	{0x1130F, 0x11310, 63},
	{0x11313, 0x11328, 63},
	{0x1132A, 0x11330, 63},
	{0x11332, 0x11333, 63},
	{0x11335, 0x11339, 63},
	{0x1133B, 0x11344, 63},
	{0x11347, 0x11348, 63},
	{0x1134B, 0x1134D, 63},
	{0x11350, 0x11350, 63},
	{0x11357, 0x11357, 63},
	{0x1135D, 0x11363, 63},
	{0x11366, 0x1136C, 63},
	{0x11370, 0x11374, 63},
	{0x11380, 0x11389, 63},
	{0x1138B, 0x1138B, 63},
	{0x1138E, 0x1138E, 63},
	{0x11390, 0x113B5, 63},
	{0x113B7, 0x113C0, 63},
	{0x113C2, 0x113C2, 63},
	{0x113C5, 0x113C5, 63},
	{0x113C7, 0x113CA, 63},
	{0x113CC, 0x113D3, 63},
	{0x113E1, 0x113E2, 63},
	{0x11400, 0x1144A, 63},
	{0x11450, 0x11459, 63},
	{0x1145E, 0x11461, 63},
	{0x11480, 0x114C5, 63},
	{0x114C7, 0x114C7, 63},
	{0x114D0, 0x114D9, 63},
	{0x11580, 0x115B5, 63},
	{0x115B8, 0x115C0, 63},
	{0x115D8, 0x115DD, 63},
	{0x11600, 0x11640, 63},
	{0x11644, 0x11644, 63},
	{0x11650, 0x11659, 63},
	{0x11680, 0x116B8, 63},
	{0x116C0, 0x116C9, 63},
	{0x116D0, 0x116E3, 63},
	{0x11700, 0x1171A, 63},
	{0x1171D, 0x1172B, 63},
	{0x11730, 0x11739, 63},
	{0x11740, 0x11746, 63},
	{0x11800, 0x1183A, 63},
	{0x118A0, 0x118E9, 63},
	{0x118FF, 0x11906, 63},
	{0x11909, 0x11909, 63},
	{0x1190C, 0x11913, 63},
	{0x11915, 0x11916, 63},
	{0x11918, 0x11935, 63},
	{0x11937, 0x11938, 63},
	{0x1193B, 0x11943, 63},
	{0x11950, 0x11959, 63},
	{0x119A0, 0x119A7, 63},
	{0x119AA, 0x119D7, 63},
	{0x119DA, 0x119E1, 63},
	{0x119E3, 0x119E4, 63},
	{0x11A00, 0x11A3E, 63},
	{0x11A47, 0x11A47, 63},
	{0x11A50, 0x11A99, 63},
	{0x11A9D, 0x11A9D, 63},
	{0x11AB0, 0x11AF8, 63},
	{0x11B60, 0x11B67, 63},
	{0x11BC0, 0x11BE0, 63},
	{0x11BF0, 0x11BF9, 63},
	{0x11C00, 0x11C08, 63},
	{0x11C0A, 0x11C36, 63},
	{0x11C38, 0x11C40, 63},
	{0x11C50, 0x11C59, 63},
	{0x11C72, 0x11C8F, 63},
	{0x11C92, 0x11CA7, 63},
	{0x11CA9, 0x11CB6, 63},
	{0x11D00, 0x11D06, 63},
	{0x11D08, 0x11D09, 63},
	{0x11D0B, 0x11D36, 63},
	{0x11D3A, 0x11D3A, 63},
	{0x11D3C, 0x11D3D, 63},
	{0x11D3F, 0x11D47, 63},
	{0x11D50, 0x11D59, 63},
	{0x11D60, 0x11D65, 63},
	{0x11D67, 0x11D68, 63},
	{0x11D6A, 0x11D8E, 63},
	{0x11D90, 0x11D91, 63},
	{0x11D93, 0x11D98, 63},
	{0x11DA0, 0x11DA9, 63},
	{0x11DB0, 0x11DDB, 63},
	{0x11DE0, 0x11DE9, 63},
	{0x11EE0, 0x11EF6, 63},
	{0x11F00, 0x11F10, 63},
	{0x11F12, 0x11F3A, 63},
	{0x11F3E, 0x11F42, 63},
	{0x11F50, 0x11F5A, 63},
	{0x11FB0, 0x11FB0, 63},
	{0x12000, 0x12399, 63},
	{0x12400, 0x1246E, 63},
	{0x12480, 0x12543, 63},
	{0x12F90, 0x12FF0, 63},
	{0x13000, 0x1342F, 63},
	{0x13440, 0x13455, 63},
	{0x13460, 0x143FA, 63},
	{0x14400, 0x14646, 63},
	{0x16100, 0x16139, 63},
	{0x16800, 0x16A38, 63},
	{0x16A40, 0x16A5E, 63},
	{0x16A60, 0x16A69, 63},
	{0x16A70, 0x16ABE, 63},
	{0x16AC0, 0x16AC9, 63},
	{0x16AD0, 0x16AED, 63},
	{0x16AF0, 0x16AF4, 63},
	{0x16B00, 0x16B36, 63},
	{0x16B40, 0x16B43, 63},
	{0x16B50, 0x16B59, 63},
	{0x16B63, 0x16B77, 63},
	{0x16B7D, 0x16B8F, 63},
	{0x16D40, 0x16D6C, 63},
	{0x16D70, 0x16D79, 63},
	{0x16E40, 0x16E7F, 63},
	{0x16EA0, 0x16EB8, 63},
	{0x16EBB, 0x16ED3, 63},
	{0x16F00, 0x16F4A, 63},
	{0x16F4F, 0x16F87, 63},
	{0x16F8F, 0x16F9F, 63},
	{0x16FE0, 0x16FE1, 63},
	{0x16FE3, 0x16FE4, 63},
	{0x16FF0, 0x16FF6, 63},
	{0x17000, 0x18CD5, 63},
	{0x18CFF, 0x18D1E, 63},
	{0x18D80, 0x18DF2, 63},
	{0x1AFF0, 0x1AFF3, 63},
	{0x1AFF5, 0x1AFFB, 63},
	{0x1AFFD, 0x1AFFE, 63},
	{0x1B000, 0x1B122, 63},
	{0x1B132, 0x1B132, 63},
	{0x1B150, 0x1B152, 63},
	{0x1B155, 0x1B155, 63},
	{0x1B164, 0x1B167, 63},
	{0x1B170, 0x1B2FB, 63},
	{0x1BC00, 0x1BC6A, 63},
	{0x1BC70, 0x1BC7C, 63},
	{0x1BC80, 0x1BC88, 63},
	{0x1BC90, 0x1BC99, 63},
	{0x1BC9D, 0x1BC9E, 63},
	{0x1CCF0, 0x1CCF9, 63},
	{0x1CF00, 0x1CF2D, 63},
	{0x1CF30, 0x1CF46, 63},
	{0x1D165, 0x1D169, 63},
	{0x1D16D, 0x1D172, 63},
	{0x1D17B, 0x1D182, 63},
	{0x1D185, 0x1D18B, 63},
	{0x1D1AA, 0x1D1AD, 63},
	{0x1D242, 0x1D244, 63},
	{0x1D400, 0x1D454, 63},
	{0x1D456, 0x1D49C, 63},
	{0x1D49E, 0x1D49F, 63},
	{0x1D4A2, 0x1D4A2, 63},
	{0x1D4A5, 0x1D4A6, 63},
	{0x1D4A9, 0x1D4AC, 63},
	{0x1D4AE, 0x1D4B9, 63},
	{0x1D4BB, 0x1D4BB, 63},
	{0x1D4BD, 0x1D4C3, 63},
	{0x1D4C5, 0x1D505, 63},
	{0x1D507, 0x1D50A, 63},
	{0x1D50D, 0x1D514, 63},
	{0x1D516, 0x1D51C, 63},
	{0x1D51E, 0x1D539, 63},
	{0x1D53B, 0x1D53E, 63},
	{0x1D540, 0x1D544, 63},
	{0x1D546, 0x1D546, 63},
	{0x1D54A, 0x1D550, 63},
	{0x1D552, 0x1D6A5, 63},
	{0x1D6A8, 0x1D6C0, 63},
	{0x1D6C2, 0x1D6DA, 63},
	{0x1D6DC, 0x1D6FA, 63},
	{0x1D6FC, 0x1D714, 63},
	{0x1D716, 0x1D734, 63},
	{0x1D736, 0x1D74E, 63},
	{0x1D750, 0x1D76E, 63},
	{0x1D770, 0x1D788, 63},
	{0x1D78A, 0x1D7A8, 63},
	{0x1D7AA, 0x1D7C2, 63},
	{0x1D7C4, 0x1D7CB, 63},
	{0x1D7CE, 0x1D7FF, 63},
	{0x1DA00, 0x1DA36, 63},
	{0x1DA3B, 0x1DA6C, 63},
	{0x1DA75, 0x1DA75, 63},
	{0x1DA84, 0x1DA84, 63},
	{0x1DA9B, 0x1DA9F, 63},
	{0x1DAA1, 0x1DAAF, 63},
	{0x1DF00, 0x1DF1E, 63},
	{0x1DF25, 0x1DF2A, 63},
	{0x1E000, 0x1E006, 63},
	{0x1E008, 0x1E018, 63},
	{0x1E01B, 0x1E021, 63},
	{0x1E023, 0x1E024, 63},
	{0x1E026, 0x1E02A, 63},
	{0x1E030, 0x1E06D, 63},
	{0x1E08F, 0x1E08F, 63},
	{0x1E100, 0x1E12C, 63},
	{0x1E130, 0x1E13D, 63},
	{0x1E140, 0x1E149, 63},
	{0x1E14E, 0x1E14E, 63},
	{0x1E290, 0x1E2AE, 63},
	{0x1E2C0, 0x1E2F9, 63},
	{0x1E4D0, 0x1E4F9, 63},
	{0x1E5D0, 0x1E5FA, 63},
	{0x1E6C0, 0x1E6DE, 63},
	{0x1E6E0, 0x1E6F5, 63},
	{0x1E6FE, 0x1E6FF, 63},
	{0x1E7E0, 0x1E7E6, 63},
	{0x1E7E8, 0x1E7EB, 63},
	{0x1E7ED, 0x1E7EE, 63},
	{0x1E7F0, 0x1E7FE, 63},
	{0x1E800, 0x1E8C4, 63},
	{0x1E8D0, 0x1E8D6, 63},
	{0x1E900, 0x1E94B, 63},
	{0x1E950, 0x1E959, 63},
	{0x1EE00, 0x1EE03, 63},
	{0x1EE05, 0x1EE1F, 63},
	{0x1EE21, 0x1EE22, 63},
	{0x1EE24, 0x1EE24, 63},
	{0x1EE27, 0x1EE27, 63},
	{0x1EE29, 0x1EE32, 63},
	{0x1EE34, 0x1EE37, 63},
	{0x1EE39, 0x1EE39, 63},
	{0x1EE3B, 0x1EE3B, 63},
	{0x1EE42, 0x1EE42, 63},
	{0x1EE47, 0x1EE47, 63},
	{0x1EE49, 0x1EE49, 63},
	{0x1EE4B, 0x1EE4B, 63},
	{0x1EE4D, 0x1EE4F, 63},
	{0x1EE51, 0x1EE52, 63},
	{0x1EE54, 0x1EE54, 63},
	{0x1EE57, 0x1EE57, 63},
	{0x1EE59, 0x1EE59, 63},
	{0x1EE5B, 0x1EE5B, 63},
	{0x1EE5D, 0x1EE5D, 63},
	{0x1EE5F, 0x1EE5F, 63},
	{0x1EE61, 0x1EE62, 63},
	{0x1EE64, 0x1EE64, 63},
	{0x1EE67, 0x1EE6A, 63},
	{0x1EE6C, 0x1EE72, 63},
	{0x1EE74, 0x1EE77, 63},
	{0x1EE79, 0x1EE7C, 63},
	{0x1EE7E, 0x1EE7E, 63},
	{0x1EE80, 0x1EE89, 63},
	{0x1EE8B, 0x1EE9B, 63},
	{0x1EEA1, 0x1EEA3, 63},
	{0x1EEA5, 0x1EEA9, 63},
	{0x1EEAB, 0x1EEBB, 63},
	{0x1FBF0, 0x1FBF9, 63},
	{0x20000, 0x2A6DF, 63},
	{0x2A700, 0x2B81D, 63},
	{0x2B820, 0x2CEAD, 63},
	{0x2CEB0, 0x2EBE0, 63},
	{0x2EBF0, 0x2EE5D, 63},
	{0x2F800, 0x2FA1D, 63},
	{0x30000, 0x3134A, 63},
	{0x31350, 0x33479, 63},
	{0xE0100, 0xE01EF, 63},
	{0x41, 0x5A, 64},
	{0x61, 0x7A, 64},
	{0xAA, 0xAA, 64},
	{0xB5, 0xB5, 64},
	{0xBA, 0xBA, 64},
	{0xC0, 0xD6, 64},
	{0xD8, 0xF6, 64},
	{0xF8, 0x2C1, 64},
	{0x2C6, 0x2D1, 64},
	{0x2E0, 0x2E4, 64},
	{0x2EC, 0x2EC, 64},
	{0x2EE, 0x2EE, 64},
	{0x370, 0x374, 64},
	{0x376, 0x377, 64},
	{0x37B, 0x37D, 64},
	{0x37F, 0x37F, 64},
	{0x386, 0x386, 64},
	{0x388, 0x38A, 64},
	{0x38C, 0x38C, 64},
	{0x38E, 0x3A1, 64},
	{0x3A3, 0x3F5, 64},
	{0x3F7, 0x481, 64},
	{0x48A, 0x52F, 64},
	{0x531, 0x556, 64},
	{0x559, 0x559, 64},
	{0x560, 0x588, 64},
	{0x5D0, 0x5EA, 64},
	{0x5EF, 0x5F2, 64},
	{0x620, 0x64A, 64},
	{0x66E, 0x66F, 64},
	{0x671, 0x6D3, 64},
	{0x6D5, 0x6D5, 64},
	{0x6E5, 0x6E6, 64},
	{0x6EE, 0x6EF, 64},
	{0x6FA, 0x6FC, 64},
	{0x6FF, 0x6FF, 64},
	{0x710, 0x710, 64},
	{0x712, 0x72F, 64},
	{0x74D, 0x7A5, 64},
	{0x7B1, 0x7B1, 64},
	{0x7CA, 0x7EA, 64},
	{0x7F4, 0x7F5, 64},
	{0x7FA, 0x7FA, 64},
	{0x800, 0x815, 64},
	{0x81A, 0x81A, 64},
	{0x824, 0x824, 64},
	{0x828, 0x828, 64},
	{0x840, 0x858, 64},
	{0x860, 0x86A, 64},
	{0x870, 0x887, 64},
	{0x889, 0x88F, 64},
	{0x8A0, 0x8C9, 64},
	{0x904, 0x939, 64},
	{0x93D, 0x93D, 64},
	{0x950, 0x950, 64},
	{0x958, 0x961, 64},
	{0x971, 0x980, 64},
	{0x985, 0x98C, 64},
	{0x98F, 0x990, 64},
	{0x993, 0x9A8, 64},
	{0x9AA, 0x9B0, 64},
	{0x9B2, 0x9B2, 64},
	{0x9B6, 0x9B9, 64},
	{0x9BD, 0x9BD, 64},
	{0x9CE, 0x9CE, 64},
	{0x9DC, 0x9DD, 64},
	{0x9DF, 0x9E1, 64},
	{0x9F0, 0x9F1, 64},
	{0x9FC, 0x9FC, 64},
	{0xA05, 0xA0A, 64},
	{0xA0F, 0xA10, 64},
	{0xA13, 0xA28, 64},
	{0xA2A, 0xA30, 64},
	{0xA32, 0xA33, 64},
	{0xA35, 0xA36, 64},
	{0xA38, 0xA39, 64},
	{0xA59, 0xA5C, 64},
	{0xA5E, 0xA5E, 64},
	{0xA72, 0xA74, 64},
	{0xA85, 0xA8D, 64},
	{0xA8F, 0xA91, 64},
	{0xA93, 0xAA8, 64},
	{0xAAA, 0xAB0, 64},
	{0xAB2, 0xAB3, 64},
	{0xAB5, 0xAB9, 64},
	{0xABD, 0xABD, 64},
	{0xAD0, 0xAD0, 64},
	{0xAE0, 0xAE1, 64},
	{0xAF9, 0xAF9, 64},
	{0xB05, 0xB0C, 64},
	{0xB0F, 0xB10, 64},
	{0xB13, 0xB28, 64},
	{0xB2A, 0xB30, 64},
	{0xB32, 0xB33, 64},
	{0xB35, 0xB39, 64},
	{0xB3D, 0xB3D, 64},
	{0xB5C, 0xB5D, 64},
	{0xB5F, 0xB61, 64},
	{0xB71, 0xB71, 64},
	{0xB83, 0xB83, 64},
	{0xB85, 0xB8A, 64},
	{0xB8E, 0xB90, 64},
	{0xB92, 0xB95, 64},
	{0xB99, 0xB9A, 64},
	{0xB9C, 0xB9C, 64},
	{0xB9E, 0xB9F, 64},
	{0xBA3, 0xBA4, 64},
	{0xBA8, 0xBAA, 64},
	{0xBAE, 0xBB9, 64},
	{0xBD0, 0xBD0, 64},
	{0xC05, 0xC0C, 64},
	{0xC0E, 0xC10, 64},
	{0xC12, 0xC28, 64},
	{0xC2A, 0xC39, 64},
	{0xC3D, 0xC3D, 64},
	{0xC58, 0xC5A, 64},
	{0xC5C, 0xC5D, 64},
	{0xC60, 0xC61, 64},
	{0xC80, 0xC80, 64},
	{0xC85, 0xC8C, 64},
	{0xC8E, 0xC90, 64},
	{0xC92, 0xCA8, 64},
	{0xCAA, 0xCB3, 64},
	{0xCB5, 0xCB9, 64},
	{0xCBD, 0xCBD, 64},
	{0xCDC, 0xCDE, 64},
	{0xCE0, 0xCE1, 64},
	{0xCF1, 0xCF2, 64},
	{0xD04, 0xD0C, 64},
	{0xD0E, 0xD10, 64},
	{0xD12, 0xD3A, 64},
	{0xD3D, 0xD3D, 64},
	{0xD4E, 0xD4E, 64},
	{0xD54, 0xD56, 64},
	{0xD5F, 0xD61, 64},
	{0xD7A, 0xD7F, 64},
	{0xD85, 0xD96, 64},
	{0xD9A, 0xDB1, 64},
	{0xDB3, 0xDBB, 64},
	{0xDBD, 0xDBD, 64},
	{0xDC0, 0xDC6, 64},
	{0xE01, 0xE30, 64},
	{0xE32, 0xE32, 64},
	{0xE40, 0xE46, 64},
	{0xE81, 0xE82, 64},
	{0xE84, 0xE84, 64},
	{0xE86, 0xE8A, 64},
	{0xE8C, 0xEA3, 64},
	{0xEA5, 0xEA5, 64},
	{0xEA7, 0xEB0, 64},
	{0xEB2, 0xEB2, 64},
	{0xEBD, 0xEBD, 64},
	{0xEC0, 0xEC4, 64},
	{0xEC6, 0xEC6, 64},
	{0xEDC, 0xEDF, 64},
	{0xF00, 0xF00, 64},
	{0xF40, 0xF47, 64},
	{0xF49, 0xF6C, 64},
	{0xF88, 0xF8C, 64},
	{0x1000, 0x102A, 64},
	{0x103F, 0x103F, 64},
	{0x1050, 0x1055, 64},
	{0x105A, 0x105D, 64},
	{0x1061, 0x1061, 64},
	{0x1065, 0x1066, 64},
	{0x106E, 0x1070, 64},
	{0x1075, 0x1081, 64},
	{0x108E, 0x108E, 64},
	{0x10A0, 0x10C5, 64},
	{0x10C7, 0x10C7, 64},
	{0x10CD, 0x10CD, 64},
	{0x10D0, 0x10FA, 64},
	{0x10FC, 0x1248, 64},
	{0x124A, 0x124D, 64},
	{0x1250, 0x1256, 64},
	{0x1258, 0x1258, 64},
	{0x125A, 0x125D, 64},
	{0x1260, 0x1288, 64},
	{0x128A, 0x128D, 64},
	{0x1290, 0x12B0, 64},
	{0x12B2, 0x12B5, 64},
	{0x12B8, 0x12BE, 64},
	{0x12C0, 0x12C0, 64},
	{0x12C2, 0x12C5, 64},
	{0x12C8, 0x12D6, 64},
	{0x12D8, 0x1310, 64},
	{0x1312, 0x1315, 64},
	{0x1318, 0x135A, 64},
	{0x1380, 0x138F, 64},
	{0x13A0, 0x13F5, 64},
	{0x13F8, 0x13FD, 64},
	{0x1401, 0x166C, 64},
	{0x166F, 0x167F, 64},
	{0x1681, 0x169A, 64},
	{0x16A0, 0x16EA, 64},
	{0x16EE, 0x16F8, 64},
	{0x1700, 0x1711, 64},
	{0x171F, 0x1731, 64},
	{0x1740, 0x1751, 64},
	{0x1760, 0x176C, 64},
	{0x176E, 0x1770, 64},
	{0x1780, 0x17B3, 64},
	{0x17D7, 0x17D7, 64},
	{0x17DC, 0x17DC, 64},
	{0x1820, 0x1878, 64},
	{0x1880, 0x18A8, 64},
	{0x18AA, 0x18AA, 64},
	{0x18B0, 0x18F5, 64},
	{0x1900, 0x191E, 64},
	{0x1950, 0x196D, 64},
	{0x1970, 0x1974, 64},
	{0x1980, 0x19AB, 64},
	{0x19B0, 0x19C9, 64},
	{0x1A00, 0x1A16, 64},
	{0x1A20, 0x1A54, 64},
	{0x1AA7, 0x1AA7, 64},
	{0x1B05, 0x1B33, 64},
	{0x1B45, 0x1B4C, 64},
	{0x1B83, 0x1BA0, 64},
	{0x1BAE, 0x1BAF, 64},
	{0x1BBA, 0x1BE5, 64},
	{0x1C00, 0x1C23, 64},
	{0x1C4D, 0x1C4F, 64},
	{0x1C5A, 0x1C7D, 64},
	{0x1C80, 0x1C8A, 64},
	{0x1C90, 0x1CBA, 64},
	{0x1CBD, 0x1CBF, 64},
	{0x1CE9, 0x1CEC, 64},
	{0x1CEE, 0x1CF3, 64},
	{0x1CF5, 0x1CF6, 64},
	{0x1CFA, 0x1CFA, 64},
	{0x1D00, 0x1DBF, 64},
	{0x1E00, 0x1F15, 64},
	{0x1F18, 0x1F1D, 64},
	{0x1F20, 0x1F45, 64},
	{0x1F48, 0x1F4D, 64},
	{0x1F50, 0x1F57, 64},
	{0x1F59, 0x1F59, 64},
	{0x1F5B, 0x1F5B, 64},
	{0x1F5D, 0x1F5D, 64},
	{0x1F5F, 0x1F7D, 64},
	{0x1F80, 0x1FB4, 64},
	{0x1FB6, 0x1FBC, 64},
	{0x1FBE, 0x1FBE, 64},
	{0x1FC2, 0x1FC4, 64},
	{0x1FC6, 0x1FCC, 64},
	{0x1FD0, 0x1FD3, 64},
	{0x1FD6, 0x1FDB, 64},
	{0x1FE0, 0x1FEC, 64},
	{0x1FF2, 0x1FF4, 64},
	{0x1FF6, 0x1FFC, 64},
	{0x2071, 0x2071, 64},
	{0x207F, 0x207F, 64},
	{0x2090, 0x209C, 64},
	{0x2102, 0x2102, 64},
	{0x2107, 0x2107, 64},
	{0x210A, 0x2113, 64},
	{0x2115, 0x2115, 64},
	{0x2118, 0x211D, 64},
	{0x2124, 0x2124, 64},
	{0x2126, 0x2126, 64},
	{0x2128, 0x2128, 64},
	{0x212A, 0x2139, 64},
	{0x213C, 0x213F, 64},
	{0x2145, 0x2149, 64},
	{0x214E, 0x214E, 64},
	{0x2160, 0x2188, 64},
	{0x2C00, 0x2CE4, 64},
	{0x2CEB, 0x2CEE, 64},
	{0x2CF2, 0x2CF3, 64},
	{0x2D00, 0x2D25, 64},
	{0x2D27, 0x2D27, 64},
	{0x2D2D, 0x2D2D, 64},
	{0x2D30, 0x2D67, 64},
	{0x2D6F, 0x2D6F, 64},
	{0x2D80, 0x2D96, 64},
	{0x2DA0, 0x2DA6, 64},
	{0x2DA8, 0x2DAE, 64},
	{0x2DB0, 0x2DB6, 64},
	{0x2DB8, 0x2DBE, 64},
	{0x2DC0, 0x2DC6, 64},
	{0x2DC8, 0x2DCE, 64},
	{0x2DD0, 0x2DD6, 64},
	{0x2DD8, 0x2DDE, 64},
	{0x3005, 0x3007, 64},
	{0x3021, 0x3029, 64},
	{0x3031, 0x3035, 64},
	{0x3038, 0x303C, 64},
	{0x3041, 0x3096, 64},
	{0x309D, 0x309F, 64},
	{0x30A1, 0x30FA, 64},
	{0x30FC, 0x30FF, 64},
	{0x3105, 0x312F, 64},
	{0x3131, 0x318E, 64},
	{0x31A0, 0x31BF, 64},
	{0x31F0, 0x31FF, 64},
	{0x3400, 0x4DBF, 64},
	{0x4E00, 0xA48C, 64},
	{0xA4D0, 0xA4FD, 64},
	{0xA500, 0xA60C, 64},
	{0xA610, 0xA61F, 64},
	{0xA62A, 0xA62B, 64},
	{0xA640, 0xA66E, 64},
	{0xA67F, 0xA69D, 64},
	{0xA6A0, 0xA6EF, 64},
	{0xA717, 0xA71F, 64},
	{0xA722, 0xA788, 64},
	{0xA78B, 0xA7DC, 64},
	{0xA7F1, 0xA801, 64},
	{0xA803, 0xA805, 64},
	{0xA807, 0xA80A, 64},
	{0xA80C, 0xA822, 64},
	{0xA840, 0xA873, 64},
	{0xA882, 0xA8B3, 64},
	{0xA8F2, 0xA8F7, 64},
	{0xA8FB, 0xA8FB, 64},
	{0xA8FD, 0xA8FE, 64},
	{0xA90A, 0xA925, 64},
	{0xA930, 0xA946, 64},
	{0xA960, 0xA97C, 64},
	{0xA984, 0xA9B2, 64},
	{0xA9CF, 0xA9CF, 64},
	{0xA9E0, 0xA9E4, 64},
	{0xA9E6, 0xA9EF, 64},
	{0xA9FA, 0xA9FE, 64},
	{0xAA00, 0xAA28, 64},
	{0xAA40, 0xAA42, 64},
	{0xAA44, 0xAA4B, 64},
	{0xAA60, 0xAA76, 64},
	{0xAA7A, 0xAA7A, 64},
	{0xAA7E, 0xAAAF, 64},
	{0xAAB1, 0xAAB1, 64},
	{0xAAB5, 0xAAB6, 64},
	{0xAAB9, 0xAABD, 64},
	{0xAAC0, 0xAAC0, 64},
	{0xAAC2, 0xAAC2, 64},
	{0xAADB, 0xAADD, 64},
	{0xAAE0, 0xAAEA, 64},
	{0xAAF2, 0xAAF4, 64},
	{0xAB01, 0xAB06, 64},
	{0xAB09, 0xAB0E, 64},
	{0xAB11, 0xAB16, 64},
	{0xAB20, 0xAB26, 64},
	{0xAB28, 0xAB2E, 64},
	{0xAB30, 0xAB5A, 64},
	{0xAB5C, 0xAB69, 64},
	{0xAB70, 0xABE2, 64},
	{0xAC00, 0xD7A3, 64},
	{0xD7B0, 0xD7C6, 64},
	{0xD7CB, 0xD7FB, 64},
	{0xF900, 0xFA6D, 64},
	{0xFA70, 0xFAD9, 64},
	{0xFB00, 0xFB06, 64},
	{0xFB13, 0xFB17, 64},
	{0xFB1D, 0xFB1D, 64},
	{0xFB1F, 0xFB28, 64},
	{0xFB2A, 0xFB36, 64},
	{0xFB38, 0xFB3C, 64},
	{0xFB3E, 0xFB3E, 64},
	{0xFB40, 0xFB41, 64},
	{0xFB43, 0xFB44, 64},
	{0xFB46, 0xFBB1, 64},
	{0xFBD3, 0xFC5D, 64},
	{0xFC64, 0xFD3D, 64},
	{0xFD50, 0xFD8F, 64},
	{0xFD92, 0xFDC7, 64},
	{0xFDF0, 0xFDF9, 64},
	{0xFE71, 0xFE71, 64},
	{0xFE73, 0xFE73, 64},
	{0xFE77, 0xFE77, 64},
	{0xFE79, 0xFE79, 64},
	{0xFE7B, 0xFE7B, 64},
	{0xFE7D, 0xFE7D, 64},
	{0xFE7F, 0xFEFC, 64},
	{0xFF21, 0xFF3A, 64},
	{0xFF41, 0xFF5A, 64},
	{0xFF66, 0xFF9D, 64},
	{0xFFA0, 0xFFBE, 64},
	{0xFFC2, 0xFFC7, 64},
	{0xFFCA, 0xFFCF, 64},
	{0xFFD2, 0xFFD7, 64},
	{0xFFDA, 0xFFDC, 64},
	{0x10000, 0x1000B, 64},
	{0x1000D, 0x10026, 64},
	{0x10028, 0x1003A, 64},
	{0x1003C, 0x1003D, 64},
	{0x1003F, 0x1004D, 64},
	{0x10050, 0x1005D, 64},
	{0x10080, 0x100FA, 64},
	{0x10140, 0x10174, 64},
	{0x10280, 0x1029C, 64},
	{0x102A0, 0x102D0, 64},
	{0x10300, 0x1031F, 64},
	{0x1032D, 0x1034A, 64},
	{0x10350, 0x10375, 64},
	{0x10380, 0x1039D, 64},
	{0x103A0, 0x103C3, 64},
	{0x103C8, 0x103CF, 64},
	{0x103D1, 0x103D5, 64},
	{0x10400, 0x1049D, 64},
	{0x104B0, 0x104D3, 64},
	{0x104D8, 0x104FB, 64},
	{0x10500, 0x10527, 64},
	{0x10530, 0x10563, 64},
	{0x10570, 0x1057A, 64},
	{0x1057C, 0x1058A, 64},
	{0x1058C, 0x10592, 64},
	{0x10594, 0x10595, 64},
	{0x10597, 0x105A1, 64},
	{0x105A3, 0x105B1, 64},
	{0x105B3, 0x105B9, 64},
	{0x105BB, 0x105BC, 64},
	{0x105C0, 0x105F3, 64},
	{0x10600, 0x10736, 64},
	{0x10740, 0x10755, 64},
	{0x10760, 0x10767, 64},
	{0x10780, 0x10785, 64},
	{0x10787, 0x107B0, 64},
	{0x107B2, 0x107BA, 64},
	{0x10800, 0x10805, 64},
	{0x10808, 0x10808, 64},
	{0x1080A, 0x10835, 64},
	{0x10837, 0x10838, 64},
	{0x1083C, 0x1083C, 64},
	{0x1083F, 0x10855, 64},
	{0x10860, 0x10876, 64},
	{0x10880, 0x1089E, 64},
	{0x108E0, 0x108F2, 64},
	{0x108F4, 0x108F5, 64},
	{0x10900, 0x10915, 64},
	{0x10920, 0x10939, 64},
	{0x10940, 0x10959, 64},
	{0x10980, 0x109B7, 64},
	{0x109BE, 0x109BF, 64},
	{0x10A00, 0x10A00, 64},
	{0x10A10, 0x10A13, 64},
	{0x10A15, 0x10A17, 64},
	{0x10A19, 0x10A35, 64},
	{0x10A60, 0x10A7C, 64},
	{0x10A80, 0x10A9C, 64},
	{0x10AC0, 0x10AC7, 64},
	{0x10AC9, 0x10AE4, 64},
	{0x10B00, 0x10B35, 64},
	{0x10B40, 0x10B55, 64},
	{0x10B60, 0x10B72, 64},
	{0x10B80, 0x10B91, 64},
	{0x10C00, 0x10C48, 64},
	{0x10C80, 0x10CB2, 64},
	{0x10CC0, 0x10CF2, 64},
	{0x10D00, 0x10D23, 64},
	{0x10D4A, 0x10D65, 64},
	{0x10D6F, 0x10D85, 64},
	{0x10E80, 0x10EA9, 64},
	{0x10EB0, 0x10EB1, 64},
	{0x10EC2, 0x10EC7, 64},
	{0x10F00, 0x10F1C, 64},
	{0x10F27, 0x10F27, 64},
	{0x10F30, 0x10F45, 64},
	{0x10F70, 0x10F81, 64},
	{0x10FB0, 0x10FC4, 64},
	{0x10FE0, 0x10FF6, 64},
	{0x11003, 0x11037, 64},
	{0x11071, 0x11072, 64},
	{0x11075, 0x11075, 64},
	{0x11083, 0x110AF, 64},
	{0x110D0, 0x110E8, 64},
	{0x11103, 0x11126, 64},
	{0x11144, 0x11144, 64},
	{0x11147, 0x11147, 64},
	{0x11150, 0x11172, 64},
	{0x11176, 0x11176, 64},
	{0x11183, 0x111B2, 64},
	{0x111C1, 0x111C4, 64},
	{0x111DA, 0x111DA, 64},
	{0x111DC, 0x111DC, 64},
	{0x11200, 0x11211, 64},
	{0x11213, 0x1122B, 64},
	{0x1123F, 0x11240, 64},
	{0x11280, 0x11286, 64},
	{0x11288, 0x11288, 64},
	{0x1128A, 0x1128D, 64},
	{0x1128F, 0x1129D, 64},
	{0x1129F, 0x112A8, 64},
	{0x112B0, 0x112DE, 64},
	{0x11305, 0x1130C, 64},
	{0x1130F, 0x11310, 64},
	{0x11313, 0x11328, 64},
	{0x1132A, 0x11330, 64},
	{0x11332, 0x11333, 64},
	{0x11335, 0x11339, 64},
	{0x1133D, 0x1133D, 64},
	{0x11350, 0x11350, 64},
	{0x1135D, 0x11361, 64},
	{0x11380, 0x11389, 64},
	{0x1138B, 0x1138B, 64},
	{0x1138E, 0x1138E, 64},
	{0x11390, 0x113B5, 64},
	{0x113B7, 0x113B7, 64},
	{0x113D1, 0x113D1, 64},
	{0x113D3, 0x113D3, 64},
	{0x11400, 0x11434, 64},
	{0x11447, 0x1144A, 64},
	{0x1145F, 0x11461, 64},
	{0x11480, 0x114AF, 64},
	{0x114C4, 0x114C5, 64},
	{0x114C7, 0x114C7, 64},
	{0x11580, 0x115AE, 64},
	{0x115D8, 0x115DB, 64},
	{0x11600, 0x1162F, 64},
	{0x11644, 0x11644, 64},
	{0x11680, 0x116AA, 64},
	{0x116B8, 0x116B8, 64},
	{0x11700, 0x1171A, 64},
	{0x11740, 0x11746, 64},
	{0x11800, 0x1182B, 64},
	{0x118A0, 0x118DF, 64},
	{0x118FF, 0x11906, 64},
	{0x11909, 0x11909, 64},
	{0x1190C, 0x11913, 64},
	{0x11915, 0x11916, 64},
	{0x11918, 0x1192F, 64},
	{0x1193F, 0x1193F, 64},
	{0x11941, 0x11941, 64},
	{0x119A0, 0x119A7, 64},
	{0x119AA, 0x119D0, 64},
	{0x119E1, 0x119E1, 64},
	{0x119E3, 0x119E3, 64},
	{0x11A00, 0x11A00, 64},
	{0x11A0B, 0x11A32, 64},
	{0x11A3A, 0x11A3A, 64},
	{0x11A50, 0x11A50, 64},
	{0x11A5C, 0x11A89, 64},
	{0x11A9D, 0x11A9D, 64},
	{0x11AB0, 0x11AF8, 64},
	{0x11BC0, 0x11BE0, 64},
	{0x11C00, 0x11C08, 64},
	{0x11C0A, 0x11C2E, 64},
	{0x11C40, 0x11C40, 64},
	{0x11C72, 0x11C8F, 64},
	{0x11D00, 0x11D06, 64},
	{0x11D08, 0x11D09, 64},
	{0x11D0B, 0x11D30, 64},
	{0x11D46, 0x11D46, 64},
	{0x11D60, 0x11D65, 64},
	{0x11D67, 0x11D68, 64},
	{0x11D6A, 0x11D89, 64},
	{0x11D98, 0x11D98, 64},
	{0x11DB0, 0x11DDB, 64},
	{0x11EE0, 0x11EF2, 64},
	{0x11F02, 0x11F02, 64},
	{0x11F04, 0x11F10, 64},
	{0x11F12, 0x11F33, 64},
	{0x11FB0, 0x11FB0, 64},
	{0x12000, 0x12399, 64},
	{0x12400, 0x1246E, 64},
	{0x12480, 0x12543, 64},
	{0x12F90, 0x12FF0, 64},
	{0x13000, 0x1342F, 64},
	{0x13441, 0x13446, 64},
	{0x13460, 0x143FA, 64},
	{0x14400, 0x14646, 64},
	{0x16100, 0x1611D, 64},
	{0x16800, 0x16A38, 64},
	{0x16A40, 0x16A5E, 64},
	{0x16A70, 0x16ABE, 64},
	{0x16AD0, 0x16AED, 64},
	{0x16B00, 0x16B2F, 64},
	{0x16B40, 0x16B43, 64},
	{0x16B63, 0x16B77, 64},
	{0x16B7D, 0x16B8F, 64},
	{0x16D40, 0x16D6C, 64},
	{0x16E40, 0x16E7F, 64},
	{0x16EA0, 0x16EB8, 64},
	{0x16EBB, 0x16ED3, 64},
	{0x16F00, 0x16F4A, 64},
	{0x16F50, 0x16F50, 64},
	{0x16F93, 0x16F9F, 64},
	{0x16FE0, 0x16FE1, 64},
	{0x16FE3, 0x16FE3, 64},
	{0x16FF2, 0x16FF6, 64},
	{0x17000, 0x18CD5, 64},
	{0x18CFF, 0x18D1E, 64},
	{0x18D80, 0x18DF2, 64},
	{0x1AFF0, 0x1AFF3, 64},
	{0x1AFF5, 0x1AFFB, 64},
	{0x1AFFD, 0x1AFFE, 64},
	{0x1B000, 0x1B122, 64},
	{0x1B132, 0x1B132, 64},
	{0x1B150, 0x1B152, 64},
	{0x1B155, 0x1B155, 64},
	{0x1B164, 0x1B167, 64},
	{0x1B170, 0x1B2FB, 64},
	{0x1BC00, 0x1BC6A, 64},
	{0x1BC70, 0x1BC7C, 64},
	{0x1BC80, 0x1BC88, 64},
	{0x1BC90, 0x1BC99, 64},
	{0x1D400, 0x1D454, 64},
	{0x1D456, 0x1D49C, 64},
	{0x1D49E, 0x1D49F, 64},
	{0x1D4A2, 0x1D4A2, 64},
	{0x1D4A5, 0x1D4A6, 64},
	{0x1D4A9, 0x1D4AC, 64},
	{0x1D4AE, 0x1D4B9, 64},
	{0x1D4BB, 0x1D4BB, 64},
	{0x1D4BD, 0x1D4C3, 64},
	{0x1D4C5, 0x1D505, 64},
	{0x1D507, 0x1D50A, 64},
	{0x1D50D, 0x1D514, 64},
	{0x1D516, 0x1D51C, 64},
	{0x1D51E, 0x1D539, 64},
	{0x1D53B, 0x1D53E, 64},
	{0x1D540, 0x1D544, 64},
	{0x1D546, 0x1D546, 64},
	{0x1D54A, 0x1D550, 64},
	{0x1D552, 0x1D6A5, 64},
	{0x1D6A8, 0x1D6C0, 64},
	{0x1D6C2, 0x1D6DA, 64},
	{0x1D6DC, 0x1D6FA, 64},
	{0x1D6FC, 0x1D714, 64},
	{0x1D716, 0x1D734, 64},
	{0x1D736, 0x1D74E, 64},
	{0x1D750, 0x1D76E, 64},
	{0x1D770, 0x1D788, 64},
	{0x1D78A, 0x1D7A8, 64},
	{0x1D7AA, 0x1D7C2, 64},
	{0x1D7C4, 0x1D7CB, 64},
	{0x1DF00, 0x1DF1E, 64},
	{0x1DF25, 0x1DF2A, 64},
	{0x1E030, 0x1E06D, 64},
	{0x1E100, 0x1E12C, 64},
	{0x1E137, 0x1E13D, 64},
	{0x1E14E, 0x1E14E, 64},
	{0x1E290, 0x1E2AD, 64},
	{0x1E2C0, 0x1E2EB, 64},
	{0x1E4D0, 0x1E4EB, 64},
	{0x1E5D0, 0x1E5ED, 64},
	{0x1E5F0, 0x1E5F0, 64},
	{0x1E6C0, 0x1E6DE, 64},
	{0x1E6E0, 0x1E6E2, 64},
	{0x1E6E4, 0x1E6E5, 64},
	{0x1E6E7, 0x1E6ED, 64},
	{0x1E6F0, 0x1E6F4, 64},
	{0x1E6FE, 0x1E6FF, 64},
	{0x1E7E0, 0x1E7E6, 64},
	{0x1E7E8, 0x1E7EB, 64},
	{0x1E7ED, 0x1E7EE, 64},
	{0x1E7F0, 0x1E7FE, 64},
	{0x1E800, 0x1E8C4, 64},
	{0x1E900, 0x1E943, 64},
	{0x1E94B, 0x1E94B, 64},
	{0x1EE00, 0x1EE03, 64},
	{0x1EE05, 0x1EE1F, 64},
	{0x1EE21, 0x1EE22, 64},
	{0x1EE24, 0x1EE24, 64},
	{0x1EE27, 0x1EE27, 64},
	{0x1EE29, 0x1EE32, 64},
	{0x1EE34, 0x1EE37, 64},
	{0x1EE39, 0x1EE39, 64},
	{0x1EE3B, 0x1EE3B, 64},
	{0x1EE42, 0x1EE42, 64},
	{0x1EE47, 0x1EE47, 64},
	{0x1EE49, 0x1EE49, 64},
	{0x1EE4B, 0x1EE4B, 64},
	{0x1EE4D, 0x1EE4F, 64},
	{0x1EE51, 0x1EE52, 64},
	{0x1EE54, 0x1EE54, 64},
	{0x1EE57, 0x1EE57, 64},
	{0x1EE59, 0x1EE59, 64},
	{0x1EE5B, 0x1EE5B, 64},
	{0x1EE5D, 0x1EE5D, 64},
	{0x1EE5F, 0x1EE5F, 64},
	{0x1EE61, 0x1EE62, 64},
	{0x1EE64, 0x1EE64, 64},
	{0x1EE67, 0x1EE6A, 64},
	{0x1EE6C, 0x1EE72, 64},
	{0x1EE74, 0x1EE77, 64},
	{0x1EE79, 0x1EE7C, 64},
	{0x1EE7E, 0x1EE7E, 64},
	{0x1EE80, 0x1EE89, 64},
	{0x1EE8B, 0x1EE9B, 64},
	{0x1EEA1, 0x1EEA3, 64},
	{0x1EEA5, 0x1EEA9, 64},
	{0x1EEAB, 0x1EEBB, 64},
	{0x20000, 0x2A6DF, 64},
	{0x2A700, 0x2B81D, 64},
	{0x2B820, 0x2CEAD, 64},
	{0x2CEB0, 0x2EBE0, 64},
	{0x2EBF0, 0x2EE5D, 64},
	{0x2F800, 0x2FA1D, 64},
	{0x30000, 0x3134A, 64},
	{0x31350, 0x33479, 64},
};
/**
 * @brief Количество диапазонов таблицы: BINARIES
 *
 */
const size_t awh::regex::BINARIES_COUNT = 12043;
/**
 * @brief Таблица диапазонов кодовых значений: CLUSTERS
 *
 */
const awh::regex::interval_t awh::regex::CLUSTERS[] = {
	{0x0, 0x9, 0},
	{0xA, 0xA, 2},
	{0xB, 0xC, 0},
	{0xD, 0xD, 1},
	{0xE, 0x1F, 0},
	{0x7F, 0x9F, 0},
	{0xA9, 0xA9, 13},
	{0xAD, 0xAD, 0},
	{0xAE, 0xAE, 13},
	{0x300, 0x36F, 3},
	{0x483, 0x489, 3},
	{0x591, 0x5BD, 3},
	{0x5BF, 0x5BF, 3},
	{0x5C1, 0x5C2, 3},
	{0x5C4, 0x5C5, 3},
	{0x5C7, 0x5C7, 3},
	{0x600, 0x605, 6},
	{0x610, 0x61A, 3},
	{0x61C, 0x61C, 0},
	{0x64B, 0x65F, 3},
	{0x670, 0x670, 3},
	{0x6D6, 0x6DC, 3},
	{0x6DD, 0x6DD, 6},
	{0x6DF, 0x6E4, 3},
	{0x6E7, 0x6E8, 3},
	{0x6EA, 0x6ED, 3},
	{0x70F, 0x70F, 6},
	{0x711, 0x711, 3},
	{0x730, 0x74A, 3},
	{0x7A6, 0x7B0, 3},
	{0x7EB, 0x7F3, 3},
	{0x7FD, 0x7FD, 3},
	{0x816, 0x819, 3},
	{0x81B, 0x823, 3},
	{0x825, 0x827, 3},
	{0x829, 0x82D, 3},
	{0x859, 0x85B, 3},
	{0x890, 0x891, 6},
	{0x897, 0x89F, 3},
	{0x8CA, 0x8E1, 3},
	{0x8E2, 0x8E2, 6},
	{0x8E3, 0x902, 3},
	{0x903, 0x903, 7},
	{0x93A, 0x93A, 3},
	{0x93B, 0x93B, 7},
	{0x93C, 0x93C, 3},
	{0x93E, 0x940, 7},
	{0x941, 0x948, 3},
	{0x949, 0x94C, 7},
	{0x94D, 0x94D, 3},
	{0x94E, 0x94F, 7},
	{0x951, 0x957, 3},
	{0x962, 0x963, 3},
	{0x981, 0x981, 3},
	{0x982, 0x983, 7},
	{0x9BC, 0x9BC, 3},
	{0x9BE, 0x9BE, 3},
	{0x9BF, 0x9C0, 7},
	{0x9C1, 0x9C4, 3},
	{0x9C7, 0x9C8, 7},
	{0x9CB, 0x9CC, 7},
	{0x9CD, 0x9CD, 3},
	{0x9D7, 0x9D7, 3},
	{0x9E2, 0x9E3, 3},
	{0x9FE, 0x9FE, 3},
	{0xA01, 0xA02, 3},
	{0xA03, 0xA03, 7},
	{0xA3C, 0xA3C, 3},
	{0xA3E, 0xA40, 7},
	{0xA41, 0xA42, 3},
	{0xA47, 0xA48, 3},
	{0xA4B, 0xA4D, 3},
	{0xA51, 0xA51, 3},
	{0xA70, 0xA71, 3},
	{0xA75, 0xA75, 3},
	{0xA81, 0xA82, 3},
	{0xA83, 0xA83, 7},
	{0xABC, 0xABC, 3},
	{0xABE, 0xAC0, 7},
	{0xAC1, 0xAC5, 3},
	{0xAC7, 0xAC8, 3},
	{0xAC9, 0xAC9, 7},
	{0xACB, 0xACC, 7},
	{0xACD, 0xACD, 3},
	{0xAE2, 0xAE3, 3},
	{0xAFA, 0xAFF, 3},
	{0xB01, 0xB01, 3},
	{0xB02, 0xB03, 7},
	{0xB3C, 0xB3C, 3},
	{0xB3E, 0xB3F, 3},
	{0xB40, 0xB40, 7},
	{0xB41, 0xB44, 3},
	{0xB47, 0xB48, 7},
	{0xB4B, 0xB4C, 7},
	{0xB4D, 0xB4D, 3},
	{0xB55, 0xB57, 3},
	{0xB62, 0xB63, 3},
	{0xB82, 0xB82, 3},
	{0xBBE, 0xBBE, 3},
	{0xBBF, 0xBBF, 7},
	{0xBC0, 0xBC0, 3},
	{0xBC1, 0xBC2, 7},
	{0xBC6, 0xBC8, 7},
	{0xBCA, 0xBCC, 7},
	{0xBCD, 0xBCD, 3},
	{0xBD7, 0xBD7, 3},
	{0xC00, 0xC00, 3},
	{0xC01, 0xC03, 7},
	{0xC04, 0xC04, 3},
	{0xC3C, 0xC3C, 3},
	{0xC3E, 0xC40, 3},
	{0xC41, 0xC44, 7},
	{0xC46, 0xC48, 3},
	{0xC4A, 0xC4D, 3},
	{0xC55, 0xC56, 3},
	{0xC62, 0xC63, 3},
	{0xC81, 0xC81, 3},
	{0xC82, 0xC83, 7},
	{0xCBC, 0xCBC, 3},
	{0xCBE, 0xCBE, 7},
	{0xCBF, 0xCC0, 3},
	{0xCC1, 0xCC1, 7},
	{0xCC2, 0xCC2, 3},
	{0xCC3, 0xCC4, 7},
	{0xCC6, 0xCC8, 3},
	{0xCCA, 0xCCD, 3},
	{0xCD5, 0xCD6, 3},
	{0xCE2, 0xCE3, 3},
	{0xCF3, 0xCF3, 7},
	{0xD00, 0xD01, 3},
	{0xD02, 0xD03, 7},
	{0xD3B, 0xD3C, 3},
	{0xD3E, 0xD3E, 3},
	{0xD3F, 0xD40, 7},
	{0xD41, 0xD44, 3},
	{0xD46, 0xD48, 7},
	{0xD4A, 0xD4C, 7},
	{0xD4D, 0xD4D, 3},
	{0xD4E, 0xD4E, 6},
	{0xD57, 0xD57, 3},
	{0xD62, 0xD63, 3},
	{0xD81, 0xD81, 3},
	{0xD82, 0xD83, 7},
	{0xDCA, 0xDCA, 3},
	{0xDCF, 0xDCF, 3},
	{0xDD0, 0xDD1, 7},
	{0xDD2, 0xDD4, 3},
	{0xDD6, 0xDD6, 3},
	{0xDD8, 0xDDE, 7},
	{0xDDF, 0xDDF, 3},
	{0xDF2, 0xDF3, 7},
	{0xE31, 0xE31, 3},
	{0xE33, 0xE33, 7},
	{0xE34, 0xE3A, 3},
	{0xE47, 0xE4E, 3},
	{0xEB1, 0xEB1, 3},
	{0xEB3, 0xEB3, 7},
	{0xEB4, 0xEBC, 3},
	{0xEC8, 0xECE, 3},
	{0xF18, 0xF19, 3},
	{0xF35, 0xF35, 3},
	{0xF37, 0xF37, 3},
	{0xF39, 0xF39, 3},
	{0xF3E, 0xF3F, 7},
	{0xF71, 0xF7E, 3},
	{0xF7F, 0xF7F, 7},
	{0xF80, 0xF84, 3},
	{0xF86, 0xF87, 3},
	{0xF8D, 0xF97, 3},
	{0xF99, 0xFBC, 3},
	{0xFC6, 0xFC6, 3},
	{0x102D, 0x1030, 3},
	{0x1031, 0x1031, 7},
	{0x1032, 0x1037, 3},
	{0x1039, 0x103A, 3},
	{0x103B, 0x103C, 7},
	{0x103D, 0x103E, 3},
	{0x1056, 0x1057, 7},
	{0x1058, 0x1059, 3},
	{0x105E, 0x1060, 3},
	{0x1071, 0x1074, 3},
	{0x1082, 0x1082, 3},
	{0x1084, 0x1084, 7},
	{0x1085, 0x1086, 3},
	{0x108D, 0x108D, 3},
	{0x109D, 0x109D, 3},
	{0x1100, 0x115F, 8},
	{0x1160, 0x11A7, 9},
	{0x11A8, 0x11FF, 10},
	{0x135D, 0x135F, 3},
	{0x1712, 0x1715, 3},
	{0x1732, 0x1734, 3},
	{0x1752, 0x1753, 3},
	{0x1772, 0x1773, 3},
	{0x17B4, 0x17B5, 3},
	{0x17B6, 0x17B6, 7},
	{0x17B7, 0x17BD, 3},
	{0x17BE, 0x17C5, 7},
	{0x17C6, 0x17C6, 3},
	{0x17C7, 0x17C8, 7},
	{0x17C9, 0x17D3, 3},
	{0x17DD, 0x17DD, 3},
	{0x180B, 0x180D, 3},
	{0x180E, 0x180E, 0},
	{0x180F, 0x180F, 3},
	{0x1885, 0x1886, 3},
	{0x18A9, 0x18A9, 3},
	{0x1920, 0x1922, 3},
	{0x1923, 0x1926, 7},
	{0x1927, 0x1928, 3},
	{0x1929, 0x192B, 7},
	{0x1930, 0x1931, 7},
	{0x1932, 0x1932, 3},
	{0x1933, 0x1938, 7},
	{0x1939, 0x193B, 3},
	{0x1A17, 0x1A18, 3},
	{0x1A19, 0x1A1A, 7},
	{0x1A1B, 0x1A1B, 3},
	{0x1A55, 0x1A55, 7},
	{0x1A56, 0x1A56, 3},
	{0x1A57, 0x1A57, 7},
	{0x1A58, 0x1A5E, 3},
	{0x1A60, 0x1A60, 3},
	{0x1A62, 0x1A62, 3},
	{0x1A65, 0x1A6C, 3},
	{0x1A6D, 0x1A72, 7},
	{0x1A73, 0x1A7C, 3},
	{0x1A7F, 0x1A7F, 3},
	{0x1AB0, 0x1ADD, 3},
	{0x1AE0, 0x1AEB, 3},
	{0x1B00, 0x1B03, 3},
	{0x1B04, 0x1B04, 7},
	{0x1B34, 0x1B3D, 3},
	{0x1B3E, 0x1B41, 7},
	{0x1B42, 0x1B44, 3},
	{0x1B6B, 0x1B73, 3},
	{0x1B80, 0x1B81, 3},
	{0x1B82, 0x1B82, 7},
	{0x1BA1, 0x1BA1, 7},
	{0x1BA2, 0x1BA5, 3},
	{0x1BA6, 0x1BA7, 7},
	{0x1BA8, 0x1BAD, 3},
	{0x1BE6, 0x1BE6, 3},
	{0x1BE7, 0x1BE7, 7},
	{0x1BE8, 0x1BE9, 3},
	{0x1BEA, 0x1BEC, 7},
	{0x1BED, 0x1BED, 3},
	{0x1BEE, 0x1BEE, 7},
	{0x1BEF, 0x1BF3, 3},
	{0x1C24, 0x1C2B, 7},
	{0x1C2C, 0x1C33, 3},
	{0x1C34, 0x1C35, 7},
	{0x1C36, 0x1C37, 3},
	{0x1CD0, 0x1CD2, 3},
	{0x1CD4, 0x1CE0, 3},
	{0x1CE1, 0x1CE1, 7},
	{0x1CE2, 0x1CE8, 3},
	{0x1CED, 0x1CED, 3},
	{0x1CF4, 0x1CF4, 3},
	{0x1CF7, 0x1CF7, 7},
	{0x1CF8, 0x1CF9, 3},
	{0x1DC0, 0x1DFF, 3},
	{0x200B, 0x200B, 0},
	{0x200C, 0x200C, 3},
	{0x200D, 0x200D, 4},
	{0x200E, 0x200F, 0},
	{0x2028, 0x202E, 0},
	{0x203C, 0x203C, 13},
	{0x2049, 0x2049, 13},
	{0x2060, 0x206F, 0},
	{0x20D0, 0x20F0, 3},
	{0x2122, 0x2122, 13},
	{0x2139, 0x2139, 13},
	{0x2194, 0x2199, 13},
	{0x21A9, 0x21AA, 13},
	{0x231A, 0x231B, 13},
	{0x2328, 0x2328, 13},
	{0x23CF, 0x23CF, 13},
	{0x23E9, 0x23F3, 13},
	{0x23F8, 0x23FA, 13},
	{0x24C2, 0x24C2, 13},
	{0x25AA, 0x25AB, 13},
	{0x25B6, 0x25B6, 13},
	{0x25C0, 0x25C0, 13},
	{0x25FB, 0x25FE, 13},
	{0x2600, 0x2604, 13},
	{0x260E, 0x260E, 13},
	{0x2611, 0x2611, 13},
	{0x2614, 0x2615, 13},
	{0x2618, 0x2618, 13},
	{0x261D, 0x261D, 13},
	{0x2620, 0x2620, 13},
	{0x2622, 0x2623, 13},
	{0x2626, 0x2626, 13},
	{0x262A, 0x262A, 13},
	{0x262E, 0x262F, 13},
	{0x2638, 0x263A, 13},
	{0x2640, 0x2640, 13},
	{0x2642, 0x2642, 13},
	{0x2648, 0x2653, 13},
	{0x265F, 0x2660, 13},
	{0x2663, 0x2663, 13},
	{0x2665, 0x2666, 13},
	{0x2668, 0x2668, 13},
	{0x267B, 0x267B, 13},
	{0x267E, 0x267F, 13},
	{0x2692, 0x2697, 13},
	{0x2699, 0x2699, 13},
	{0x269B, 0x269C, 13},
	{0x26A0, 0x26A1, 13},
	{0x26A7, 0x26A7, 13},
	{0x26AA, 0x26AB, 13},
	{0x26B0, 0x26B1, 13},
	{0x26BD, 0x26BE, 13},
	{0x26C4, 0x26C5, 13},
	{0x26C8, 0x26C8, 13},
	{0x26CE, 0x26CF, 13},
	{0x26D1, 0x26D1, 13},
	{0x26D3, 0x26D4, 13},
	{0x26E9, 0x26EA, 13},
	{0x26F0, 0x26F5, 13},
	{0x26F7, 0x26FA, 13},
	{0x26FD, 0x26FD, 13},
	{0x2702, 0x2702, 13},
	{0x2705, 0x2705, 13},
	{0x2708, 0x270D, 13},
	{0x270F, 0x270F, 13},
	{0x2712, 0x2712, 13},
	{0x2714, 0x2714, 13},
	{0x2716, 0x2716, 13},
	{0x271D, 0x271D, 13},
	{0x2721, 0x2721, 13},
	{0x2728, 0x2728, 13},
	{0x2733, 0x2734, 13},
	{0x2744, 0x2744, 13},
	{0x2747, 0x2747, 13},
	{0x274C, 0x274C, 13},
	{0x274E, 0x274E, 13},
	{0x2753, 0x2755, 13},
	{0x2757, 0x2757, 13},
	{0x2763, 0x2764, 13},
	{0x2795, 0x2797, 13},
	{0x27A1, 0x27A1, 13},
	{0x27B0, 0x27B0, 13},
	{0x27BF, 0x27BF, 13},
	{0x2934, 0x2935, 13},
	{0x2B05, 0x2B07, 13},
	{0x2B1B, 0x2B1C, 13},
	{0x2B50, 0x2B50, 13},
	{0x2B55, 0x2B55, 13},
	{0x2CEF, 0x2CF1, 3},
	{0x2D7F, 0x2D7F, 3},
	{0x2DE0, 0x2DFF, 3},
	{0x302A, 0x302F, 3},
	{0x3030, 0x3030, 13},
	{0x303D, 0x303D, 13},
	{0x3099, 0x309A, 3},
	{0x3297, 0x3297, 13},
	{0x3299, 0x3299, 13},
	{0xA66F, 0xA672, 3},
	{0xA674, 0xA67D, 3},
	{0xA69E, 0xA69F, 3},
	{0xA6F0, 0xA6F1, 3},
	{0xA802, 0xA802, 3},
	{0xA806, 0xA806, 3},
	{0xA80B, 0xA80B, 3},
	{0xA823, 0xA824, 7},
	{0xA825, 0xA826, 3},
	{0xA827, 0xA827, 7},
	{0xA82C, 0xA82C, 3},
	{0xA880, 0xA881, 7},
	{0xA8B4, 0xA8C3, 7},
	{0xA8C4, 0xA8C5, 3},
	{0xA8E0, 0xA8F1, 3},
	{0xA8FF, 0xA8FF, 3},
	{0xA926, 0xA92D, 3},
	{0xA947, 0xA951, 3},
	{0xA952, 0xA952, 7},
	{0xA953, 0xA953, 3},
	{0xA960, 0xA97C, 8},
	{0xA980, 0xA982, 3},
	{0xA983, 0xA983, 7},
	{0xA9B3, 0xA9B3, 3},
	{0xA9B4, 0xA9B5, 7},
	{0xA9B6, 0xA9B9, 3},
	{0xA9BA, 0xA9BB, 7},
	{0xA9BC, 0xA9BD, 3},
	{0xA9BE, 0xA9BF, 7},
	{0xA9C0, 0xA9C0, 3},
	{0xA9E5, 0xA9E5, 3},
	{0xAA29, 0xAA2E, 3},
	{0xAA2F, 0xAA30, 7},
	{0xAA31, 0xAA32, 3},
	{0xAA33, 0xAA34, 7},
	{0xAA35, 0xAA36, 3},
	{0xAA43, 0xAA43, 3},
	{0xAA4C, 0xAA4C, 3},
	{0xAA4D, 0xAA4D, 7},
	{0xAA7C, 0xAA7C, 3},
	{0xAAB0, 0xAAB0, 3},
	{0xAAB2, 0xAAB4, 3},
	{0xAAB7, 0xAAB8, 3},
	{0xAABE, 0xAABF, 3},
	{0xAAC1, 0xAAC1, 3},
	{0xAAEB, 0xAAEB, 7},
	{0xAAEC, 0xAAED, 3},
	{0xAAEE, 0xAAEF, 7},
	{0xAAF5, 0xAAF5, 7},
	{0xAAF6, 0xAAF6, 3},
	{0xABE3, 0xABE4, 7},
	{0xABE5, 0xABE5, 3},
	{0xABE6, 0xABE7, 7},
	{0xABE8, 0xABE8, 3},
	{0xABE9, 0xABEA, 7},
	{0xABEC, 0xABEC, 7},
	{0xABED, 0xABED, 3},
	{0xAC00, 0xAC00, 11},
	{0xAC01, 0xAC1B, 12},
	{0xAC1C, 0xAC1C, 11},
	{0xAC1D, 0xAC37, 12},
	{0xAC38, 0xAC38, 11},
	{0xAC39, 0xAC53, 12},
	{0xAC54, 0xAC54, 11},
	{0xAC55, 0xAC6F, 12},
	{0xAC70, 0xAC70, 11},
	{0xAC71, 0xAC8B, 12},
	{0xAC8C, 0xAC8C, 11},
	{0xAC8D, 0xACA7, 12},
	{0xACA8, 0xACA8, 11},
	{0xACA9, 0xACC3, 12},
	{0xACC4, 0xACC4, 11},
	{0xACC5, 0xACDF, 12},
	{0xACE0, 0xACE0, 11},
	{0xACE1, 0xACFB, 12},
	{0xACFC, 0xACFC, 11},
	{0xACFD, 0xAD17, 12},
	{0xAD18, 0xAD18, 11},
	{0xAD19, 0xAD33, 12},
	{0xAD34, 0xAD34, 11},
	{0xAD35, 0xAD4F, 12},
	{0xAD50, 0xAD50, 11},
	{0xAD51, 0xAD6B, 12},
	{0xAD6C, 0xAD6C, 11},
	{0xAD6D, 0xAD87, 12},
	{0xAD88, 0xAD88, 11},
	{0xAD89, 0xADA3, 12},
	{0xADA4, 0xADA4, 11},
	{0xADA5, 0xADBF, 12},
	{0xADC0, 0xADC0, 11},
	{0xADC1, 0xADDB, 12},
	{0xADDC, 0xADDC, 11},
	{0xADDD, 0xADF7, 12},
	{0xADF8, 0xADF8, 11},
	{0xADF9, 0xAE13, 12},
	{0xAE14, 0xAE14, 11},
	{0xAE15, 0xAE2F, 12},
	{0xAE30, 0xAE30, 11},
	{0xAE31, 0xAE4B, 12},
	{0xAE4C, 0xAE4C, 11},
	{0xAE4D, 0xAE67, 12},
	{0xAE68, 0xAE68, 11},
	{0xAE69, 0xAE83, 12},
	{0xAE84, 0xAE84, 11},
	{0xAE85, 0xAE9F, 12},
	{0xAEA0, 0xAEA0, 11},
	{0xAEA1, 0xAEBB, 12},
	{0xAEBC, 0xAEBC, 11},
	{0xAEBD, 0xAED7, 12},
	{0xAED8, 0xAED8, 11},
	{0xAED9, 0xAEF3, 12},
	{0xAEF4, 0xAEF4, 11},
	{0xAEF5, 0xAF0F, 12},
	{0xAF10, 0xAF10, 11},
	{0xAF11, 0xAF2B, 12},
	{0xAF2C, 0xAF2C, 11},
	{0xAF2D, 0xAF47, 12},
	{0xAF48, 0xAF48, 11},
	{0xAF49, 0xAF63, 12},
	{0xAF64, 0xAF64, 11},
	{0xAF65, 0xAF7F, 12},
	{0xAF80, 0xAF80, 11},
	{0xAF81, 0xAF9B, 12},
	{0xAF9C, 0xAF9C, 11},
	{0xAF9D, 0xAFB7, 12},
	{0xAFB8, 0xAFB8, 11},
	{0xAFB9, 0xAFD3, 12},
	{0xAFD4, 0xAFD4, 11},
	{0xAFD5, 0xAFEF, 12},
	{0xAFF0, 0xAFF0, 11},
	{0xAFF1, 0xB00B, 12},
	{0xB00C, 0xB00C, 11},
	{0xB00D, 0xB027, 12},
	{0xB028, 0xB028, 11},
	{0xB029, 0xB043, 12},
	{0xB044, 0xB044, 11},
	{0xB045, 0xB05F, 12},
	{0xB060, 0xB060, 11},
	{0xB061, 0xB07B, 12},
	{0xB07C, 0xB07C, 11},
	{0xB07D, 0xB097, 12},
	{0xB098, 0xB098, 11},
	{0xB099, 0xB0B3, 12},
	{0xB0B4, 0xB0B4, 11},
	{0xB0B5, 0xB0CF, 12},
	{0xB0D0, 0xB0D0, 11},
	{0xB0D1, 0xB0EB, 12},
	{0xB0EC, 0xB0EC, 11},
	{0xB0ED, 0xB107, 12},
	{0xB108, 0xB108, 11},
	{0xB109, 0xB123, 12},
	{0xB124, 0xB124, 11},
	{0xB125, 0xB13F, 12},
	{0xB140, 0xB140, 11},
	{0xB141, 0xB15B, 12},
	{0xB15C, 0xB15C, 11},
	{0xB15D, 0xB177, 12},
	{0xB178, 0xB178, 11},
	{0xB179, 0xB193, 12},
	{0xB194, 0xB194, 11},
	{0xB195, 0xB1AF, 12},
	{0xB1B0, 0xB1B0, 11},
	{0xB1B1, 0xB1CB, 12},
	{0xB1CC, 0xB1CC, 11},
	{0xB1CD, 0xB1E7, 12},
	{0xB1E8, 0xB1E8, 11},
	{0xB1E9, 0xB203, 12},
	{0xB204, 0xB204, 11},
	{0xB205, 0xB21F, 12},
	{0xB220, 0xB220, 11},
	{0xB221, 0xB23B, 12},
	{0xB23C, 0xB23C, 11},
	{0xB23D, 0xB257, 12},
	{0xB258, 0xB258, 11},
	{0xB259, 0xB273, 12},
	{0xB274, 0xB274, 11},
	{0xB275, 0xB28F, 12},
	{0xB290, 0xB290, 11},
	{0xB291, 0xB2AB, 12},
	{0xB2AC, 0xB2AC, 11},
	{0xB2AD, 0xB2C7, 12},
	{0xB2C8, 0xB2C8, 11},
	{0xB2C9, 0xB2E3, 12},
	{0xB2E4, 0xB2E4, 11},
	{0xB2E5, 0xB2FF, 12},
	{0xB300, 0xB300, 11},
	{0xB301, 0xB31B, 12},
	{0xB31C, 0xB31C, 11},
	{0xB31D, 0xB337, 12},
	{0xB338, 0xB338, 11},
	{0xB339, 0xB353, 12},
	{0xB354, 0xB354, 11},
	{0xB355, 0xB36F, 12},
	{0xB370, 0xB370, 11},
	{0xB371, 0xB38B, 12},
	{0xB38C, 0xB38C, 11},
	{0xB38D, 0xB3A7, 12},
	{0xB3A8, 0xB3A8, 11},
	{0xB3A9, 0xB3C3, 12},
	{0xB3C4, 0xB3C4, 11},
	{0xB3C5, 0xB3DF, 12},
	{0xB3E0, 0xB3E0, 11},
	{0xB3E1, 0xB3FB, 12},
	{0xB3FC, 0xB3FC, 11},
	{0xB3FD, 0xB417, 12},
	{0xB418, 0xB418, 11},
	{0xB419, 0xB433, 12},
	{0xB434, 0xB434, 11},
	{0xB435, 0xB44F, 12},
	{0xB450, 0xB450, 11},
	{0xB451, 0xB46B, 12},
	{0xB46C, 0xB46C, 11},
	{0xB46D, 0xB487, 12},
	{0xB488, 0xB488, 11},
	{0xB489, 0xB4A3, 12},
	{0xB4A4, 0xB4A4, 11},
	{0xB4A5, 0xB4BF, 12},
	{0xB4C0, 0xB4C0, 11},
	{0xB4C1, 0xB4DB, 12},
	{0xB4DC, 0xB4DC, 11},
	{0xB4DD, 0xB4F7, 12},
	{0xB4F8, 0xB4F8, 11},
	{0xB4F9, 0xB513, 12},
	{0xB514, 0xB514, 11},
	{0xB515, 0xB52F, 12},
	{0xB530, 0xB530, 11},
	{0xB531, 0xB54B, 12},
	{0xB54C, 0xB54C, 11},
	{0xB54D, 0xB567, 12},
	{0xB568, 0xB568, 11},
	{0xB569, 0xB583, 12},
	{0xB584, 0xB584, 11},
	{0xB585, 0xB59F, 12},
	{0xB5A0, 0xB5A0, 11},
	{0xB5A1, 0xB5BB, 12},
	{0xB5BC, 0xB5BC, 11},
	{0xB5BD, 0xB5D7, 12},
	{0xB5D8, 0xB5D8, 11},
	{0xB5D9, 0xB5F3, 12},
	{0xB5F4, 0xB5F4, 11},
	{0xB5F5, 0xB60F, 12},
	{0xB610, 0xB610, 11},
	{0xB611, 0xB62B, 12},
	{0xB62C, 0xB62C, 11},
	{0xB62D, 0xB647, 12},
	{0xB648, 0xB648, 11},
	{0xB649, 0xB663, 12},
	{0xB664, 0xB664, 11},
	{0xB665, 0xB67F, 12},
	{0xB680, 0xB680, 11},
	{0xB681, 0xB69B, 12},
	{0xB69C, 0xB69C, 11},
	{0xB69D, 0xB6B7, 12},
	{0xB6B8, 0xB6B8, 11},
	{0xB6B9, 0xB6D3, 12},
	{0xB6D4, 0xB6D4, 11},
	{0xB6D5, 0xB6EF, 12},
	{0xB6F0, 0xB6F0, 11},
	{0xB6F1, 0xB70B, 12},
	{0xB70C, 0xB70C, 11},
	{0xB70D, 0xB727, 12},
	{0xB728, 0xB728, 11},
	{0xB729, 0xB743, 12},
	{0xB744, 0xB744, 11},
	{0xB745, 0xB75F, 12},
	{0xB760, 0xB760, 11},
	{0xB761, 0xB77B, 12},
	{0xB77C, 0xB77C, 11},
	{0xB77D, 0xB797, 12},
	{0xB798, 0xB798, 11},
	{0xB799, 0xB7B3, 12},
	{0xB7B4, 0xB7B4, 11},
	{0xB7B5, 0xB7CF, 12},
	{0xB7D0, 0xB7D0, 11},
	{0xB7D1, 0xB7EB, 12},
	{0xB7EC, 0xB7EC, 11},
	{0xB7ED, 0xB807, 12},
	{0xB808, 0xB808, 11},
	{0xB809, 0xB823, 12},
	{0xB824, 0xB824, 11},
	{0xB825, 0xB83F, 12},
	{0xB840, 0xB840, 11},
	{0xB841, 0xB85B, 12},
	{0xB85C, 0xB85C, 11},
	{0xB85D, 0xB877, 12},
	{0xB878, 0xB878, 11},
	{0xB879, 0xB893, 12},
	{0xB894, 0xB894, 11},
	{0xB895, 0xB8AF, 12},
	{0xB8B0, 0xB8B0, 11},
	{0xB8B1, 0xB8CB, 12},
	{0xB8CC, 0xB8CC, 11},
	{0xB8CD, 0xB8E7, 12},
	{0xB8E8, 0xB8E8, 11},
	{0xB8E9, 0xB903, 12},
	{0xB904, 0xB904, 11},
	{0xB905, 0xB91F, 12},
	{0xB920, 0xB920, 11},
	{0xB921, 0xB93B, 12},
	{0xB93C, 0xB93C, 11},
	{0xB93D, 0xB957, 12},
	{0xB958, 0xB958, 11},
	{0xB959, 0xB973, 12},
	{0xB974, 0xB974, 11},
	{0xB975, 0xB98F, 12},
	{0xB990, 0xB990, 11},
	{0xB991, 0xB9AB, 12},
	{0xB9AC, 0xB9AC, 11},
	{0xB9AD, 0xB9C7, 12},
	{0xB9C8, 0xB9C8, 11},
	{0xB9C9, 0xB9E3, 12},
	{0xB9E4, 0xB9E4, 11},
	{0xB9E5, 0xB9FF, 12},
	{0xBA00, 0xBA00, 11},
	{0xBA01, 0xBA1B, 12},
	{0xBA1C, 0xBA1C, 11},
	{0xBA1D, 0xBA37, 12},
	{0xBA38, 0xBA38, 11},
	{0xBA39, 0xBA53, 12},
	{0xBA54, 0xBA54, 11},
	{0xBA55, 0xBA6F, 12},
	{0xBA70, 0xBA70, 11},
	{0xBA71, 0xBA8B, 12},
	{0xBA8C, 0xBA8C, 11},
	{0xBA8D, 0xBAA7, 12},
	{0xBAA8, 0xBAA8, 11},
	{0xBAA9, 0xBAC3, 12},
	{0xBAC4, 0xBAC4, 11},
	{0xBAC5, 0xBADF, 12},
	{0xBAE0, 0xBAE0, 11},
	{0xBAE1, 0xBAFB, 12},
	{0xBAFC, 0xBAFC, 11},
	{0xBAFD, 0xBB17, 12},
	{0xBB18, 0xBB18, 11},
	{0xBB19, 0xBB33, 12},
	{0xBB34, 0xBB34, 11},
	{0xBB35, 0xBB4F, 12},
	{0xBB50, 0xBB50, 11},
	{0xBB51, 0xBB6B, 12},
	{0xBB6C, 0xBB6C, 11},
	{0xBB6D, 0xBB87, 12},
	{0xBB88, 0xBB88, 11},
	{0xBB89, 0xBBA3, 12},
	{0xBBA4, 0xBBA4, 11},
	{0xBBA5, 0xBBBF, 12},
	{0xBBC0, 0xBBC0, 11},
	{0xBBC1, 0xBBDB, 12},
	{0xBBDC, 0xBBDC, 11},
	{0xBBDD, 0xBBF7, 12},
	{0xBBF8, 0xBBF8, 11},
	{0xBBF9, 0xBC13, 12},
	{0xBC14, 0xBC14, 11},
	{0xBC15, 0xBC2F, 12},
	{0xBC30, 0xBC30, 11},
	{0xBC31, 0xBC4B, 12},
	{0xBC4C, 0xBC4C, 11},
	{0xBC4D, 0xBC67, 12},
	{0xBC68, 0xBC68, 11},
	{0xBC69, 0xBC83, 12},
	{0xBC84, 0xBC84, 11},
	{0xBC85, 0xBC9F, 12},
	{0xBCA0, 0xBCA0, 11},
	{0xBCA1, 0xBCBB, 12},
	{0xBCBC, 0xBCBC, 11},
	{0xBCBD, 0xBCD7, 12},
	{0xBCD8, 0xBCD8, 11},
	{0xBCD9, 0xBCF3, 12},
	{0xBCF4, 0xBCF4, 11},
	{0xBCF5, 0xBD0F, 12},
	{0xBD10, 0xBD10, 11},
	{0xBD11, 0xBD2B, 12},
	{0xBD2C, 0xBD2C, 11},
	{0xBD2D, 0xBD47, 12},
	{0xBD48, 0xBD48, 11},
	{0xBD49, 0xBD63, 12},
	{0xBD64, 0xBD64, 11},
	{0xBD65, 0xBD7F, 12},
	{0xBD80, 0xBD80, 11},
	{0xBD81, 0xBD9B, 12},
	{0xBD9C, 0xBD9C, 11},
	{0xBD9D, 0xBDB7, 12},
	{0xBDB8, 0xBDB8, 11},
	{0xBDB9, 0xBDD3, 12},
	{0xBDD4, 0xBDD4, 11},
	{0xBDD5, 0xBDEF, 12},
	{0xBDF0, 0xBDF0, 11},
	{0xBDF1, 0xBE0B, 12},
	{0xBE0C, 0xBE0C, 11},
	{0xBE0D, 0xBE27, 12},
	{0xBE28, 0xBE28, 11},
	{0xBE29, 0xBE43, 12},
	{0xBE44, 0xBE44, 11},
	{0xBE45, 0xBE5F, 12},
	{0xBE60, 0xBE60, 11},
	{0xBE61, 0xBE7B, 12},
	{0xBE7C, 0xBE7C, 11},
	{0xBE7D, 0xBE97, 12},
	{0xBE98, 0xBE98, 11},
	{0xBE99, 0xBEB3, 12},
	{0xBEB4, 0xBEB4, 11},
	{0xBEB5, 0xBECF, 12},
	{0xBED0, 0xBED0, 11},
	{0xBED1, 0xBEEB, 12},
	{0xBEEC, 0xBEEC, 11},
	{0xBEED, 0xBF07, 12},
	{0xBF08, 0xBF08, 11},
	{0xBF09, 0xBF23, 12},
	{0xBF24, 0xBF24, 11},
	{0xBF25, 0xBF3F, 12},
	{0xBF40, 0xBF40, 11},
	{0xBF41, 0xBF5B, 12},
	{0xBF5C, 0xBF5C, 11},
	{0xBF5D, 0xBF77, 12},
	{0xBF78, 0xBF78, 11},
	{0xBF79, 0xBF93, 12},
	{0xBF94, 0xBF94, 11},
	{0xBF95, 0xBFAF, 12},
	{0xBFB0, 0xBFB0, 11},
	{0xBFB1, 0xBFCB, 12},
	{0xBFCC, 0xBFCC, 11},
	{0xBFCD, 0xBFE7, 12},
	{0xBFE8, 0xBFE8, 11},
	{0xBFE9, 0xC003, 12},
	{0xC004, 0xC004, 11},
	{0xC005, 0xC01F, 12},
	{0xC020, 0xC020, 11},
	{0xC021, 0xC03B, 12},
	{0xC03C, 0xC03C, 11},
	{0xC03D, 0xC057, 12},
	{0xC058, 0xC058, 11},
	{0xC059, 0xC073, 12},
	{0xC074, 0xC074, 11},
	{0xC075, 0xC08F, 12},
	{0xC090, 0xC090, 11},
	{0xC091, 0xC0AB, 12},
	{0xC0AC, 0xC0AC, 11},
	{0xC0AD, 0xC0C7, 12},
	{0xC0C8, 0xC0C8, 11},
	{0xC0C9, 0xC0E3, 12},
	{0xC0E4, 0xC0E4, 11},
	{0xC0E5, 0xC0FF, 12},
	{0xC100, 0xC100, 11},
	{0xC101, 0xC11B, 12},
	{0xC11C, 0xC11C, 11},
	{0xC11D, 0xC137, 12},
	{0xC138, 0xC138, 11},
	{0xC139, 0xC153, 12},
	{0xC154, 0xC154, 11},
	{0xC155, 0xC16F, 12},
	{0xC170, 0xC170, 11},
	{0xC171, 0xC18B, 12},
	{0xC18C, 0xC18C, 11},
	{0xC18D, 0xC1A7, 12},
	{0xC1A8, 0xC1A8, 11},
	{0xC1A9, 0xC1C3, 12},
	{0xC1C4, 0xC1C4, 11},
	{0xC1C5, 0xC1DF, 12},
	{0xC1E0, 0xC1E0, 11},
	{0xC1E1, 0xC1FB, 12},
	{0xC1FC, 0xC1FC, 11},
	{0xC1FD, 0xC217, 12},
	{0xC218, 0xC218, 11},
	{0xC219, 0xC233, 12},
	{0xC234, 0xC234, 11},
	{0xC235, 0xC24F, 12},
	{0xC250, 0xC250, 11},
	{0xC251, 0xC26B, 12},
	{0xC26C, 0xC26C, 11},
	{0xC26D, 0xC287, 12},
	{0xC288, 0xC288, 11},
	{0xC289, 0xC2A3, 12},
	{0xC2A4, 0xC2A4, 11},
	{0xC2A5, 0xC2BF, 12},
	{0xC2C0, 0xC2C0, 11},
	{0xC2C1, 0xC2DB, 12},
	{0xC2DC, 0xC2DC, 11},
	{0xC2DD, 0xC2F7, 12},
	{0xC2F8, 0xC2F8, 11},
	{0xC2F9, 0xC313, 12},
	{0xC314, 0xC314, 11},
	{0xC315, 0xC32F, 12},
	{0xC330, 0xC330, 11},
	{0xC331, 0xC34B, 12},
	{0xC34C, 0xC34C, 11},
	{0xC34D, 0xC367, 12},
	{0xC368, 0xC368, 11},
	{0xC369, 0xC383, 12},
	{0xC384, 0xC384, 11},
	{0xC385, 0xC39F, 12},
	{0xC3A0, 0xC3A0, 11},
	{0xC3A1, 0xC3BB, 12},
	{0xC3BC, 0xC3BC, 11},
	{0xC3BD, 0xC3D7, 12},
	{0xC3D8, 0xC3D8, 11},
	{0xC3D9, 0xC3F3, 12},
	{0xC3F4, 0xC3F4, 11},
	{0xC3F5, 0xC40F, 12},
	{0xC410, 0xC410, 11},
	{0xC411, 0xC42B, 12},
	{0xC42C, 0xC42C, 11},
	{0xC42D, 0xC447, 12},
	{0xC448, 0xC448, 11},
	{0xC449, 0xC463, 12},
	{0xC464, 0xC464, 11},
	{0xC465, 0xC47F, 12},
	{0xC480, 0xC480, 11},
	{0xC481, 0xC49B, 12},
	{0xC49C, 0xC49C, 11},
	{0xC49D, 0xC4B7, 12},
	{0xC4B8, 0xC4B8, 11},
	{0xC4B9, 0xC4D3, 12},
	{0xC4D4, 0xC4D4, 11},
	{0xC4D5, 0xC4EF, 12},
	{0xC4F0, 0xC4F0, 11},
	{0xC4F1, 0xC50B, 12},
	{0xC50C, 0xC50C, 11},
	{0xC50D, 0xC527, 12},
	{0xC528, 0xC528, 11},
	{0xC529, 0xC543, 12},
	{0xC544, 0xC544, 11},
	{0xC545, 0xC55F, 12},
	{0xC560, 0xC560, 11},
	{0xC561, 0xC57B, 12},
	{0xC57C, 0xC57C, 11},
	{0xC57D, 0xC597, 12},
	{0xC598, 0xC598, 11},
	{0xC599, 0xC5B3, 12},
	{0xC5B4, 0xC5B4, 11},
	{0xC5B5, 0xC5CF, 12},
	{0xC5D0, 0xC5D0, 11},
	{0xC5D1, 0xC5EB, 12},
	{0xC5EC, 0xC5EC, 11},
	{0xC5ED, 0xC607, 12},
	{0xC608, 0xC608, 11},
	{0xC609, 0xC623, 12},
	{0xC624, 0xC624, 11},
	{0xC625, 0xC63F, 12},
	{0xC640, 0xC640, 11},
	{0xC641, 0xC65B, 12},
	{0xC65C, 0xC65C, 11},
	{0xC65D, 0xC677, 12},
	{0xC678, 0xC678, 11},
	{0xC679, 0xC693, 12},
	{0xC694, 0xC694, 11},
	{0xC695, 0xC6AF, 12},
	{0xC6B0, 0xC6B0, 11},
	{0xC6B1, 0xC6CB, 12},
	{0xC6CC, 0xC6CC, 11},
	{0xC6CD, 0xC6E7, 12},
	{0xC6E8, 0xC6E8, 11},
	{0xC6E9, 0xC703, 12},
	{0xC704, 0xC704, 11},
	{0xC705, 0xC71F, 12},
	{0xC720, 0xC720, 11},
	{0xC721, 0xC73B, 12},
	{0xC73C, 0xC73C, 11},
	{0xC73D, 0xC757, 12},
	{0xC758, 0xC758, 11},
	{0xC759, 0xC773, 12},
	{0xC774, 0xC774, 11},
	{0xC775, 0xC78F, 12},
	{0xC790, 0xC790, 11},
	{0xC791, 0xC7AB, 12},
	{0xC7AC, 0xC7AC, 11},
	{0xC7AD, 0xC7C7, 12},
	{0xC7C8, 0xC7C8, 11},
	{0xC7C9, 0xC7E3, 12},
	{0xC7E4, 0xC7E4, 11},
	{0xC7E5, 0xC7FF, 12},
	{0xC800, 0xC800, 11},
	{0xC801, 0xC81B, 12},
	{0xC81C, 0xC81C, 11},
	{0xC81D, 0xC837, 12},
	{0xC838, 0xC838, 11},
	{0xC839, 0xC853, 12},
	{0xC854, 0xC854, 11},
	{0xC855, 0xC86F, 12},
	{0xC870, 0xC870, 11},
	{0xC871, 0xC88B, 12},
	{0xC88C, 0xC88C, 11},
	{0xC88D, 0xC8A7, 12},
	{0xC8A8, 0xC8A8, 11},
	{0xC8A9, 0xC8C3, 12},
	{0xC8C4, 0xC8C4, 11},
	{0xC8C5, 0xC8DF, 12},
	{0xC8E0, 0xC8E0, 11},
	{0xC8E1, 0xC8FB, 12},
	{0xC8FC, 0xC8FC, 11},
	{0xC8FD, 0xC917, 12},
	{0xC918, 0xC918, 11},
	{0xC919, 0xC933, 12},
	{0xC934, 0xC934, 11},
	{0xC935, 0xC94F, 12},
	{0xC950, 0xC950, 11},
	{0xC951, 0xC96B, 12},
	{0xC96C, 0xC96C, 11},
	{0xC96D, 0xC987, 12},
	{0xC988, 0xC988, 11},
	{0xC989, 0xC9A3, 12},
	{0xC9A4, 0xC9A4, 11},
	{0xC9A5, 0xC9BF, 12},
	{0xC9C0, 0xC9C0, 11},
	{0xC9C1, 0xC9DB, 12},
	{0xC9DC, 0xC9DC, 11},
	{0xC9DD, 0xC9F7, 12},
	{0xC9F8, 0xC9F8, 11},
	{0xC9F9, 0xCA13, 12},
	{0xCA14, 0xCA14, 11},
	{0xCA15, 0xCA2F, 12},
	{0xCA30, 0xCA30, 11},
	{0xCA31, 0xCA4B, 12},
	{0xCA4C, 0xCA4C, 11},
	{0xCA4D, 0xCA67, 12},
	{0xCA68, 0xCA68, 11},
	{0xCA69, 0xCA83, 12},
	{0xCA84, 0xCA84, 11},
	{0xCA85, 0xCA9F, 12},
	{0xCAA0, 0xCAA0, 11},
	{0xCAA1, 0xCABB, 12},
	{0xCABC, 0xCABC, 11},
	{0xCABD, 0xCAD7, 12},
	{0xCAD8, 0xCAD8, 11},
	{0xCAD9, 0xCAF3, 12},
	{0xCAF4, 0xCAF4, 11},
	{0xCAF5, 0xCB0F, 12},
	{0xCB10, 0xCB10, 11},
	{0xCB11, 0xCB2B, 12},
	{0xCB2C, 0xCB2C, 11},
	{0xCB2D, 0xCB47, 12},
	{0xCB48, 0xCB48, 11},
	{0xCB49, 0xCB63, 12},
	{0xCB64, 0xCB64, 11},
	{0xCB65, 0xCB7F, 12},
	{0xCB80, 0xCB80, 11},
	{0xCB81, 0xCB9B, 12},
	{0xCB9C, 0xCB9C, 11},
	{0xCB9D, 0xCBB7, 12},
	{0xCBB8, 0xCBB8, 11},
	{0xCBB9, 0xCBD3, 12},
	{0xCBD4, 0xCBD4, 11},
	{0xCBD5, 0xCBEF, 12},
	{0xCBF0, 0xCBF0, 11},
	{0xCBF1, 0xCC0B, 12},
	{0xCC0C, 0xCC0C, 11},
	{0xCC0D, 0xCC27, 12},
	{0xCC28, 0xCC28, 11},
	{0xCC29, 0xCC43, 12},
	{0xCC44, 0xCC44, 11},
	{0xCC45, 0xCC5F, 12},
	{0xCC60, 0xCC60, 11},
	{0xCC61, 0xCC7B, 12},
	{0xCC7C, 0xCC7C, 11},
	{0xCC7D, 0xCC97, 12},
	{0xCC98, 0xCC98, 11},
	{0xCC99, 0xCCB3, 12},
	{0xCCB4, 0xCCB4, 11},
	{0xCCB5, 0xCCCF, 12},
	{0xCCD0, 0xCCD0, 11},
	{0xCCD1, 0xCCEB, 12},
	{0xCCEC, 0xCCEC, 11},
	{0xCCED, 0xCD07, 12},
	{0xCD08, 0xCD08, 11},
	{0xCD09, 0xCD23, 12},
	{0xCD24, 0xCD24, 11},
	{0xCD25, 0xCD3F, 12},
	{0xCD40, 0xCD40, 11},
	{0xCD41, 0xCD5B, 12},
	{0xCD5C, 0xCD5C, 11},
	{0xCD5D, 0xCD77, 12},
	{0xCD78, 0xCD78, 11},
	{0xCD79, 0xCD93, 12},
	{0xCD94, 0xCD94, 11},
	{0xCD95, 0xCDAF, 12},
	{0xCDB0, 0xCDB0, 11},
	{0xCDB1, 0xCDCB, 12},
	{0xCDCC, 0xCDCC, 11},
	{0xCDCD, 0xCDE7, 12},
	{0xCDE8, 0xCDE8, 11},
	{0xCDE9, 0xCE03, 12},
	{0xCE04, 0xCE04, 11},
	{0xCE05, 0xCE1F, 12},
	{0xCE20, 0xCE20, 11},
	{0xCE21, 0xCE3B, 12},
	{0xCE3C, 0xCE3C, 11},
	{0xCE3D, 0xCE57, 12},
	{0xCE58, 0xCE58, 11},
	{0xCE59, 0xCE73, 12},
	{0xCE74, 0xCE74, 11},
	{0xCE75, 0xCE8F, 12},
	{0xCE90, 0xCE90, 11},
	{0xCE91, 0xCEAB, 12},
	{0xCEAC, 0xCEAC, 11},
	{0xCEAD, 0xCEC7, 12},
	{0xCEC8, 0xCEC8, 11},
	{0xCEC9, 0xCEE3, 12},
	{0xCEE4, 0xCEE4, 11},
	{0xCEE5, 0xCEFF, 12},
	{0xCF00, 0xCF00, 11},
	{0xCF01, 0xCF1B, 12},
	{0xCF1C, 0xCF1C, 11},
	{0xCF1D, 0xCF37, 12},
	{0xCF38, 0xCF38, 11},
	{0xCF39, 0xCF53, 12},
	{0xCF54, 0xCF54, 11},
	{0xCF55, 0xCF6F, 12},
	{0xCF70, 0xCF70, 11},
	{0xCF71, 0xCF8B, 12},
	{0xCF8C, 0xCF8C, 11},
	{0xCF8D, 0xCFA7, 12},
	{0xCFA8, 0xCFA8, 11},
	{0xCFA9, 0xCFC3, 12},
	{0xCFC4, 0xCFC4, 11},
	{0xCFC5, 0xCFDF, 12},
	{0xCFE0, 0xCFE0, 11},
	{0xCFE1, 0xCFFB, 12},
	{0xCFFC, 0xCFFC, 11},
	{0xCFFD, 0xD017, 12},
	{0xD018, 0xD018, 11},
	{0xD019, 0xD033, 12},
	{0xD034, 0xD034, 11},
	{0xD035, 0xD04F, 12},
	{0xD050, 0xD050, 11},
	{0xD051, 0xD06B, 12},
	{0xD06C, 0xD06C, 11},
	{0xD06D, 0xD087, 12},
	{0xD088, 0xD088, 11},
	{0xD089, 0xD0A3, 12},
	{0xD0A4, 0xD0A4, 11},
	{0xD0A5, 0xD0BF, 12},
	{0xD0C0, 0xD0C0, 11},
	{0xD0C1, 0xD0DB, 12},
	{0xD0DC, 0xD0DC, 11},
	{0xD0DD, 0xD0F7, 12},
	{0xD0F8, 0xD0F8, 11},
	{0xD0F9, 0xD113, 12},
	{0xD114, 0xD114, 11},
	{0xD115, 0xD12F, 12},
	{0xD130, 0xD130, 11},
	{0xD131, 0xD14B, 12},
	{0xD14C, 0xD14C, 11},
	{0xD14D, 0xD167, 12},
	{0xD168, 0xD168, 11},
	{0xD169, 0xD183, 12},
	{0xD184, 0xD184, 11},
	{0xD185, 0xD19F, 12},
	{0xD1A0, 0xD1A0, 11},
	{0xD1A1, 0xD1BB, 12},
	{0xD1BC, 0xD1BC, 11},
	{0xD1BD, 0xD1D7, 12},
	{0xD1D8, 0xD1D8, 11},
	{0xD1D9, 0xD1F3, 12},
	{0xD1F4, 0xD1F4, 11},
	{0xD1F5, 0xD20F, 12},
	{0xD210, 0xD210, 11},
	{0xD211, 0xD22B, 12},
	{0xD22C, 0xD22C, 11},
	{0xD22D, 0xD247, 12},
	{0xD248, 0xD248, 11},
	{0xD249, 0xD263, 12},
	{0xD264, 0xD264, 11},
	{0xD265, 0xD27F, 12},
	{0xD280, 0xD280, 11},
	{0xD281, 0xD29B, 12},
	{0xD29C, 0xD29C, 11},
	{0xD29D, 0xD2B7, 12},
	{0xD2B8, 0xD2B8, 11},
	{0xD2B9, 0xD2D3, 12},
	{0xD2D4, 0xD2D4, 11},
	{0xD2D5, 0xD2EF, 12},
	{0xD2F0, 0xD2F0, 11},
	{0xD2F1, 0xD30B, 12},
	{0xD30C, 0xD30C, 11},
	{0xD30D, 0xD327, 12},
	{0xD328, 0xD328, 11},
	{0xD329, 0xD343, 12},
	{0xD344, 0xD344, 11},
	{0xD345, 0xD35F, 12},
	{0xD360, 0xD360, 11},
	{0xD361, 0xD37B, 12},
	{0xD37C, 0xD37C, 11},
	{0xD37D, 0xD397, 12},
	{0xD398, 0xD398, 11},
	{0xD399, 0xD3B3, 12},
	{0xD3B4, 0xD3B4, 11},
	{0xD3B5, 0xD3CF, 12},
	{0xD3D0, 0xD3D0, 11},
	{0xD3D1, 0xD3EB, 12},
	{0xD3EC, 0xD3EC, 11},
	{0xD3ED, 0xD407, 12},
	{0xD408, 0xD408, 11},
	{0xD409, 0xD423, 12},
	{0xD424, 0xD424, 11},
	{0xD425, 0xD43F, 12},
	{0xD440, 0xD440, 11},
	{0xD441, 0xD45B, 12},
	{0xD45C, 0xD45C, 11},
	{0xD45D, 0xD477, 12},
	{0xD478, 0xD478, 11},
	{0xD479, 0xD493, 12},
	{0xD494, 0xD494, 11},
	{0xD495, 0xD4AF, 12},
	{0xD4B0, 0xD4B0, 11},
	{0xD4B1, 0xD4CB, 12},
	{0xD4CC, 0xD4CC, 11},
	{0xD4CD, 0xD4E7, 12},
	{0xD4E8, 0xD4E8, 11},
	{0xD4E9, 0xD503, 12},
	{0xD504, 0xD504, 11},
	{0xD505, 0xD51F, 12},
	{0xD520, 0xD520, 11},
	{0xD521, 0xD53B, 12},
	{0xD53C, 0xD53C, 11},
	{0xD53D, 0xD557, 12},
	{0xD558, 0xD558, 11},
	{0xD559, 0xD573, 12},
	{0xD574, 0xD574, 11},
	{0xD575, 0xD58F, 12},
	{0xD590, 0xD590, 11},
	{0xD591, 0xD5AB, 12},
	{0xD5AC, 0xD5AC, 11},
	{0xD5AD, 0xD5C7, 12},
	{0xD5C8, 0xD5C8, 11},
	{0xD5C9, 0xD5E3, 12},
	{0xD5E4, 0xD5E4, 11},
	{0xD5E5, 0xD5FF, 12},
	{0xD600, 0xD600, 11},
	{0xD601, 0xD61B, 12},
	{0xD61C, 0xD61C, 11},
	{0xD61D, 0xD637, 12},
	{0xD638, 0xD638, 11},
	{0xD639, 0xD653, 12},
	{0xD654, 0xD654, 11},
	{0xD655, 0xD66F, 12},
	{0xD670, 0xD670, 11},
	{0xD671, 0xD68B, 12},
	{0xD68C, 0xD68C, 11},
	{0xD68D, 0xD6A7, 12},
	{0xD6A8, 0xD6A8, 11},
	{0xD6A9, 0xD6C3, 12},
	{0xD6C4, 0xD6C4, 11},
	{0xD6C5, 0xD6DF, 12},
	{0xD6E0, 0xD6E0, 11},
	{0xD6E1, 0xD6FB, 12},
	{0xD6FC, 0xD6FC, 11},
	{0xD6FD, 0xD717, 12},
	{0xD718, 0xD718, 11},
	{0xD719, 0xD733, 12},
	{0xD734, 0xD734, 11},
	{0xD735, 0xD74F, 12},
	{0xD750, 0xD750, 11},
	{0xD751, 0xD76B, 12},
	{0xD76C, 0xD76C, 11},
	{0xD76D, 0xD787, 12},
	{0xD788, 0xD788, 11},
	{0xD789, 0xD7A3, 12},
	{0xD7B0, 0xD7C6, 9},
	{0xD7CB, 0xD7FB, 10},
	{0xFB1E, 0xFB1E, 3},
	{0xFE00, 0xFE0F, 3},
	{0xFE20, 0xFE2F, 3},
	{0xFEFF, 0xFEFF, 0},
	{0xFF9E, 0xFF9F, 3},
	{0xFFF0, 0xFFFB, 0},
	{0x101FD, 0x101FD, 3},
	{0x102E0, 0x102E0, 3},
	{0x10376, 0x1037A, 3},
	{0x10A01, 0x10A03, 3},
	{0x10A05, 0x10A06, 3},
	{0x10A0C, 0x10A0F, 3},
	{0x10A38, 0x10A3A, 3},
	{0x10A3F, 0x10A3F, 3},
	{0x10AE5, 0x10AE6, 3},
	{0x10D24, 0x10D27, 3},
	{0x10D69, 0x10D6D, 3},
	{0x10EAB, 0x10EAC, 3},
	{0x10EFA, 0x10EFF, 3},
	{0x10F46, 0x10F50, 3},
	{0x10F82, 0x10F85, 3},
	{0x11000, 0x11000, 7},
	{0x11001, 0x11001, 3},
	{0x11002, 0x11002, 7},
	{0x11038, 0x11046, 3},
	{0x11070, 0x11070, 3},
	{0x11073, 0x11074, 3},
	{0x1107F, 0x11081, 3},
	{0x11082, 0x11082, 7},
	{0x110B0, 0x110B2, 7},
	{0x110B3, 0x110B6, 3},
	{0x110B7, 0x110B8, 7},
	{0x110B9, 0x110BA, 3},
	{0x110BD, 0x110BD, 6},
	{0x110C2, 0x110C2, 3},
	{0x110CD, 0x110CD, 6},
	{0x11100, 0x11102, 3},
	{0x11127, 0x1112B, 3},
	{0x1112C, 0x1112C, 7},
	{0x1112D, 0x11134, 3},
	{0x11145, 0x11146, 7},
	{0x11173, 0x11173, 3},
	{0x11180, 0x11181, 3},
	{0x11182, 0x11182, 7},
	{0x111B3, 0x111B5, 7},
	{0x111B6, 0x111BE, 3},
	{0x111BF, 0x111BF, 7},
	{0x111C0, 0x111C0, 3},
	{0x111C2, 0x111C3, 6},
	{0x111C9, 0x111CC, 3},
	{0x111CE, 0x111CE, 7},
	{0x111CF, 0x111CF, 3},
	{0x1122C, 0x1122E, 7},
	{0x1122F, 0x11231, 3},
	{0x11232, 0x11233, 7},
	{0x11234, 0x11237, 3},
	{0x1123E, 0x1123E, 3},
	{0x11241, 0x11241, 3},
	{0x112DF, 0x112DF, 3},
	{0x112E0, 0x112E2, 7},
	{0x112E3, 0x112EA, 3},
	{0x11300, 0x11301, 3},
	{0x11302, 0x11303, 7},
	{0x1133B, 0x1133C, 3},
	{0x1133E, 0x1133E, 3},
	{0x1133F, 0x1133F, 7},
	{0x11340, 0x11340, 3},
	{0x11341, 0x11344, 7},
	{0x11347, 0x11348, 7},
	{0x1134B, 0x1134C, 7},
	{0x1134D, 0x1134D, 3},
	{0x11357, 0x11357, 3},
	{0x11362, 0x11363, 7},
	{0x11366, 0x1136C, 3},
	{0x11370, 0x11374, 3},
	{0x113B8, 0x113B8, 3},
	{0x113B9, 0x113BA, 7},
	{0x113BB, 0x113C0, 3},
	{0x113C2, 0x113C2, 3},
	{0x113C5, 0x113C5, 3},
	{0x113C7, 0x113C9, 3},
	{0x113CA, 0x113CA, 7},
	{0x113CC, 0x113CD, 7},
	{0x113CE, 0x113D0, 3},
	{0x113D1, 0x113D1, 6},
	{0x113D2, 0x113D2, 3},
	{0x113E1, 0x113E2, 3},
	{0x11435, 0x11437, 7},
	{0x11438, 0x1143F, 3},
	{0x11440, 0x11441, 7},
	{0x11442, 0x11444, 3},
	{0x11445, 0x11445, 7},
	{0x11446, 0x11446, 3},
	{0x1145E, 0x1145E, 3},
	{0x114B0, 0x114B0, 3},
	{0x114B1, 0x114B2, 7},
	{0x114B3, 0x114B8, 3},
	{0x114B9, 0x114B9, 7},
	{0x114BA, 0x114BA, 3},
	{0x114BB, 0x114BC, 7},
	{0x114BD, 0x114BD, 3},
	{0x114BE, 0x114BE, 7},
	{0x114BF, 0x114C0, 3},
	{0x114C1, 0x114C1, 7},
	{0x114C2, 0x114C3, 3},
	{0x115AF, 0x115AF, 3},
	{0x115B0, 0x115B1, 7},
	{0x115B2, 0x115B5, 3},
	{0x115B8, 0x115BB, 7},
	{0x115BC, 0x115BD, 3},
	{0x115BE, 0x115BE, 7},
	{0x115BF, 0x115C0, 3},
	{0x115DC, 0x115DD, 3},
	{0x11630, 0x11632, 7},
	{0x11633, 0x1163A, 3},
	{0x1163B, 0x1163C, 7},
	{0x1163D, 0x1163D, 3},
	{0x1163E, 0x1163E, 7},
	{0x1163F, 0x11640, 3},
	{0x116AB, 0x116AB, 3},
	{0x116AC, 0x116AC, 7},
	{0x116AD, 0x116AD, 3},
	{0x116AE, 0x116AF, 7},
	{0x116B0, 0x116B7, 3},
	{0x1171D, 0x1171D, 3},
	{0x1171E, 0x1171E, 7},
	{0x1171F, 0x1171F, 3},
	{0x11722, 0x11725, 3},
	{0x11726, 0x11726, 7},
	{0x11727, 0x1172B, 3},
	{0x1182C, 0x1182E, 7},
	{0x1182F, 0x11837, 3},
	{0x11838, 0x11838, 7},
	{0x11839, 0x1183A, 3},
	{0x11930, 0x11930, 3},
	{0x11931, 0x11935, 7},
	{0x11937, 0x11938, 7},
	{0x1193B, 0x1193E, 3},
	{0x1193F, 0x1193F, 6},
	{0x11940, 0x11940, 7},
	{0x11941, 0x11941, 6},
	{0x11942, 0x11942, 7},
	{0x11943, 0x11943, 3},
	{0x119D1, 0x119D3, 7},
	{0x119D4, 0x119D7, 3},
	{0x119DA, 0x119DB, 3},
	{0x119DC, 0x119DF, 7},
	{0x119E0, 0x119E0, 3},
	{0x119E4, 0x119E4, 7},
	{0x11A01, 0x11A0A, 3},
	{0x11A33, 0x11A38, 3},
	{0x11A39, 0x11A39, 7},
	{0x11A3B, 0x11A3E, 3},
	{0x11A47, 0x11A47, 3},
	{0x11A51, 0x11A56, 3},
	{0x11A57, 0x11A58, 7},
	{0x11A59, 0x11A5B, 3},
	{0x11A84, 0x11A89, 6},
	{0x11A8A, 0x11A96, 3},
	{0x11A97, 0x11A97, 7},
	{0x11A98, 0x11A99, 3},
	{0x11B60, 0x11B60, 3},
	{0x11B61, 0x11B61, 7},
	{0x11B62, 0x11B64, 3},
	{0x11B65, 0x11B65, 7},
	{0x11B66, 0x11B66, 3},
	{0x11B67, 0x11B67, 7},
	{0x11C2F, 0x11C2F, 7},
	{0x11C30, 0x11C36, 3},
	{0x11C38, 0x11C3D, 3},
	{0x11C3E, 0x11C3E, 7},
	{0x11C3F, 0x11C3F, 3},
	{0x11C92, 0x11CA7, 3},
	{0x11CA9, 0x11CA9, 7},
	{0x11CAA, 0x11CB0, 3},
	{0x11CB1, 0x11CB1, 7},
	{0x11CB2, 0x11CB3, 3},
	{0x11CB4, 0x11CB4, 7},
	{0x11CB5, 0x11CB6, 3},
	{0x11D31, 0x11D36, 3},
	{0x11D3A, 0x11D3A, 3},
	{0x11D3C, 0x11D3D, 3},
	{0x11D3F, 0x11D45, 3},
	{0x11D46, 0x11D46, 6},
	{0x11D47, 0x11D47, 3},
	{0x11D8A, 0x11D8E, 7},
	{0x11D90, 0x11D91, 3},
	{0x11D93, 0x11D94, 7},
	{0x11D95, 0x11D95, 3},
	{0x11D96, 0x11D96, 7},
	{0x11D97, 0x11D97, 3},
	{0x11EF3, 0x11EF4, 3},
	{0x11EF5, 0x11EF6, 7},
	{0x11F00, 0x11F01, 3},
	{0x11F02, 0x11F02, 6},
	{0x11F03, 0x11F03, 7},
	{0x11F34, 0x11F35, 7},
	{0x11F36, 0x11F3A, 3},
	{0x11F3E, 0x11F3F, 7},
	{0x11F40, 0x11F42, 3},
	{0x11F5A, 0x11F5A, 3},
	{0x13430, 0x1343F, 0},
	{0x13440, 0x13440, 3},
	{0x13447, 0x13455, 3},
	{0x1611E, 0x16129, 3},
	{0x1612A, 0x1612C, 7},
	{0x1612D, 0x1612F, 3},
	{0x16AF0, 0x16AF4, 3},
	{0x16B30, 0x16B36, 3},
	{0x16D63, 0x16D63, 9},
	{0x16D67, 0x16D6A, 9},
	{0x16F4F, 0x16F4F, 3},
	{0x16F51, 0x16F87, 7},
	{0x16F8F, 0x16F92, 3},
	{0x16FE4, 0x16FE4, 3},
	{0x16FF0, 0x16FF1, 3},
	{0x1BC9D, 0x1BC9E, 3},
	{0x1BCA0, 0x1BCA3, 0},
	{0x1CF00, 0x1CF2D, 3},
	{0x1CF30, 0x1CF46, 3},
	{0x1D165, 0x1D169, 3},
	{0x1D16D, 0x1D172, 3},
	{0x1D173, 0x1D17A, 0},
	{0x1D17B, 0x1D182, 3},
	{0x1D185, 0x1D18B, 3},
	{0x1D1AA, 0x1D1AD, 3},
	{0x1D242, 0x1D244, 3},
	{0x1DA00, 0x1DA36, 3},
	{0x1DA3B, 0x1DA6C, 3},
	{0x1DA75, 0x1DA75, 3},
	{0x1DA84, 0x1DA84, 3},
	{0x1DA9B, 0x1DA9F, 3},
	{0x1DAA1, 0x1DAAF, 3},
	{0x1E000, 0x1E006, 3},
	{0x1E008, 0x1E018, 3},
	{0x1E01B, 0x1E021, 3},
	{0x1E023, 0x1E024, 3},
	{0x1E026, 0x1E02A, 3},
	{0x1E08F, 0x1E08F, 3},
	{0x1E130, 0x1E136, 3},
	{0x1E2AE, 0x1E2AE, 3},
	{0x1E2EC, 0x1E2EF, 3},
	{0x1E4EC, 0x1E4EF, 3},
	{0x1E5EE, 0x1E5EF, 3},
	{0x1E6E3, 0x1E6E3, 3},
	{0x1E6E6, 0x1E6E6, 3},
	{0x1E6EE, 0x1E6EF, 3},
	{0x1E6F5, 0x1E6F5, 3},
	{0x1E8D0, 0x1E8D6, 3},
	{0x1E944, 0x1E94A, 3},
	{0x1F004, 0x1F004, 13},
	{0x1F02C, 0x1F02F, 13},
	{0x1F094, 0x1F09F, 13},
	{0x1F0AF, 0x1F0B0, 13},
	{0x1F0C0, 0x1F0C0, 13},
	{0x1F0CF, 0x1F0D0, 13},
	{0x1F0F6, 0x1F0FF, 13},
	{0x1F170, 0x1F171, 13},
	{0x1F17E, 0x1F17F, 13},
	{0x1F18E, 0x1F18E, 13},
	{0x1F191, 0x1F19A, 13},
	{0x1F1AE, 0x1F1E5, 13},
	{0x1F1E6, 0x1F1FF, 5},
	{0x1F201, 0x1F20F, 13},
	{0x1F21A, 0x1F21A, 13},
	{0x1F22F, 0x1F22F, 13},
	{0x1F232, 0x1F23A, 13},
	{0x1F23C, 0x1F23F, 13},
	{0x1F249, 0x1F25F, 13},
	{0x1F266, 0x1F321, 13},
	{0x1F324, 0x1F393, 13},
	{0x1F396, 0x1F397, 13},
	{0x1F399, 0x1F39B, 13},
	{0x1F39E, 0x1F3F0, 13},
	{0x1F3F3, 0x1F3F5, 13},
	{0x1F3F7, 0x1F3FA, 13},
	{0x1F3FB, 0x1F3FF, 3},
	{0x1F400, 0x1F4FD, 13},
	{0x1F4FF, 0x1F53D, 13},
	{0x1F549, 0x1F54E, 13},
	{0x1F550, 0x1F567, 13},
	{0x1F56F, 0x1F570, 13},
	{0x1F573, 0x1F57A, 13},
	{0x1F587, 0x1F587, 13},
	{0x1F58A, 0x1F58D, 13},
	{0x1F590, 0x1F590, 13},
	{0x1F595, 0x1F596, 13},
	{0x1F5A4, 0x1F5A5, 13},
	{0x1F5A8, 0x1F5A8, 13},
	{0x1F5B1, 0x1F5B2, 13},
	{0x1F5BC, 0x1F5BC, 13},
	{0x1F5C2, 0x1F5C4, 13},
	{0x1F5D1, 0x1F5D3, 13},
	{0x1F5DC, 0x1F5DE, 13},
	{0x1F5E1, 0x1F5E1, 13},
	{0x1F5E3, 0x1F5E3, 13},
	{0x1F5E8, 0x1F5E8, 13},
	{0x1F5EF, 0x1F5EF, 13},
	{0x1F5F3, 0x1F5F3, 13},
	{0x1F5FA, 0x1F64F, 13},
	{0x1F680, 0x1F6C5, 13},
	{0x1F6CB, 0x1F6D2, 13},
	{0x1F6D5, 0x1F6E5, 13},
	{0x1F6E9, 0x1F6E9, 13},
	{0x1F6EB, 0x1F6F0, 13},
	{0x1F6F3, 0x1F6FF, 13},
	{0x1F7DA, 0x1F7FF, 13},
	{0x1F80C, 0x1F80F, 13},
	{0x1F848, 0x1F84F, 13},
	{0x1F85A, 0x1F85F, 13},
	{0x1F888, 0x1F88F, 13},
	{0x1F8AE, 0x1F8AF, 13},
	{0x1F8BC, 0x1F8BF, 13},
	{0x1F8C2, 0x1F8CF, 13},
	{0x1F8D9, 0x1F8FF, 13},
	{0x1F90C, 0x1F93A, 13},
	{0x1F93C, 0x1F945, 13},
	{0x1F947, 0x1F9FF, 13},
	{0x1FA58, 0x1FA5F, 13},
	{0x1FA6E, 0x1FAFF, 13},
	{0x1FC00, 0x1FFFD, 13},
	{0xE0000, 0xE001F, 0},
	{0xE0020, 0xE007F, 3},
	{0xE0080, 0xE00FF, 0},
	{0xE0100, 0xE01EF, 3},
	{0xE01F0, 0xE0FFF, 0},
};
/**
 * @brief Количество диапазонов таблицы: CLUSTERS
 *
 */
const size_t awh::regex::CLUSTERS_COUNT = 1542;
/**
 * @brief Таблица диапазонов кодовых значений: INDIC
 *
 */
const awh::regex::interval_t awh::regex::INDIC[] = {
	{0x300, 0x36F, 2},
	{0x483, 0x489, 2},
	{0x591, 0x5BD, 2},
	{0x5BF, 0x5BF, 2},
	{0x5C1, 0x5C2, 2},
	{0x5C4, 0x5C5, 2},
	{0x5C7, 0x5C7, 2},
	{0x610, 0x61A, 2},
	{0x64B, 0x65F, 2},
	{0x670, 0x670, 2},
	{0x6D6, 0x6DC, 2},
	{0x6DF, 0x6E4, 2},
	{0x6E7, 0x6E8, 2},
	{0x6EA, 0x6ED, 2},
	{0x711, 0x711, 2},
	{0x730, 0x74A, 2},
	{0x7A6, 0x7B0, 2},
	{0x7EB, 0x7F3, 2},
	{0x7FD, 0x7FD, 2},
	{0x816, 0x819, 2},
	{0x81B, 0x823, 2},
	{0x825, 0x827, 2},
	{0x829, 0x82D, 2},
	{0x859, 0x85B, 2},
	{0x897, 0x89F, 2},
	{0x8CA, 0x8E1, 2},
	{0x8E3, 0x902, 2},
	{0x915, 0x939, 1},
	{0x93A, 0x93A, 2},
	{0x93C, 0x93C, 2},
	{0x941, 0x948, 2},
	{0x94D, 0x94D, 3},
	{0x951, 0x957, 2},
	{0x958, 0x95F, 1},
	{0x962, 0x963, 2},
	{0x978, 0x97F, 1},
	{0x981, 0x981, 2},
	{0x995, 0x9A8, 1},
	{0x9AA, 0x9B0, 1},
	{0x9B2, 0x9B2, 1},
	{0x9B6, 0x9B9, 1},
	{0x9BC, 0x9BC, 2},
	{0x9BE, 0x9BE, 2},
	{0x9C1, 0x9C4, 2},
	{0x9CD, 0x9CD, 3},
	{0x9D7, 0x9D7, 2},
	{0x9DC, 0x9DD, 1},
	{0x9DF, 0x9DF, 1},
	{0x9E2, 0x9E3, 2},
	{0x9F0, 0x9F1, 1},
	{0x9FE, 0x9FE, 2},
	{0xA01, 0xA02, 2},
	{0xA3C, 0xA3C, 2},
	{0xA41, 0xA42, 2},
	{0xA47, 0xA48, 2},
	{0xA4B, 0xA4D, 2},
	{0xA51, 0xA51, 2},
	{0xA70, 0xA71, 2},
	{0xA75, 0xA75, 2},
	{0xA81, 0xA82, 2},
	{0xA95, 0xAA8, 1},
	{0xAAA, 0xAB0, 1},
	{0xAB2, 0xAB3, 1},
	{0xAB5, 0xAB9, 1},
	{0xABC, 0xABC, 2},
	{0xAC1, 0xAC5, 2},
	{0xAC7, 0xAC8, 2},
	{0xACD, 0xACD, 3},
	{0xAE2, 0xAE3, 2},
	{0xAF9, 0xAF9, 1},
	{0xAFA, 0xAFF, 2},
	{0xB01, 0xB01, 2},
	{0xB15, 0xB28, 1},
	{0xB2A, 0xB30, 1},
	{0xB32, 0xB33, 1},
	{0xB35, 0xB39, 1},
	{0xB3C, 0xB3C, 2},
	{0xB3E, 0xB3F, 2},
	{0xB41, 0xB44, 2},
	{0xB4D, 0xB4D, 3},
	{0xB55, 0xB57, 2},
	{0xB5C, 0xB5D, 1},
	{0xB5F, 0xB5F, 1},
	{0xB62, 0xB63, 2},
	{0xB71, 0xB71, 1},
	{0xB82, 0xB82, 2},
	{0xBBE, 0xBBE, 2},
	{0xBC0, 0xBC0, 2},
	{0xBCD, 0xBCD, 2},
	{0xBD7, 0xBD7, 2},
	{0xC00, 0xC00, 2},
	{0xC04, 0xC04, 2},
	{0xC15, 0xC28, 1},
	{0xC2A, 0xC39, 1},
	{0xC3C, 0xC3C, 2},
	{0xC3E, 0xC40, 2},
	{0xC46, 0xC48, 2},
	{0xC4A, 0xC4C, 2},
	{0xC4D, 0xC4D, 3},
	{0xC55, 0xC56, 2},
	{0xC58, 0xC5A, 1},
	{0xC62, 0xC63, 2},
	{0xC81, 0xC81, 2},
	{0xCBC, 0xCBC, 2},
	{0xCBF, 0xCC0, 2},
	{0xCC2, 0xCC2, 2},
	{0xCC6, 0xCC8, 2},
	{0xCCA, 0xCCD, 2},
	{0xCD5, 0xCD6, 2},
	{0xCE2, 0xCE3, 2},
	{0xD00, 0xD01, 2},
	{0xD15, 0xD3A, 1},
	{0xD3B, 0xD3C, 2},
	{0xD3E, 0xD3E, 2},
	{0xD41, 0xD44, 2},
	{0xD4D, 0xD4D, 3},
	{0xD57, 0xD57, 2},
	{0xD62, 0xD63, 2},
	{0xD81, 0xD81, 2},
	{0xDCA, 0xDCA, 2},
	{0xDCF, 0xDCF, 2},
	{0xDD2, 0xDD4, 2},
	{0xDD6, 0xDD6, 2},
	{0xDDF, 0xDDF, 2},
	{0xE31, 0xE31, 2},
	{0xE34, 0xE3A, 2},
	{0xE47, 0xE4E, 2},
	{0xEB1, 0xEB1, 2},
	{0xEB4, 0xEBC, 2},
	{0xEC8, 0xECE, 2},
	{0xF18, 0xF19, 2},
	{0xF35, 0xF35, 2},
	{0xF37, 0xF37, 2},
	{0xF39, 0xF39, 2},
	{0xF71, 0xF7E, 2},
	{0xF80, 0xF84, 2},
	{0xF86, 0xF87, 2},
	{0xF8D, 0xF97, 2},
	{0xF99, 0xFBC, 2},
	{0xFC6, 0xFC6, 2},
	{0x1000, 0x102A, 1},
	{0x102D, 0x1030, 2},
	{0x1032, 0x1037, 2},
	{0x1039, 0x1039, 3},
	{0x103A, 0x103A, 2},
	{0x103D, 0x103E, 2},
	{0x103F, 0x103F, 1},
	{0x1050, 0x1055, 1},
	{0x1058, 0x1059, 2},
	{0x105A, 0x105D, 1},
	{0x105E, 0x1060, 2},
	{0x1061, 0x1061, 1},
	{0x1065, 0x1066, 1},
	{0x106E, 0x1070, 1},
	{0x1071, 0x1074, 2},
	{0x1075, 0x1081, 1},
	{0x1082, 0x1082, 2},
	{0x1085, 0x1086, 2},
	{0x108D, 0x108D, 2},
	{0x108E, 0x108E, 1},
	{0x109D, 0x109D, 2},
	{0x135D, 0x135F, 2},
	{0x1712, 0x1715, 2},
	{0x1732, 0x1734, 2},
	{0x1752, 0x1753, 2},
	{0x1772, 0x1773, 2},
	{0x1780, 0x17B3, 1},
	{0x17B4, 0x17B5, 2},
	{0x17B7, 0x17BD, 2},
	{0x17C6, 0x17C6, 2},
	{0x17C9, 0x17D1, 2},
	{0x17D2, 0x17D2, 3},
	{0x17D3, 0x17D3, 2},
	{0x17DD, 0x17DD, 2},
	{0x180B, 0x180D, 2},
	{0x180F, 0x180F, 2},
	{0x1885, 0x1886, 2},
	{0x18A9, 0x18A9, 2},
	{0x1920, 0x1922, 2},
	{0x1927, 0x1928, 2},
	{0x1932, 0x1932, 2},
	{0x1939, 0x193B, 2},
	{0x1A17, 0x1A18, 2},
	{0x1A1B, 0x1A1B, 2},
	{0x1A20, 0x1A54, 1},
	{0x1A56, 0x1A56, 2},
	{0x1A58, 0x1A5E, 2},
	{0x1A60, 0x1A60, 3},
	{0x1A62, 0x1A62, 2},
	{0x1A65, 0x1A6C, 2},
	{0x1A73, 0x1A7C, 2},
	{0x1A7F, 0x1A7F, 2},
	{0x1AB0, 0x1ADD, 2},
	{0x1AE0, 0x1AEB, 2},
	{0x1B00, 0x1B03, 2},
	{0x1B0B, 0x1B0C, 1},
	{0x1B13, 0x1B33, 1},
	{0x1B34, 0x1B3D, 2},
	{0x1B42, 0x1B43, 2},
	{0x1B44, 0x1B44, 3},
	{0x1B45, 0x1B4C, 1},
	{0x1B6B, 0x1B73, 2},
	{0x1B80, 0x1B81, 2},
	{0x1B83, 0x1BA0, 1},
	{0x1BA2, 0x1BA5, 2},
	{0x1BA8, 0x1BAA, 2},
	{0x1BAB, 0x1BAB, 3},
	{0x1BAC, 0x1BAD, 2},
	{0x1BAE, 0x1BAF, 1},
	{0x1BBB, 0x1BBD, 1},
	{0x1BE6, 0x1BE6, 2},
	{0x1BE8, 0x1BE9, 2},
	{0x1BED, 0x1BED, 2},
	{0x1BEF, 0x1BF3, 2},
	{0x1C2C, 0x1C33, 2},
	{0x1C36, 0x1C37, 2},
	{0x1CD0, 0x1CD2, 2},
	{0x1CD4, 0x1CE0, 2},
	{0x1CE2, 0x1CE8, 2},
	{0x1CED, 0x1CED, 2},
	{0x1CF4, 0x1CF4, 2},
	{0x1CF8, 0x1CF9, 2},
	{0x1DC0, 0x1DFF, 2},
	{0x200D, 0x200D, 2},
	{0x20D0, 0x20F0, 2},
	{0x2CEF, 0x2CF1, 2},
	{0x2D7F, 0x2D7F, 2},
	{0x2DE0, 0x2DFF, 2},
	{0x302A, 0x302F, 2},
	{0x3099, 0x309A, 2},
	{0xA66F, 0xA672, 2},
	{0xA674, 0xA67D, 2},
	{0xA69E, 0xA69F, 2},
	{0xA6F0, 0xA6F1, 2},
	{0xA802, 0xA802, 2},
	{0xA806, 0xA806, 2},
	{0xA80B, 0xA80B, 2},
	{0xA825, 0xA826, 2},
	{0xA82C, 0xA82C, 2},
	{0xA8C4, 0xA8C5, 2},
	{0xA8E0, 0xA8F1, 2},
	{0xA8FF, 0xA8FF, 2},
	{0xA926, 0xA92D, 2},
	{0xA947, 0xA951, 2},
	{0xA953, 0xA953, 2},
	{0xA980, 0xA982, 2},
	{0xA989, 0xA98B, 1},
	{0xA98F, 0xA9B2, 1},
	{0xA9B3, 0xA9B3, 2},
	{0xA9B6, 0xA9B9, 2},
	{0xA9BC, 0xA9BD, 2},
	{0xA9C0, 0xA9C0, 3},
	{0xA9E0, 0xA9E4, 1},
	{0xA9E5, 0xA9E5, 2},
	{0xA9E7, 0xA9EF, 1},
	{0xA9FA, 0xA9FE, 1},
	{0xAA29, 0xAA2E, 2},
	{0xAA31, 0xAA32, 2},
	{0xAA35, 0xAA36, 2},
	{0xAA43, 0xAA43, 2},
	{0xAA4C, 0xAA4C, 2},
	{0xAA60, 0xAA6F, 1},
	{0xAA71, 0xAA73, 1},
	{0xAA7A, 0xAA7A, 1},
	{0xAA7C, 0xAA7C, 2},
	{0xAA7E, 0xAA7F, 1},
	{0xAAB0, 0xAAB0, 2},
	{0xAAB2, 0xAAB4, 2},
	{0xAAB7, 0xAAB8, 2},
	{0xAABE, 0xAABF, 2},
	{0xAAC1, 0xAAC1, 2},
	{0xAAE0, 0xAAEA, 1},
	{0xAAEC, 0xAAED, 2},
	{0xAAF6, 0xAAF6, 3},
	{0xABC0, 0xABDA, 1},
	{0xABE5, 0xABE5, 2},
	{0xABE8, 0xABE8, 2},
	{0xABED, 0xABED, 2},
	{0xFB1E, 0xFB1E, 2},
	{0xFE00, 0xFE0F, 2},
	{0xFE20, 0xFE2F, 2},
	{0xFF9E, 0xFF9F, 2},
	{0x101FD, 0x101FD, 2},
	{0x102E0, 0x102E0, 2},
	{0x10376, 0x1037A, 2},
	{0x10A00, 0x10A00, 1},
	{0x10A01, 0x10A03, 2},
	{0x10A05, 0x10A06, 2},
	{0x10A0C, 0x10A0F, 2},
	{0x10A10, 0x10A13, 1},
	{0x10A15, 0x10A17, 1},
	{0x10A19, 0x10A35, 1},
	{0x10A38, 0x10A3A, 2},
	{0x10A3F, 0x10A3F, 3},
	{0x10AE5, 0x10AE6, 2},
	{0x10D24, 0x10D27, 2},
	{0x10D69, 0x10D6D, 2},
	{0x10EAB, 0x10EAC, 2},
	{0x10EFA, 0x10EFF, 2},
	{0x10F46, 0x10F50, 2},
	{0x10F82, 0x10F85, 2},
	{0x11001, 0x11001, 2},
	{0x11038, 0x11046, 2},
	{0x11070, 0x11070, 2},
	{0x11073, 0x11074, 2},
	{0x1107F, 0x11081, 2},
	{0x110B3, 0x110B6, 2},
	{0x110B9, 0x110BA, 2},
	{0x110C2, 0x110C2, 2},
	{0x11100, 0x11102, 2},
	{0x11103, 0x11126, 1},
	{0x11127, 0x1112B, 2},
	{0x1112D, 0x11132, 2},
	{0x11133, 0x11133, 3},
	{0x11134, 0x11134, 2},
	{0x11144, 0x11144, 1},
	{0x11147, 0x11147, 1},
	{0x11173, 0x11173, 2},
	{0x11180, 0x11181, 2},
	{0x111B6, 0x111BE, 2},
	{0x111C0, 0x111C0, 2},
	{0x111C9, 0x111CC, 2},
	{0x111CF, 0x111CF, 2},
	{0x1122F, 0x11231, 2},
	{0x11234, 0x11237, 2},
	{0x1123E, 0x1123E, 2},
	{0x11241, 0x11241, 2},
	{0x112DF, 0x112DF, 2},
	{0x112E3, 0x112EA, 2},
	{0x11300, 0x11301, 2},
	{0x1133B, 0x1133C, 2},
	{0x1133E, 0x1133E, 2},
	{0x11340, 0x11340, 2},
	{0x1134D, 0x1134D, 2},
	{0x11357, 0x11357, 2},
	{0x11366, 0x1136C, 2},
	{0x11370, 0x11374, 2},
	{0x11380, 0x11389, 1},
	{0x1138B, 0x1138B, 1},
	{0x1138E, 0x1138E, 1},
	{0x11390, 0x113B5, 1},
	{0x113B8, 0x113B8, 2},
	{0x113BB, 0x113C0, 2},
	{0x113C2, 0x113C2, 2},
	{0x113C5, 0x113C5, 2},
	{0x113C7, 0x113C9, 2},
	{0x113CE, 0x113CF, 2},
	{0x113D0, 0x113D0, 3},
	{0x113D2, 0x113D2, 2},
	{0x113E1, 0x113E2, 2},
	{0x11438, 0x1143F, 2},
	{0x11442, 0x11444, 2},
	{0x11446, 0x11446, 2},
	{0x1145E, 0x1145E, 2},
	{0x114B0, 0x114B0, 2},
	{0x114B3, 0x114B8, 2},
	{0x114BA, 0x114BA, 2},
	{0x114BD, 0x114BD, 2},
	{0x114BF, 0x114C0, 2},
	{0x114C2, 0x114C3, 2},
	{0x115AF, 0x115AF, 2},
	{0x115B2, 0x115B5, 2},
	{0x115BC, 0x115BD, 2},
	{0x115BF, 0x115C0, 2},
	{0x115DC, 0x115DD, 2},
	{0x11633, 0x1163A, 2},
	{0x1163D, 0x1163D, 2},
	{0x1163F, 0x11640, 2},
	{0x116AB, 0x116AB, 2},
	{0x116AD, 0x116AD, 2},
	{0x116B0, 0x116B7, 2},
	{0x1171D, 0x1171D, 2},
	{0x1171F, 0x1171F, 2},
	{0x11722, 0x11725, 2},
	{0x11727, 0x1172B, 2},
	{0x1182F, 0x11837, 2},
	{0x11839, 0x1183A, 2},
	{0x11900, 0x11906, 1},
	{0x11909, 0x11909, 1},
	{0x1190C, 0x11913, 1},
	{0x11915, 0x11916, 1},
	{0x11918, 0x1192F, 1},
	{0x11930, 0x11930, 2},
	{0x1193B, 0x1193D, 2},
	{0x1193E, 0x1193E, 3},
	{0x11943, 0x11943, 2},
	{0x119D4, 0x119D7, 2},
	{0x119DA, 0x119DB, 2},
	{0x119E0, 0x119E0, 2},
	{0x11A00, 0x11A00, 1},
	{0x11A01, 0x11A0A, 2},
	{0x11A0B, 0x11A32, 1},
	{0x11A33, 0x11A38, 2},
	{0x11A3B, 0x11A3E, 2},
	{0x11A47, 0x11A47, 3},
	{0x11A50, 0x11A50, 1},
	{0x11A51, 0x11A56, 2},
	{0x11A59, 0x11A5B, 2},
	{0x11A5C, 0x11A83, 1},
	{0x11A8A, 0x11A96, 2},
	{0x11A98, 0x11A98, 2},
	{0x11A99, 0x11A99, 3},
	{0x11B60, 0x11B60, 2},
	{0x11B62, 0x11B64, 2},
	{0x11B66, 0x11B66, 2},
	{0x11C30, 0x11C36, 2},
	{0x11C38, 0x11C3D, 2},
	{0x11C3F, 0x11C3F, 2},
	{0x11C92, 0x11CA7, 2},
	{0x11CAA, 0x11CB0, 2},
	{0x11CB2, 0x11CB3, 2},
	{0x11CB5, 0x11CB6, 2},
	{0x11D31, 0x11D36, 2},
	{0x11D3A, 0x11D3A, 2},
	{0x11D3C, 0x11D3D, 2},
	{0x11D3F, 0x11D45, 2},
	{0x11D47, 0x11D47, 2},
	{0x11D90, 0x11D91, 2},
	{0x11D95, 0x11D95, 2},
	{0x11D97, 0x11D97, 2},
	{0x11EF3, 0x11EF4, 2},
	{0x11F00, 0x11F01, 2},
	{0x11F04, 0x11F10, 1},
	{0x11F12, 0x11F33, 1},
	{0x11F36, 0x11F3A, 2},
	{0x11F40, 0x11F41, 2},
	{0x11F42, 0x11F42, 3},
	{0x11F5A, 0x11F5A, 2},
	{0x13440, 0x13440, 2},
	{0x13447, 0x13455, 2},
	{0x1611E, 0x16129, 2},
	{0x1612D, 0x1612F, 2},
	{0x16AF0, 0x16AF4, 2},
	{0x16B30, 0x16B36, 2},
	{0x16F4F, 0x16F4F, 2},
	{0x16F8F, 0x16F92, 2},
	{0x16FE4, 0x16FE4, 2},
	{0x16FF0, 0x16FF1, 2},
	{0x1BC9D, 0x1BC9E, 2},
	{0x1CF00, 0x1CF2D, 2},
	{0x1CF30, 0x1CF46, 2},
	{0x1D165, 0x1D169, 2},
	{0x1D16D, 0x1D172, 2},
	{0x1D17B, 0x1D182, 2},
	{0x1D185, 0x1D18B, 2},
	{0x1D1AA, 0x1D1AD, 2},
	{0x1D242, 0x1D244, 2},
	{0x1DA00, 0x1DA36, 2},
	{0x1DA3B, 0x1DA6C, 2},
	{0x1DA75, 0x1DA75, 2},
	{0x1DA84, 0x1DA84, 2},
	{0x1DA9B, 0x1DA9F, 2},
	{0x1DAA1, 0x1DAAF, 2},
	{0x1E000, 0x1E006, 2},
	{0x1E008, 0x1E018, 2},
	{0x1E01B, 0x1E021, 2},
	{0x1E023, 0x1E024, 2},
	{0x1E026, 0x1E02A, 2},
	{0x1E08F, 0x1E08F, 2},
	{0x1E130, 0x1E136, 2},
	{0x1E2AE, 0x1E2AE, 2},
	{0x1E2EC, 0x1E2EF, 2},
	{0x1E4EC, 0x1E4EF, 2},
	{0x1E5EE, 0x1E5EF, 2},
	{0x1E6E3, 0x1E6E3, 2},
	{0x1E6E6, 0x1E6E6, 2},
	{0x1E6EE, 0x1E6EF, 2},
	{0x1E6F5, 0x1E6F5, 2},
	{0x1E8D0, 0x1E8D6, 2},
	{0x1E944, 0x1E94A, 2},
	{0x1F3FB, 0x1F3FF, 2},
	{0xE0020, 0xE007F, 2},
	{0xE0100, 0xE01EF, 2},
};
/**
 * @brief Количество диапазонов таблицы: INDIC
 *
 */
const size_t awh::regex::INDIC_COUNT = 473;
/**
 * @brief Наборы письменностей расширений, завершаемые признаком конца
 *
 */
const uint16_t awh::regex::EXTENSION_SETS[] = {
	0x5, 0x13, 0x1A, 0x23, 0x25, 0x29, 0x2A, 0x2F, 0x2B, 0x2D, 0x32, 0x4A, 0x51, 0x52, 0x72, 0x86, 0xFFFF, 0xA, 0x1E, 0x20, 0x4A, 0x4F, 0x9E, 0xA4, 0xFFFF, 0xD, 0x4A, 0xFFFF, 0x4A, 0x4F, 0xFFFF, 0x4A, 0x9E, 0xFFFF, 0x17, 0x1A, 0x1E, 0x2D, 0x4A, 0x72, 0x8F, 0x94, 0xFFFF, 0x17, 0x1E, 0x2D, 0x4A, 0x79, 0x8F, 0x94, 0xA2, 0xFFFF, 0x17, 0x1E, 0x4A, 0xA0, 0xFFFF, 0x2A, 0x4A, 0x8F, 0x91, 0x9E, 0xFFFF, 0x14, 0x17, 0x1A, 0x1E, 0x2B, 0x2D, 0x4A, 0x79, 0x91, 0xA0, 0xA2, 0xFFFF, 0x1A, 0x25, 0x2A, 0x2B, 0x40, 0x4A, 0xFFFF, 0x1E, 0x2D, 0x4A, 0x72, 0xA0, 0xFFFF, 0x1A, 0x23, 0x37, 0x4A, 0x72, 0x91, 0x94, 0xA0, 0xA2, 0xFFFF, 0x4, 0x1E, 0x23, 0x2B, 0x2D, 0x37, 0x4A, 0x72, 0x91, 0x94, 0xA0, 0xFFFF, 0x4A, 0xA0, 0xFFFF, 0x23, 0x4A, 0x91, 0xFFFF, 0x17, 0x1E, 0x4A, 0x79, 0xFFFF, 0x17, 0x4A, 0x94, 0xFFFF, 0x4A, 0x8F, 0xFFFF, 0x27, 0x4A, 0xFFFF, 0x1E, 0x4A, 0xA2, 0xFFFF, 0x2D, 0x4A, 0x72, 0xA2, 0xFFFF, 0x17, 0x23, 0x40, 0x4A, 0x91, 0xA0, 0xFFFF, 0x17, 0x23, 0x4A, 0x91, 0xFFFF, 0x4A, 0x91, 0xFFFF, 0x4A, 0x8F, 0x91, 0xFFFF, 0x17, 0x4A, 0x91, 0xFFFF, 0x14, 0x17, 0x2B, 0x4A, 0x8F, 0x91, 0x9E, 0xFFFF, 0x2D, 0xFFFF, 0x4A, 0x79, 0xFFFF, 0x14, 0x4A, 0xA2, 0xFFFF, 0x4A, 0xFFFF, 0x1A, 0x2D, 0xFFFF, 0x1E, 0x72, 0xFFFF, 0x1E, 0x2A, 0xFFFF, 0x1E, 0x4A, 0xFFFF, 0x4, 0x29, 0x2A, 0xFFFF, 0x3, 0x28, 0x69, 0x34, 0x91, 0x9D, 0xAB, 0xFFFF, 0x3, 0x91, 0x9D, 0xFFFF, 0x0, 0x3, 0x28, 0x69, 0x34, 0x91, 0x9D, 0xAB, 0xFFFF, 0x0, 0x3, 0x55, 0x56, 0x77, 0x80, 0x34, 0x8B, 0x91, 0xFFFF, 0x3, 0x91, 0xFFFF, 0x3, 0x9D, 0xAB, 0xFFFF, 0x3, 0x34, 0xFFFF, 0xA, 0x20, 0x2C, 0x2E, 0x30, 0x3F, 0x4A, 0x54, 0x66, 0x68, 0x78, 0x85, 0x99, 0x9C, 0xA1, 0xFFFF, 0xA, 0x20, 0x2C, 0x2E, 0x30, 0x3F, 0x4A, 0x54, 0x68, 0x78, 0x99, 0x9C, 0xA1, 0xFFFF, 0xA, 0x20, 0x22, 0x2F, 0x58, 0x2C, 0x2E, 0x30, 0x3F, 0x52, 0x54, 0x66, 0x6E, 0x78, 0x47, 0x8A, 0x90, 0x98, 0x99, 0x9C, 0xA1, 0xFFFF, 0xA, 0x20, 0x22, 0x2F, 0x58, 0x2C, 0x2E, 0x31, 0x30, 0x3F, 0x4C, 0x52, 0x54, 0x66, 0x6E, 0x78, 0x47, 0x8A, 0x90, 0x98, 0x99, 0x9C, 0xA1, 0xFFFF, 0x20, 0x22, 0x3E, 0x52, 0xFFFF, 0xA, 0x15, 0x90, 0xFFFF, 0x30, 0x62, 0xFFFF, 0x2E, 0x46, 0xFFFF, 0x2C, 0x99, 0xFFFF, 0x3F, 0x66, 0xA5, 0xFFFF, 0x15, 0x63, 0x94, 0xFFFF, 0x29, 0x2A, 0x4A, 0xFFFF, 0x82, 0xFFFF, 0x11, 0x35, 0x93, 0x92, 0xFFFF, 0x60, 0x7E, 0xFFFF, 0xA, 0x20, 0x2C, 0x3F, 0xFFFF, 0x20, 0xFFFF, 0x20, 0x2C, 0x3F, 0xFFFF, 0xA, 0x20, 0x68, 0x9C, 0xA1, 0xFFFF, 0xA, 0x20, 0x9C, 0xFFFF, 0x20, 0x68, 0x85, 0xFFFF, 0xA, 0x20, 0x68, 0x9C, 0xFFFF, 0x20, 0x85, 0xFFFF, 0x20, 0x3F, 0x54, 0x78, 0x99, 0x9C, 0xFFFF, 0xA, 0x20, 0xFFFF, 0x20, 0x68, 0xA1, 0xFFFF, 0x20, 0x66, 0x68, 0xFFFF, 0xA, 0x20, 0x85, 0xFFFF, 0x20, 0x68, 0xFFFF, 0xA, 0x20, 0x68, 0x85, 0xFFFF, 0xA, 0x20, 0x2C, 0x3F, 0x54, 0x66, 0x78, 0x8A, 0x9C, 0xA1, 0xA5, 0xFFFF, 0x20, 0x2C, 0xFFFF, 0x20, 0x2C, 0x3F, 0xA5, 0xFFFF, 0xA, 0xFFFF, 0x66, 0xFFFF, 0x1E, 0x4A, 0x91, 0xFFFF, 0x91, 0xFFFF, 0x4A, 0x60, 0x7E, 0xFFFF, 0x0, 0x3, 0xFFFF, 0x13, 0x29, 0x2A, 0x6F, 0x50, 0x76, 0xFFFF, 0x13, 0x2D, 0x6F, 0x5D, 0xFFFF, 0x20, 0x2C, 0x4A, 0xFFFF, 0x1A, 0x4A, 0xFFFF, 0x5, 0x76, 0xFFFF, 0x5, 0x13, 0x29, 0x6F, 0x3E, 0x51, 0x83, 0xFFFF, 0x23, 0xFFFF, 0x0, 0x3, 0x6F, 0xFFFF, 0x32, 0x9B, 0xFFFF, 0xD, 0x33, 0x32, 0x38, 0x40, 0x60, 0xAC, 0xFFFF, 0xD, 0x33, 0x32, 0x38, 0x40, 0x60, 0x7E, 0xAC, 0xFFFF, 0xD, 0x33, 0x32, 0x38, 0x40, 0xFFFF, 0x32, 0xFFFF, 0xD, 0x33, 0x32, 0x38, 0x40, 0x60, 0x9F, 0xAC, 0xFFFF, 0xD, 0x33, 0x32, 0x38, 0x40, 0x4F, 0x60, 0x9F, 0xAC, 0xFFFF, 0xD, 0x33, 0x32, 0x38, 0x40, 0xAC, 0xFFFF, 0xD, 0x32, 0xFFFF, 0x38, 0x40, 0xFFFF, 0x32, 0x38, 0x40, 0xFFFF, 0x32, 0x4A, 0xFFFF, 0x20, 0x22, 0x2E, 0x30, 0x46, 0x3F, 0x3E, 0x52, 0x54, 0x5F, 0x66, 0x85, 0x47, 0x98, 0xA1, 0xA5, 0xFFFF, 0x20, 0x22, 0x2E, 0x30, 0x46, 0x3F, 0x3E, 0x52, 0x5F, 0x66, 0x85, 0x47, 0x98, 0xA1, 0xA5, 0xFFFF, 0x20, 0x22, 0x2E, 0x30, 0x46, 0x3E, 0x52, 0x5F, 0x47, 0x98, 0xA1, 0xFFFF, 0x20, 0x22, 0x2E, 0x30, 0x46, 0x3E, 0x52, 0x5F, 0x85, 0x47, 0x98, 0xA1, 0xFFFF, 0xA, 0x20, 0xA5, 0xFFFF, 0x20, 0x99, 0xFFFF, 0x42, 0x4A, 0x63, 0xFFFF, 0x10, 0x3D, 0xFFFF, 0x3, 0x69, 0xFFFF, 0x3, 0x9D, 0xFFFF, 0x1D, 0x1C, 0x4E, 0xFFFF, 0x1C, 0x4E, 0xFFFF, 0x1C, 0x4D, 0x4E, 0xFFFF, 0x3, 0x1A, 0xFFFF, 0x56, 0x77, 0xFFFF
};
/**
 * @brief Смещения наборов письменностей расширений
 *
 */
const uint32_t awh::regex::EXTENSION_OFFSETS[] = {
	0, 17, 25, 28, 31, 34, 43, 52, 57, 63, 75, 82, 88, 98, 110, 113, 117, 122, 126, 129, 132, 136, 141, 148, 153, 156, 160, 164, 172, 174, 177, 181, 183, 186, 189, 192, 195, 199, 207, 211, 220, 230, 233, 237, 240, 256, 270, 292, 316, 321, 325, 328, 331, 334, 338, 342, 346, 348, 353, 356, 361, 363, 367, 373, 377, 381, 386, 389, 396, 399, 403, 407, 411, 414, 419, 431, 434, 439, 441, 443, 447, 449, 453, 456, 463, 468, 472, 475, 478, 486, 488, 492, 495, 503, 512, 518, 520, 529, 539, 546, 549, 552, 556, 559, 576, 592, 604, 617, 621, 624, 628, 631, 634, 637, 641, 644, 648, 651
};
/**
 * @brief Размещение диапазонов двоичных свойств: смещение и количество
 *
 */
const uint32_t awh::regex::BINARY_SPANS[] = {
	0, 3, 3, 761, 764, 4, 768, 95, 863, 464, 1327, 158, 1485, 630, 2115, 131, 2246, 618, 2864, 633, 3497, 634, 4131, 24, 4155, 17, 4172, 8, 4180, 220, 4400, 151, 4551, 10, 4561, 1, 4562, 40, 4602, 81, 4683, 156, 4839, 43, 4882, 904, 5786, 383, 6169, 58, 6227, 6, 6233, 10, 6243, 3, 6246, 1, 6247, 1, 6248, 18, 6266, 13, 6279, 799, 7078, 684, 7762, 21, 7783, 432, 8215, 1, 8216, 7, 8223, 677, 8900, 141, 9041, 9, 9050, 18, 9068, 255, 9323, 11, 9334, 49, 9383, 7, 9390, 4, 9394, 28, 9422, 134, 9556, 5, 9561, 28, 9589, 5, 9594, 7, 9601, 13, 9614, 3, 9617, 1, 9618, 88, 9706, 34, 9740, 116, 9856, 16, 9872, 660, 10532, 4, 10536, 10, 10546, 806, 11352, 691
};
/**
 * @brief Количество двоичных свойств
 *
 */
const size_t awh::regex::BINARY_COUNT = 65;
/**
 * @brief Соответствие имён свойств их идентификаторам
 *
 */
const awh::regex::naming_t awh::regex::NAMES[] = {
	{"adlam", 0x400},
	{"adlm", 0x400},
	{"aghb", 0x414},
	{"ahex", 0x1000},
	{"ahom", 0x401},
	{"alpha", 0x1001},
	{"alphabetic", 0x1001},
	{"anatolianhieroglyphs", 0x402},
	{"arab", 0x403},
	{"arabic", 0x403},
	{"armenian", 0x404},
	{"armi", 0x439},
	{"armn", 0x404},
	{"ascii", 0x2F},
	{"asciihexdigit", 0x1000},
	{"avestan", 0x405},
	{"avst", 0x405},
	{"bali", 0x406},
	{"balinese", 0x406},
	{"bamu", 0x407},
	{"bamum", 0x407},
	{"bass", 0x408},
	{"bassavah", 0x408},
	{"batak", 0x409},
	{"batk", 0x409},
	{"bc=al", 0x1800},
	{"bc=an", 0x1801},
	{"bc=bn", 0x1803},
	{"bc=c", 0x1002},
	{"bc=control", 0x1002},
	{"bc=cs", 0x1804},
	{"bc=en", 0x1805},
	{"bc=es", 0x1806},
	{"bc=et", 0x1807},
	{"bc=fsi", 0x1808},
	{"bc=l", 0x1809},
	{"bc=lre", 0x180A},
	{"bc=lri", 0x180B},
	{"bc=lro", 0x180C},
	{"bc=m", 0x1003},
	{"bc=nsm", 0x180D},
	{"bc=on", 0x180E},
	{"bc=pdf", 0x180F},
	{"bc=pdi", 0x1810},
	{"bc=r", 0x1811},
	{"bc=rle", 0x1812},
	{"bc=rli", 0x1813},
	{"bc=rlo", 0x1814},
	{"bc=s", 0x1815},
	{"bc=ws", 0x1816},
	{"beng", 0x40A},
	{"bengali", 0x40A},
	{"berf", 0x40B},
	{"beriaerfe", 0x40B},
	{"bhaiksuki", 0x40C},
	{"bhks", 0x40C},
	{"bidic", 0x1002},
	{"bidicontrol", 0x1002},
	{"bidim", 0x1003},
	{"bidimirrored", 0x1003},
	{"bopo", 0x40D},
	{"bopomofo", 0x40D},
	{"brah", 0x40E},
	{"brahmi", 0x40E},
	{"brai", 0x40F},
	{"braille", 0x40F},
	{"bugi", 0x410},
	{"buginese", 0x410},
	{"buhd", 0x411},
	{"buhid", 0x411},
	{"c", 0x2},
	{"cakm", 0x415},
	{"canadianaboriginal", 0x412},
	{"cans", 0x412},
	{"cari", 0x413},
	{"carian", 0x413},
	{"cased", 0x1005},
	{"caseignorable", 0x1004},
	{"caucasianalbanian", 0x414},
	{"cc", 0x3},
	{"cf", 0x4},
	{"chakma", 0x415},
	{"cham", 0x416},
	{"changeswhencasefolded", 0x1006},
	{"changeswhencasemapped", 0x1007},
	{"changeswhenlowercased", 0x1008},
	{"changeswhentitlecased", 0x1009},
	{"changeswhenuppercased", 0x100A},
	{"cher", 0x417},
	{"cherokee", 0x417},
	{"chorasmian", 0x418},
	{"chrs", 0x418},
	{"ci", 0x1004},
	{"cn", 0x5},
	{"co", 0x6},
	{"common", 0x419},
	{"copt", 0x41A},
	{"coptic", 0x41A},
	{"cpmn", 0x41D},
	{"cprt", 0x41C},
	{"cs", 0x7},
	{"cuneiform", 0x41B},
	{"cwcf", 0x1006},
	{"cwcm", 0x1007},
	{"cwl", 0x1008},
	{"cwt", 0x1009},
	{"cwu", 0x100A},
	{"cypriot", 0x41C},
	{"cyprominoan", 0x41D},
	{"cyrillic", 0x41E},
	{"cyrl", 0x41E},
	{"dash", 0x100B},
	{"defaultignorablecodepoint", 0x100C},
	{"dep", 0x100D},
	{"deprecated", 0x100D},
	{"deseret", 0x41F},
	{"deva", 0x420},
	{"devanagari", 0x420},
	{"di", 0x100C},
	{"dia", 0x100E},
	{"diacritic", 0x100E},
	{"diak", 0x421},
	{"divesakuru", 0x421},
	{"dogr", 0x422},
	{"dogra", 0x422},
	{"dsrt", 0x41F},
	{"dupl", 0x423},
	{"duployan", 0x423},
	{"ebase", 0x1012},
	{"ecomp", 0x1010},
	{"egyp", 0x424},
	{"egyptianhieroglyphs", 0x424},
	{"elba", 0x425},
	{"elbasan", 0x425},
	{"elym", 0x426},
	{"elymaic", 0x426},
	{"emod", 0x1011},
	{"emoji", 0x100F},
	{"emojicomponent", 0x1010},
	{"emojimodifier", 0x1011},
	{"emojimodifierbase", 0x1012},
	{"emojipresentation", 0x1013},
	{"epres", 0x1013},
	{"ethi", 0x427},
	{"ethiopic", 0x427},
	{"ext", 0x1015},
	{"extendedpictographic", 0x1014},
	{"extender", 0x1015},
	{"extpict", 0x1014},
	{"gara", 0x428},
	{"garay", 0x428},
	{"geor", 0x429},
	{"georgian", 0x429},
	{"glag", 0x42A},
	{"glagolitic", 0x42A},
	{"gong", 0x42F},
	{"gonm", 0x458},
	{"goth", 0x42B},
	{"gothic", 0x42B},
	{"gran", 0x42C},
	{"grantha", 0x42C},
	{"graphemebase", 0x1016},
	{"graphemeextend", 0x1017},
	{"graphemelink", 0x1018},
	{"grbase", 0x1016},
	{"greek", 0x42D},
	{"grek", 0x42D},
	{"grext", 0x1017},
	{"grlink", 0x1018},
	{"gujarati", 0x42E},
	{"gujr", 0x42E},
	{"gukh", 0x431},
	{"gunjalagondi", 0x42F},
	{"gurmukhi", 0x430},
	{"guru", 0x430},
	{"gurungkhema", 0x431},
	{"han", 0x432},
	{"hang", 0x433},
	{"hangul", 0x433},
	{"hani", 0x432},
	{"hanifirohingya", 0x434},
	{"hano", 0x435},
	{"hanunoo", 0x435},
	{"hatr", 0x436},
	{"hatran", 0x436},
	{"hebr", 0x437},
	{"hebrew", 0x437},
	{"hex", 0x1019},
	{"hexdigit", 0x1019},
	{"hira", 0x438},
	{"hiragana", 0x438},
	{"hluw", 0x402},
	{"hmng", 0x47B},
	{"hmnp", 0x46B},
	{"hung", 0x46F},
	{"idc", 0x1020},
	{"idcompatmathcontinue", 0x101E},
	{"idcompatmathstart", 0x101F},
	{"idcontinue", 0x1020},
	{"ideo", 0x1022},
	{"ideographic", 0x1022},
	{"ids", 0x1021},
	{"idsb", 0x101B},
	{"idsbinaryoperator", 0x101B},
	{"idst", 0x101C},
	{"idstart", 0x1021},
	{"idstrinaryoperator", 0x101C},
	{"idsu", 0x101D},
	{"idsunaryoperator", 0x101D},
	{"imperialaramaic", 0x439},
	{"incb", 0x1023},
	{"inherited", 0x43A},
	{"inscriptionalpahlavi", 0x43B},
	{"inscriptionalparthian", 0x43C},
	{"ital", 0x470},
	{"java", 0x43D},
	{"javanese", 0x43D},
	{"joinc", 0x1024},
	{"joincontrol", 0x1024},
	{"kaithi", 0x43E},
	{"kali", 0x442},
	{"kana", 0x440},
	{"kannada", 0x43F},
	{"katakana", 0x440},
	{"kawi", 0x441},
	{"kayahli", 0x442},
	{"khar", 0x443},
	{"kharoshthi", 0x443},
	{"khitansmallscript", 0x444},
	{"khmer", 0x445},
	{"khmr", 0x445},
	{"khoj", 0x446},
	{"khojki", 0x446},
	{"khudawadi", 0x447},
	{"kiratrai", 0x448},
	{"kits", 0x444},
	{"knda", 0x43F},
	{"krai", 0x448},
	{"kthi", 0x43E},
	{"l", 0x8},
	{"lana", 0x495},
	{"lao", 0x449},
	{"laoo", 0x449},
	{"latin", 0x44A},
	{"latn", 0x44A},
	{"lc", 0xE},
	{"lepc", 0x44B},
	{"lepcha", 0x44B},
	{"limb", 0x44C},
	{"limbu", 0x44C},
	{"lina", 0x44D},
	{"linb", 0x44E},
	{"lineara", 0x44D},
	{"linearb", 0x44E},
	{"lisu", 0x44F},
	{"ll", 0x9},
	{"lm", 0xA},
	{"lo", 0xB},
	{"loe", 0x1025},
	{"logicalorderexception", 0x1025},
	{"lower", 0x1026},
	{"lowercase", 0x1026},
	{"lt", 0xC},
	{"lu", 0xD},
	{"lyci", 0x450},
	{"lycian", 0x450},
	{"lydi", 0x451},
	{"lydian", 0x451},
	{"m", 0xF},
	{"mahajani", 0x452},
	{"mahj", 0x452},
	{"maka", 0x453},
	{"makasar", 0x453},
	{"malayalam", 0x454},
	{"mand", 0x455},
	{"mandaic", 0x455},
	{"mani", 0x456},
	{"manichaean", 0x456},
	{"marc", 0x457},
	{"marchen", 0x457},
	{"masaramgondi", 0x458},
	{"math", 0x1027},
	{"mc", 0x10},
	{"mcm", 0x1028},
	{"me", 0x11},
	{"medefaidrin", 0x459},
	{"medf", 0x459},
	{"meeteimayek", 0x45A},
	{"mend", 0x45B},
	{"mendekikakui", 0x45B},
	{"merc", 0x45C},
	{"mero", 0x45D},
	{"meroiticcursive", 0x45C},
	{"meroitichieroglyphs", 0x45D},
	{"miao", 0x45E},
	{"mlym", 0x454},
	{"mn", 0x12},
	{"modi", 0x45F},
	{"modifiercombiningmark", 0x1028},
	{"mong", 0x460},
	{"mongolian", 0x460},
	{"mro", 0x461},
	{"mroo", 0x461},
	{"mtei", 0x45A},
	{"mult", 0x462},
	{"multani", 0x462},
	{"myanmar", 0x463},
	{"mymr", 0x463},
	{"n", 0x13},
	{"nabataean", 0x464},
	{"nagm", 0x465},
	{"nagmundari", 0x465},
	{"nand", 0x466},
	{"nandinagari", 0x466},
	{"narb", 0x471},
	{"nbat", 0x464},
	{"nchar", 0x1029},
	{"nd", 0x14},
	{"newa", 0x468},
	{"newtailue", 0x467},
	{"nko", 0x469},
	{"nkoo", 0x469},
	{"nl", 0x15},
	{"no", 0x16},
	{"noncharactercodepoint", 0x1029},
	{"nshu", 0x46A},
	{"nushu", 0x46A},
	{"nyiakengpuachuehmong", 0x46B},
	{"ogam", 0x46C},
	{"ogham", 0x46C},
	{"olchiki", 0x46D},
	{"olck", 0x46D},
	{"oldhungarian", 0x46F},
	{"olditalic", 0x470},
	{"oldnortharabian", 0x471},
	{"oldpermic", 0x472},
	{"oldpersian", 0x473},
	{"oldsogdian", 0x474},
	{"oldsoutharabian", 0x475},
	{"oldturkic", 0x476},
	{"olduyghur", 0x477},
	{"olonal", 0x46E},
	{"onao", 0x46E},
	{"oriya", 0x478},
	{"orkh", 0x476},
	{"orya", 0x478},
	{"osage", 0x479},
	{"osge", 0x479},
	{"osma", 0x47A},
	{"osmanya", 0x47A},
	{"ougr", 0x477},
	{"p", 0x17},
	{"pahawhhmong", 0x47B},
	{"palm", 0x47C},
	{"palmyrene", 0x47C},
	{"patsyn", 0x1032},
	{"patternsyntax", 0x1032},
	{"patternwhitespace", 0x1033},
	{"patws", 0x1033},
	{"pauc", 0x47D},
	{"paucinhau", 0x47D},
	{"pc", 0x18},
	{"pcm", 0x1034},
	{"pd", 0x19},
	{"pe", 0x1A},
	{"perm", 0x472},
	{"pf", 0x1B},
	{"phag", 0x47E},
	{"phagspa", 0x47E},
	{"phli", 0x43B},
	{"phlp", 0x480},
	{"phnx", 0x47F},
	{"phoenician", 0x47F},
	{"pi", 0x1C},
	{"plrd", 0x45E},
	{"po", 0x1D},
	{"prependedconcatenationmark", 0x1034},
	{"prti", 0x43C},
	{"ps", 0x1E},
	{"psalterpahlavi", 0x480},
	{"qaac", 0x41A},
	{"qaai", 0x43A},
	{"qmark", 0x1035},
	{"quotationmark", 0x1035},
	{"radical", 0x1036},
	{"regionalindicator", 0x1037},
	{"rejang", 0x481},
	{"ri", 0x1037},
	{"rjng", 0x481},
	{"rohg", 0x434},
	{"runic", 0x482},
	{"runr", 0x482},
	{"s", 0x1F},
	{"samaritan", 0x483},
	{"samr", 0x483},
	{"sarb", 0x475},
	{"saur", 0x484},
	{"saurashtra", 0x484},
	{"sc", 0x20},
	{"sc=adlam", 0x100},
	{"sc=adlm", 0x100},
	{"sc=aghb", 0x114},
	{"sc=ahom", 0x101},
	{"sc=anatolianhieroglyphs", 0x102},
	{"sc=arab", 0x103},
	{"sc=arabic", 0x103},
	{"sc=armenian", 0x104},
	{"sc=armi", 0x139},
	{"sc=armn", 0x104},
	{"sc=avestan", 0x105},
	{"sc=avst", 0x105},
	{"sc=bali", 0x106},
	{"sc=balinese", 0x106},
	{"sc=bamu", 0x107},
	{"sc=bamum", 0x107},
	{"sc=bass", 0x108},
	{"sc=bassavah", 0x108},
	{"sc=batak", 0x109},
	{"sc=batk", 0x109},
	{"sc=beng", 0x10A},
	{"sc=bengali", 0x10A},
	{"sc=berf", 0x10B},
	{"sc=beriaerfe", 0x10B},
	{"sc=bhaiksuki", 0x10C},
	{"sc=bhks", 0x10C},
	{"sc=bopo", 0x10D},
	{"sc=bopomofo", 0x10D},
	{"sc=brah", 0x10E},
	{"sc=brahmi", 0x10E},
	{"sc=brai", 0x10F},
	{"sc=braille", 0x10F},
	{"sc=bugi", 0x110},
	{"sc=buginese", 0x110},
	{"sc=buhd", 0x111},
	{"sc=buhid", 0x111},
	{"sc=cakm", 0x115},
	{"sc=canadianaboriginal", 0x112},
	{"sc=cans", 0x112},
	{"sc=cari", 0x113},
	{"sc=carian", 0x113},
	{"sc=caucasianalbanian", 0x114},
	{"sc=chakma", 0x115},
	{"sc=cham", 0x116},
	{"sc=cher", 0x117},
	{"sc=cherokee", 0x117},
	{"sc=chorasmian", 0x118},
	{"sc=chrs", 0x118},
	{"sc=common", 0x119},
	{"sc=copt", 0x11A},
	{"sc=coptic", 0x11A},
	{"sc=cpmn", 0x11D},
	{"sc=cprt", 0x11C},
	{"sc=cuneiform", 0x11B},
	{"sc=cypriot", 0x11C},
	{"sc=cyprominoan", 0x11D},
	{"sc=cyrillic", 0x11E},
	{"sc=cyrl", 0x11E},
	{"sc=deseret", 0x11F},
	{"sc=deva", 0x120},
	{"sc=devanagari", 0x120},
	{"sc=diak", 0x121},
	{"sc=divesakuru", 0x121},
	{"sc=dogr", 0x122},
	{"sc=dogra", 0x122},
	{"sc=dsrt", 0x11F},
	{"sc=dupl", 0x123},
	{"sc=duployan", 0x123},
	{"sc=egyp", 0x124},
	{"sc=egyptianhieroglyphs", 0x124},
	{"sc=elba", 0x125},
	{"sc=elbasan", 0x125},
	{"sc=elym", 0x126},
	{"sc=elymaic", 0x126},
	{"sc=ethi", 0x127},
	{"sc=ethiopic", 0x127},
	{"sc=gara", 0x128},
	{"sc=garay", 0x128},
	{"sc=geor", 0x129},
	{"sc=georgian", 0x129},
	{"sc=glag", 0x12A},
	{"sc=glagolitic", 0x12A},
	{"sc=gong", 0x12F},
	{"sc=gonm", 0x158},
	{"sc=goth", 0x12B},
	{"sc=gothic", 0x12B},
	{"sc=gran", 0x12C},
	{"sc=grantha", 0x12C},
	{"sc=greek", 0x12D},
	{"sc=grek", 0x12D},
	{"sc=gujarati", 0x12E},
	{"sc=gujr", 0x12E},
	{"sc=gukh", 0x131},
	{"sc=gunjalagondi", 0x12F},
	{"sc=gurmukhi", 0x130},
	{"sc=guru", 0x130},
	{"sc=gurungkhema", 0x131},
	{"sc=han", 0x132},
	{"sc=hang", 0x133},
	{"sc=hangul", 0x133},
	{"sc=hani", 0x132},
	{"sc=hanifirohingya", 0x134},
	{"sc=hano", 0x135},
	{"sc=hanunoo", 0x135},
	{"sc=hatr", 0x136},
	{"sc=hatran", 0x136},
	{"sc=hebr", 0x137},
	{"sc=hebrew", 0x137},
	{"sc=hira", 0x138},
	{"sc=hiragana", 0x138},
	{"sc=hluw", 0x102},
	{"sc=hmng", 0x17B},
	{"sc=hmnp", 0x16B},
	{"sc=hung", 0x16F},
	{"sc=imperialaramaic", 0x139},
	{"sc=inherited", 0x13A},
	{"sc=inscriptionalpahlavi", 0x13B},
	{"sc=inscriptionalparthian", 0x13C},
	{"sc=ital", 0x170},
	{"sc=java", 0x13D},
	{"sc=javanese", 0x13D},
	{"sc=kaithi", 0x13E},
	{"sc=kali", 0x142},
	{"sc=kana", 0x140},
	{"sc=kannada", 0x13F},
	{"sc=katakana", 0x140},
	{"sc=kawi", 0x141},
	{"sc=kayahli", 0x142},
	{"sc=khar", 0x143},
	{"sc=kharoshthi", 0x143},
	{"sc=khitansmallscript", 0x144},
	{"sc=khmer", 0x145},
	{"sc=khmr", 0x145},
	{"sc=khoj", 0x146},
	{"sc=khojki", 0x146},
	{"sc=khudawadi", 0x147},
	{"sc=kiratrai", 0x148},
	{"sc=kits", 0x144},
	{"sc=knda", 0x13F},
	{"sc=krai", 0x148},
	{"sc=kthi", 0x13E},
	{"sc=lana", 0x195},
	{"sc=lao", 0x149},
	{"sc=laoo", 0x149},
	{"sc=latin", 0x14A},
	{"sc=latn", 0x14A},
	{"sc=lepc", 0x14B},
	{"sc=lepcha", 0x14B},
	{"sc=limb", 0x14C},
	{"sc=limbu", 0x14C},
	{"sc=lina", 0x14D},
	{"sc=linb", 0x14E},
	{"sc=lineara", 0x14D},
	{"sc=linearb", 0x14E},
	{"sc=lisu", 0x14F},
	{"sc=lyci", 0x150},
	{"sc=lycian", 0x150},
	{"sc=lydi", 0x151},
	{"sc=lydian", 0x151},
	{"sc=mahajani", 0x152},
	{"sc=mahj", 0x152},
	{"sc=maka", 0x153},
	{"sc=makasar", 0x153},
	{"sc=malayalam", 0x154},
	{"sc=mand", 0x155},
	{"sc=mandaic", 0x155},
	{"sc=mani", 0x156},
	{"sc=manichaean", 0x156},
	{"sc=marc", 0x157},
	{"sc=marchen", 0x157},
	{"sc=masaramgondi", 0x158},
	{"sc=medefaidrin", 0x159},
	{"sc=medf", 0x159},
	{"sc=meeteimayek", 0x15A},
	{"sc=mend", 0x15B},
	{"sc=mendekikakui", 0x15B},
	{"sc=merc", 0x15C},
	{"sc=mero", 0x15D},
	{"sc=meroiticcursive", 0x15C},
	{"sc=meroitichieroglyphs", 0x15D},
	{"sc=miao", 0x15E},
	{"sc=mlym", 0x154},
	{"sc=modi", 0x15F},
	{"sc=mong", 0x160},
	{"sc=mongolian", 0x160},
	{"sc=mro", 0x161},
	{"sc=mroo", 0x161},
	{"sc=mtei", 0x15A},
	{"sc=mult", 0x162},
	{"sc=multani", 0x162},
	{"sc=myanmar", 0x163},
	{"sc=mymr", 0x163},
	{"sc=nabataean", 0x164},
	{"sc=nagm", 0x165},
	{"sc=nagmundari", 0x165},
	{"sc=nand", 0x166},
	{"sc=nandinagari", 0x166},
	{"sc=narb", 0x171},
	{"sc=nbat", 0x164},
	{"sc=newa", 0x168},
	{"sc=newtailue", 0x167},
	{"sc=nko", 0x169},
	{"sc=nkoo", 0x169},
	{"sc=nshu", 0x16A},
	{"sc=nushu", 0x16A},
	{"sc=nyiakengpuachuehmong", 0x16B},
	{"sc=ogam", 0x16C},
	{"sc=ogham", 0x16C},
	{"sc=olchiki", 0x16D},
	{"sc=olck", 0x16D},
	{"sc=oldhungarian", 0x16F},
	{"sc=olditalic", 0x170},
	{"sc=oldnortharabian", 0x171},
	{"sc=oldpermic", 0x172},
	{"sc=oldpersian", 0x173},
	{"sc=oldsogdian", 0x174},
	{"sc=oldsoutharabian", 0x175},
	{"sc=oldturkic", 0x176},
	{"sc=olduyghur", 0x177},
	{"sc=olonal", 0x16E},
	{"sc=onao", 0x16E},
	{"sc=oriya", 0x178},
	{"sc=orkh", 0x176},
	{"sc=orya", 0x178},
	{"sc=osage", 0x179},
	{"sc=osge", 0x179},
	{"sc=osma", 0x17A},
	{"sc=osmanya", 0x17A},
	{"sc=ougr", 0x177},
	{"sc=pahawhhmong", 0x17B},
	{"sc=palm", 0x17C},
	{"sc=palmyrene", 0x17C},
	{"sc=pauc", 0x17D},
	{"sc=paucinhau", 0x17D},
	{"sc=perm", 0x172},
	{"sc=phag", 0x17E},
	{"sc=phagspa", 0x17E},
	{"sc=phli", 0x13B},
	{"sc=phlp", 0x180},
	{"sc=phnx", 0x17F},
	{"sc=phoenician", 0x17F},
	{"sc=plrd", 0x15E},
	{"sc=prti", 0x13C},
	{"sc=psalterpahlavi", 0x180},
	{"sc=qaac", 0x11A},
	{"sc=qaai", 0x13A},
	{"sc=rejang", 0x181},
	{"sc=rjng", 0x181},
	{"sc=rohg", 0x134},
	{"sc=runic", 0x182},
	{"sc=runr", 0x182},
	{"sc=samaritan", 0x183},
	{"sc=samr", 0x183},
	{"sc=sarb", 0x175},
	{"sc=saur", 0x184},
	{"sc=saurashtra", 0x184},
	{"sc=sgnw", 0x189},
	{"sc=sharada", 0x185},
	{"sc=shavian", 0x186},
	{"sc=shaw", 0x186},
	{"sc=shrd", 0x185},
	{"sc=sidd", 0x187},
	{"sc=siddham", 0x187},
	{"sc=sidetic", 0x188},
	{"sc=sidt", 0x188},
	{"sc=signwriting", 0x189},
	{"sc=sind", 0x147},
	{"sc=sinh", 0x18A},
	{"sc=sinhala", 0x18A},
	{"sc=sogd", 0x18B},
	{"sc=sogdian", 0x18B},
	{"sc=sogo", 0x174},
	{"sc=sora", 0x18C},
	{"sc=sorasompeng", 0x18C},
	{"sc=soyo", 0x18D},
	{"sc=soyombo", 0x18D},
	{"sc=sund", 0x18E},
	{"sc=sundanese", 0x18E},
	{"sc=sunu", 0x18F},
	{"sc=sunuwar", 0x18F},
	{"sc=sylo", 0x190},
	{"sc=sylotinagri", 0x190},
	{"sc=syrc", 0x191},
	{"sc=syriac", 0x191},
	{"sc=tagalog", 0x192},
	{"sc=tagb", 0x193},
	{"sc=tagbanwa", 0x193},
	{"sc=taile", 0x194},
	{"sc=taitham", 0x195},
	{"sc=taiviet", 0x196},
	{"sc=taiyo", 0x197},
	{"sc=takr", 0x198},
	{"sc=takri", 0x198},
	{"sc=tale", 0x194},
	{"sc=talu", 0x167},
	{"sc=tamil", 0x199},
	{"sc=taml", 0x199},
	{"sc=tang", 0x19B},
	{"sc=tangsa", 0x19A},
	{"sc=tangut", 0x19B},
	{"sc=tavt", 0x196},
	{"sc=tayo", 0x197},
	{"sc=telu", 0x19C},
	{"sc=telugu", 0x19C},
	{"sc=tfng", 0x1A0},
	{"sc=tglg", 0x192},
	{"sc=thaa", 0x19D},
	{"sc=thaana", 0x19D},
	{"sc=thai", 0x19E},
	{"sc=tibetan", 0x19F},
	{"sc=tibt", 0x19F},
	{"sc=tifinagh", 0x1A0},
	{"sc=tirh", 0x1A1},
	{"sc=tirhuta", 0x1A1},
	{"sc=tnsa", 0x19A},
	{"sc=todhri", 0x1A2},
	{"sc=todr", 0x1A2},
	{"sc=tolongsiki", 0x1A3},
	{"sc=tols", 0x1A3},
	{"sc=toto", 0x1A4},
	{"sc=tulutigalari", 0x1A5},
	{"sc=tutg", 0x1A5},
	{"sc=ugar", 0x1A6},
	{"sc=ugaritic", 0x1A6},
	{"sc=unknown", 0x1AE},
	{"sc=vai", 0x1A7},
	{"sc=vaii", 0x1A7},
	{"sc=vith", 0x1A8},
	{"sc=vithkuqi", 0x1A8},
	{"sc=wancho", 0x1A9},
	{"sc=wara", 0x1AA},
	{"sc=warangciti", 0x1AA},
	{"sc=wcho", 0x1A9},
	{"sc=xpeo", 0x173},
	{"sc=xsux", 0x11B},
	{"sc=yezi", 0x1AB},
	{"sc=yezidi", 0x1AB},
	{"sc=yi", 0x1AC},
	{"sc=yiii", 0x1AC},
	{"sc=zanabazarsquare", 0x1AD},
	{"sc=zanb", 0x1AD},
	{"sc=zinh", 0x13A},
	{"sc=zyyy", 0x119},
	{"sc=zzzz", 0x1AE},
	{"scx=adlam", 0x400},
	{"scx=adlm", 0x400},
	{"scx=aghb", 0x414},
	{"scx=ahom", 0x401},
	{"scx=anatolianhieroglyphs", 0x402},
	{"scx=arab", 0x403},
	{"scx=arabic", 0x403},
	{"scx=armenian", 0x404},
	{"scx=armi", 0x439},
	{"scx=armn", 0x404},
	{"scx=avestan", 0x405},
	{"scx=avst", 0x405},
	{"scx=bali", 0x406},
	{"scx=balinese", 0x406},
	{"scx=bamu", 0x407},
	{"scx=bamum", 0x407},
	{"scx=bass", 0x408},
	{"scx=bassavah", 0x408},
	{"scx=batak", 0x409},
	{"scx=batk", 0x409},
	{"scx=beng", 0x40A},
	{"scx=bengali", 0x40A},
	{"scx=berf", 0x40B},
	{"scx=beriaerfe", 0x40B},
	{"scx=bhaiksuki", 0x40C},
	{"scx=bhks", 0x40C},
	{"scx=bopo", 0x40D},
	{"scx=bopomofo", 0x40D},
	{"scx=brah", 0x40E},
	{"scx=brahmi", 0x40E},
	{"scx=brai", 0x40F},
	{"scx=braille", 0x40F},
	{"scx=bugi", 0x410},
	{"scx=buginese", 0x410},
	{"scx=buhd", 0x411},
	{"scx=buhid", 0x411},
	{"scx=cakm", 0x415},
	{"scx=canadianaboriginal", 0x412},
	{"scx=cans", 0x412},
	{"scx=cari", 0x413},
	{"scx=carian", 0x413},
	{"scx=caucasianalbanian", 0x414},
	{"scx=chakma", 0x415},
	{"scx=cham", 0x416},
	{"scx=cher", 0x417},
	{"scx=cherokee", 0x417},
	{"scx=chorasmian", 0x418},
	{"scx=chrs", 0x418},
	{"scx=common", 0x419},
	{"scx=copt", 0x41A},
	{"scx=coptic", 0x41A},
	{"scx=cpmn", 0x41D},
	{"scx=cprt", 0x41C},
	{"scx=cuneiform", 0x41B},
	{"scx=cypriot", 0x41C},
	{"scx=cyprominoan", 0x41D},
	{"scx=cyrillic", 0x41E},
	{"scx=cyrl", 0x41E},
	{"scx=deseret", 0x41F},
	{"scx=deva", 0x420},
	{"scx=devanagari", 0x420},
	{"scx=diak", 0x421},
	{"scx=divesakuru", 0x421},
	{"scx=dogr", 0x422},
	{"scx=dogra", 0x422},
	{"scx=dsrt", 0x41F},
	{"scx=dupl", 0x423},
	{"scx=duployan", 0x423},
	{"scx=egyp", 0x424},
	{"scx=egyptianhieroglyphs", 0x424},
	{"scx=elba", 0x425},
	{"scx=elbasan", 0x425},
	{"scx=elym", 0x426},
	{"scx=elymaic", 0x426},
	{"scx=ethi", 0x427},
	{"scx=ethiopic", 0x427},
	{"scx=gara", 0x428},
	{"scx=garay", 0x428},
	{"scx=geor", 0x429},
	{"scx=georgian", 0x429},
	{"scx=glag", 0x42A},
	{"scx=glagolitic", 0x42A},
	{"scx=gong", 0x42F},
	{"scx=gonm", 0x458},
	{"scx=goth", 0x42B},
	{"scx=gothic", 0x42B},
	{"scx=gran", 0x42C},
	{"scx=grantha", 0x42C},
	{"scx=greek", 0x42D},
	{"scx=grek", 0x42D},
	{"scx=gujarati", 0x42E},
	{"scx=gujr", 0x42E},
	{"scx=gukh", 0x431},
	{"scx=gunjalagondi", 0x42F},
	{"scx=gurmukhi", 0x430},
	{"scx=guru", 0x430},
	{"scx=gurungkhema", 0x431},
	{"scx=han", 0x432},
	{"scx=hang", 0x433},
	{"scx=hangul", 0x433},
	{"scx=hani", 0x432},
	{"scx=hanifirohingya", 0x434},
	{"scx=hano", 0x435},
	{"scx=hanunoo", 0x435},
	{"scx=hatr", 0x436},
	{"scx=hatran", 0x436},
	{"scx=hebr", 0x437},
	{"scx=hebrew", 0x437},
	{"scx=hira", 0x438},
	{"scx=hiragana", 0x438},
	{"scx=hluw", 0x402},
	{"scx=hmng", 0x47B},
	{"scx=hmnp", 0x46B},
	{"scx=hung", 0x46F},
	{"scx=imperialaramaic", 0x439},
	{"scx=inherited", 0x43A},
	{"scx=inscriptionalpahlavi", 0x43B},
	{"scx=inscriptionalparthian", 0x43C},
	{"scx=ital", 0x470},
	{"scx=java", 0x43D},
	{"scx=javanese", 0x43D},
	{"scx=kaithi", 0x43E},
	{"scx=kali", 0x442},
	{"scx=kana", 0x440},
	{"scx=kannada", 0x43F},
	{"scx=katakana", 0x440},
	{"scx=kawi", 0x441},
	{"scx=kayahli", 0x442},
	{"scx=khar", 0x443},
	{"scx=kharoshthi", 0x443},
	{"scx=khitansmallscript", 0x444},
	{"scx=khmer", 0x445},
	{"scx=khmr", 0x445},
	{"scx=khoj", 0x446},
	{"scx=khojki", 0x446},
	{"scx=khudawadi", 0x447},
	{"scx=kiratrai", 0x448},
	{"scx=kits", 0x444},
	{"scx=knda", 0x43F},
	{"scx=krai", 0x448},
	{"scx=kthi", 0x43E},
	{"scx=lana", 0x495},
	{"scx=lao", 0x449},
	{"scx=laoo", 0x449},
	{"scx=latin", 0x44A},
	{"scx=latn", 0x44A},
	{"scx=lepc", 0x44B},
	{"scx=lepcha", 0x44B},
	{"scx=limb", 0x44C},
	{"scx=limbu", 0x44C},
	{"scx=lina", 0x44D},
	{"scx=linb", 0x44E},
	{"scx=lineara", 0x44D},
	{"scx=linearb", 0x44E},
	{"scx=lisu", 0x44F},
	{"scx=lyci", 0x450},
	{"scx=lycian", 0x450},
	{"scx=lydi", 0x451},
	{"scx=lydian", 0x451},
	{"scx=mahajani", 0x452},
	{"scx=mahj", 0x452},
	{"scx=maka", 0x453},
	{"scx=makasar", 0x453},
	{"scx=malayalam", 0x454},
	{"scx=mand", 0x455},
	{"scx=mandaic", 0x455},
	{"scx=mani", 0x456},
	{"scx=manichaean", 0x456},
	{"scx=marc", 0x457},
	{"scx=marchen", 0x457},
	{"scx=masaramgondi", 0x458},
	{"scx=medefaidrin", 0x459},
	{"scx=medf", 0x459},
	{"scx=meeteimayek", 0x45A},
	{"scx=mend", 0x45B},
	{"scx=mendekikakui", 0x45B},
	{"scx=merc", 0x45C},
	{"scx=mero", 0x45D},
	{"scx=meroiticcursive", 0x45C},
	{"scx=meroitichieroglyphs", 0x45D},
	{"scx=miao", 0x45E},
	{"scx=mlym", 0x454},
	{"scx=modi", 0x45F},
	{"scx=mong", 0x460},
	{"scx=mongolian", 0x460},
	{"scx=mro", 0x461},
	{"scx=mroo", 0x461},
	{"scx=mtei", 0x45A},
	{"scx=mult", 0x462},
	{"scx=multani", 0x462},
	{"scx=myanmar", 0x463},
	{"scx=mymr", 0x463},
	{"scx=nabataean", 0x464},
	{"scx=nagm", 0x465},
	{"scx=nagmundari", 0x465},
	{"scx=nand", 0x466},
	{"scx=nandinagari", 0x466},
	{"scx=narb", 0x471},
	{"scx=nbat", 0x464},
	{"scx=newa", 0x468},
	{"scx=newtailue", 0x467},
	{"scx=nko", 0x469},
	{"scx=nkoo", 0x469},
	{"scx=nshu", 0x46A},
	{"scx=nushu", 0x46A},
	{"scx=nyiakengpuachuehmong", 0x46B},
	{"scx=ogam", 0x46C},
	{"scx=ogham", 0x46C},
	{"scx=olchiki", 0x46D},
	{"scx=olck", 0x46D},
	{"scx=oldhungarian", 0x46F},
	{"scx=olditalic", 0x470},
	{"scx=oldnortharabian", 0x471},
	{"scx=oldpermic", 0x472},
	{"scx=oldpersian", 0x473},
	{"scx=oldsogdian", 0x474},
	{"scx=oldsoutharabian", 0x475},
	{"scx=oldturkic", 0x476},
	{"scx=olduyghur", 0x477},
	{"scx=olonal", 0x46E},
	{"scx=onao", 0x46E},
	{"scx=oriya", 0x478},
	{"scx=orkh", 0x476},
	{"scx=orya", 0x478},
	{"scx=osage", 0x479},
	{"scx=osge", 0x479},
	{"scx=osma", 0x47A},
	{"scx=osmanya", 0x47A},
	{"scx=ougr", 0x477},
	{"scx=pahawhhmong", 0x47B},
	{"scx=palm", 0x47C},
	{"scx=palmyrene", 0x47C},
	{"scx=pauc", 0x47D},
	{"scx=paucinhau", 0x47D},
	{"scx=perm", 0x472},
	{"scx=phag", 0x47E},
	{"scx=phagspa", 0x47E},
	{"scx=phli", 0x43B},
	{"scx=phlp", 0x480},
	{"scx=phnx", 0x47F},
	{"scx=phoenician", 0x47F},
	{"scx=plrd", 0x45E},
	{"scx=prti", 0x43C},
	{"scx=psalterpahlavi", 0x480},
	{"scx=qaac", 0x41A},
	{"scx=qaai", 0x43A},
	{"scx=rejang", 0x481},
	{"scx=rjng", 0x481},
	{"scx=rohg", 0x434},
	{"scx=runic", 0x482},
	{"scx=runr", 0x482},
	{"scx=samaritan", 0x483},
	{"scx=samr", 0x483},
	{"scx=sarb", 0x475},
	{"scx=saur", 0x484},
	{"scx=saurashtra", 0x484},
	{"scx=sgnw", 0x489},
	{"scx=sharada", 0x485},
	{"scx=shavian", 0x486},
	{"scx=shaw", 0x486},
	{"scx=shrd", 0x485},
	{"scx=sidd", 0x487},
	{"scx=siddham", 0x487},
	{"scx=sidetic", 0x488},
	{"scx=sidt", 0x488},
	{"scx=signwriting", 0x489},
	{"scx=sind", 0x447},
	{"scx=sinh", 0x48A},
	{"scx=sinhala", 0x48A},
	{"scx=sogd", 0x48B},
	{"scx=sogdian", 0x48B},
	{"scx=sogo", 0x474},
	{"scx=sora", 0x48C},
	{"scx=sorasompeng", 0x48C},
	{"scx=soyo", 0x48D},
	{"scx=soyombo", 0x48D},
	{"scx=sund", 0x48E},
	{"scx=sundanese", 0x48E},
	{"scx=sunu", 0x48F},
	{"scx=sunuwar", 0x48F},
	{"scx=sylo", 0x490},
	{"scx=sylotinagri", 0x490},
	{"scx=syrc", 0x491},
	{"scx=syriac", 0x491},
	{"scx=tagalog", 0x492},
	{"scx=tagb", 0x493},
	{"scx=tagbanwa", 0x493},
	{"scx=taile", 0x494},
	{"scx=taitham", 0x495},
	{"scx=taiviet", 0x496},
	{"scx=taiyo", 0x497},
	{"scx=takr", 0x498},
	{"scx=takri", 0x498},
	{"scx=tale", 0x494},
	{"scx=talu", 0x467},
	{"scx=tamil", 0x499},
	{"scx=taml", 0x499},
	{"scx=tang", 0x49B},
	{"scx=tangsa", 0x49A},
	{"scx=tangut", 0x49B},
	{"scx=tavt", 0x496},
	{"scx=tayo", 0x497},
	{"scx=telu", 0x49C},
	{"scx=telugu", 0x49C},
	{"scx=tfng", 0x4A0},
	{"scx=tglg", 0x492},
	{"scx=thaa", 0x49D},
	{"scx=thaana", 0x49D},
	{"scx=thai", 0x49E},
	{"scx=tibetan", 0x49F},
	{"scx=tibt", 0x49F},
	{"scx=tifinagh", 0x4A0},
	{"scx=tirh", 0x4A1},
	{"scx=tirhuta", 0x4A1},
	{"scx=tnsa", 0x49A},
	{"scx=todhri", 0x4A2},
	{"scx=todr", 0x4A2},
	{"scx=tolongsiki", 0x4A3},
	{"scx=tols", 0x4A3},
	{"scx=toto", 0x4A4},
	{"scx=tulutigalari", 0x4A5},
	{"scx=tutg", 0x4A5},
	{"scx=ugar", 0x4A6},
	{"scx=ugaritic", 0x4A6},
	{"scx=unknown", 0x4AE},
	{"scx=vai", 0x4A7},
	{"scx=vaii", 0x4A7},
	{"scx=vith", 0x4A8},
	{"scx=vithkuqi", 0x4A8},
	{"scx=wancho", 0x4A9},
	{"scx=wara", 0x4AA},
	{"scx=warangciti", 0x4AA},
	{"scx=wcho", 0x4A9},
	{"scx=xpeo", 0x473},
	{"scx=xsux", 0x41B},
	{"scx=yezi", 0x4AB},
	{"scx=yezidi", 0x4AB},
	{"scx=yi", 0x4AC},
	{"scx=yiii", 0x4AC},
	{"scx=zanabazarsquare", 0x4AD},
	{"scx=zanb", 0x4AD},
	{"scx=zinh", 0x43A},
	{"scx=zyyy", 0x419},
	{"scx=zzzz", 0x4AE},
	{"sd", 0x1039},
	{"sentenceterminal", 0x1038},
	{"sgnw", 0x489},
	{"sharada", 0x485},
	{"shavian", 0x486},
	{"shaw", 0x486},
	{"shrd", 0x485},
	{"sidd", 0x487},
	{"siddham", 0x487},
	{"sidetic", 0x488},
	{"sidt", 0x488},
	{"signwriting", 0x489},
	{"sind", 0x447},
	{"sinh", 0x48A},
	{"sinhala", 0x48A},
	{"sk", 0x21},
	{"sm", 0x22},
	{"so", 0x23},
	{"softdotted", 0x1039},
	{"sogd", 0x48B},
	{"sogdian", 0x48B},
	{"sogo", 0x474},
	{"sora", 0x48C},
	{"sorasompeng", 0x48C},
	{"soyo", 0x48D},
	{"soyombo", 0x48D},
	{"space", 0x103E},
	{"sterm", 0x1038},
	{"sund", 0x48E},
	{"sundanese", 0x48E},
	{"sunu", 0x48F},
	{"sunuwar", 0x48F},
	{"sylo", 0x490},
	{"sylotinagri", 0x490},
	{"syrc", 0x491},
	{"syriac", 0x491},
	{"tagalog", 0x492},
	{"tagb", 0x493},
	{"tagbanwa", 0x493},
	{"taile", 0x494},
	{"taitham", 0x495},
	{"taiviet", 0x496},
	{"taiyo", 0x497},
	{"takr", 0x498},
	{"takri", 0x498},
	{"tale", 0x494},
	{"talu", 0x467},
	{"tamil", 0x499},
	{"taml", 0x499},
	{"tang", 0x49B},
	{"tangsa", 0x49A},
	{"tangut", 0x49B},
	{"tavt", 0x496},
	{"tayo", 0x497},
	{"telu", 0x49C},
	{"telugu", 0x49C},
	{"term", 0x103A},
	{"terminalpunctuation", 0x103A},
	{"tfng", 0x4A0},
	{"tglg", 0x492},
	{"thaa", 0x49D},
	{"thaana", 0x49D},
	{"thai", 0x49E},
	{"tibetan", 0x49F},
	{"tibt", 0x49F},
	{"tifinagh", 0x4A0},
	{"tirh", 0x4A1},
	{"tirhuta", 0x4A1},
	{"tnsa", 0x49A},
	{"todhri", 0x4A2},
	{"todr", 0x4A2},
	{"tolongsiki", 0x4A3},
	{"tols", 0x4A3},
	{"toto", 0x4A4},
	{"tulutigalari", 0x4A5},
	{"tutg", 0x4A5},
	{"ugar", 0x4A6},
	{"ugaritic", 0x4A6},
	{"uideo", 0x103B},
	{"unifiedideograph", 0x103B},
	{"unknown", 0x4AE},
	{"upper", 0x103C},
	{"uppercase", 0x103C},
	{"vai", 0x4A7},
	{"vaii", 0x4A7},
	{"variationselector", 0x103D},
	{"vith", 0x4A8},
	{"vithkuqi", 0x4A8},
	{"vs", 0x103D},
	{"wancho", 0x4A9},
	{"wara", 0x4AA},
	{"warangciti", 0x4AA},
	{"wcho", 0x4A9},
	{"whitespace", 0x103E},
	{"wspace", 0x103E},
	{"xidc", 0x103F},
	{"xidcontinue", 0x103F},
	{"xids", 0x1040},
	{"xidstart", 0x1040},
	{"xpeo", 0x473},
	{"xsux", 0x41B},
	{"yezi", 0x4AB},
	{"yezidi", 0x4AB},
	{"yi", 0x4AC},
	{"yiii", 0x4AC},
	{"z", 0x24},
	{"zanabazarsquare", 0x4AD},
	{"zanb", 0x4AD},
	{"zinh", 0x43A},
	{"zl", 0x25},
	{"zp", 0x26},
	{"zs", 0x27},
	{"zyyy", 0x419},
	{"zzzz", 0x4AE},
};
/**
 * @brief Количество имён свойств
 *
 */
const size_t awh::regex::NAMES_COUNT = 1201;
/**
 * @brief Номер письменности неназначенных символов
 *
 */
const size_t awh::regex::SCRIPTS_UNKNOWN = 174;
/**
 * @brief Таблица простого приведения регистра: смещение приведённого значения
 *
 */
const awh::regex::folding_t awh::regex::FOLDING[] = {
	{0x41, 0x5A, 32},
	{0xB5, 0xB5, 775},
	{0xC0, 0xD6, 32},
	{0xD8, 0xDE, 32},
	{0x100, 0x100, 1},
	{0x102, 0x102, 1},
	{0x104, 0x104, 1},
	{0x106, 0x106, 1},
	{0x108, 0x108, 1},
	{0x10A, 0x10A, 1},
	{0x10C, 0x10C, 1},
	{0x10E, 0x10E, 1},
	{0x110, 0x110, 1},
	{0x112, 0x112, 1},
	{0x114, 0x114, 1},
	{0x116, 0x116, 1},
	{0x118, 0x118, 1},
	{0x11A, 0x11A, 1},
	{0x11C, 0x11C, 1},
	{0x11E, 0x11E, 1},
	{0x120, 0x120, 1},
	{0x122, 0x122, 1},
	{0x124, 0x124, 1},
	{0x126, 0x126, 1},
	{0x128, 0x128, 1},
	{0x12A, 0x12A, 1},
	{0x12C, 0x12C, 1},
	{0x12E, 0x12E, 1},
	{0x132, 0x132, 1},
	{0x134, 0x134, 1},
	{0x136, 0x136, 1},
	{0x139, 0x139, 1},
	{0x13B, 0x13B, 1},
	{0x13D, 0x13D, 1},
	{0x13F, 0x13F, 1},
	{0x141, 0x141, 1},
	{0x143, 0x143, 1},
	{0x145, 0x145, 1},
	{0x147, 0x147, 1},
	{0x14A, 0x14A, 1},
	{0x14C, 0x14C, 1},
	{0x14E, 0x14E, 1},
	{0x150, 0x150, 1},
	{0x152, 0x152, 1},
	{0x154, 0x154, 1},
	{0x156, 0x156, 1},
	{0x158, 0x158, 1},
	{0x15A, 0x15A, 1},
	{0x15C, 0x15C, 1},
	{0x15E, 0x15E, 1},
	{0x160, 0x160, 1},
	{0x162, 0x162, 1},
	{0x164, 0x164, 1},
	{0x166, 0x166, 1},
	{0x168, 0x168, 1},
	{0x16A, 0x16A, 1},
	{0x16C, 0x16C, 1},
	{0x16E, 0x16E, 1},
	{0x170, 0x170, 1},
	{0x172, 0x172, 1},
	{0x174, 0x174, 1},
	{0x176, 0x176, 1},
	{0x178, 0x178, -121},
	{0x179, 0x179, 1},
	{0x17B, 0x17B, 1},
	{0x17D, 0x17D, 1},
	{0x17F, 0x17F, -268},
	{0x181, 0x181, 210},
	{0x182, 0x182, 1},
	{0x184, 0x184, 1},
	{0x186, 0x186, 206},
	{0x187, 0x187, 1},
	{0x189, 0x18A, 205},
	{0x18B, 0x18B, 1},
	{0x18E, 0x18E, 79},
	{0x18F, 0x18F, 202},
	{0x190, 0x190, 203},
	{0x191, 0x191, 1},
	{0x193, 0x193, 205},
	{0x194, 0x194, 207},
	{0x196, 0x196, 211},
	{0x197, 0x197, 209},
	{0x198, 0x198, 1},
	{0x19C, 0x19C, 211},
	{0x19D, 0x19D, 213},
	{0x19F, 0x19F, 214},
	{0x1A0, 0x1A0, 1},
	{0x1A2, 0x1A2, 1},
	{0x1A4, 0x1A4, 1},
	{0x1A6, 0x1A6, 218},
	{0x1A7, 0x1A7, 1},
	{0x1A9, 0x1A9, 218},
	{0x1AC, 0x1AC, 1},
	{0x1AE, 0x1AE, 218},
	{0x1AF, 0x1AF, 1},
	{0x1B1, 0x1B2, 217},
	{0x1B3, 0x1B3, 1},
	{0x1B5, 0x1B5, 1},
	{0x1B7, 0x1B7, 219},
	{0x1B8, 0x1B8, 1},
	{0x1BC, 0x1BC, 1},
	{0x1C4, 0x1C4, 2},
	{0x1C5, 0x1C5, 1},
	{0x1C7, 0x1C7, 2},
	{0x1C8, 0x1C8, 1},
	{0x1CA, 0x1CA, 2},
	{0x1CB, 0x1CB, 1},
	{0x1CD, 0x1CD, 1},
	{0x1CF, 0x1CF, 1},
	{0x1D1, 0x1D1, 1},
	{0x1D3, 0x1D3, 1},
	{0x1D5, 0x1D5, 1},
	{0x1D7, 0x1D7, 1},
	{0x1D9, 0x1D9, 1},
	{0x1DB, 0x1DB, 1},
	{0x1DE, 0x1DE, 1},
	{0x1E0, 0x1E0, 1},
	{0x1E2, 0x1E2, 1},
	{0x1E4, 0x1E4, 1},
	{0x1E6, 0x1E6, 1},
	{0x1E8, 0x1E8, 1},
	{0x1EA, 0x1EA, 1},
	{0x1EC, 0x1EC, 1},
	{0x1EE, 0x1EE, 1},
	{0x1F1, 0x1F1, 2},
	{0x1F2, 0x1F2, 1},
	{0x1F4, 0x1F4, 1},
	{0x1F6, 0x1F6, -97},
	{0x1F7, 0x1F7, -56},
	{0x1F8, 0x1F8, 1},
	{0x1FA, 0x1FA, 1},
	{0x1FC, 0x1FC, 1},
	{0x1FE, 0x1FE, 1},
	{0x200, 0x200, 1},
	{0x202, 0x202, 1},
	{0x204, 0x204, 1},
	{0x206, 0x206, 1},
	{0x208, 0x208, 1},
	{0x20A, 0x20A, 1},
	{0x20C, 0x20C, 1},
	{0x20E, 0x20E, 1},
	{0x210, 0x210, 1},
	{0x212, 0x212, 1},
	{0x214, 0x214, 1},
	{0x216, 0x216, 1},
	{0x218, 0x218, 1},
	{0x21A, 0x21A, 1},
	{0x21C, 0x21C, 1},
	{0x21E, 0x21E, 1},
	{0x220, 0x220, -130},
	{0x222, 0x222, 1},
	{0x224, 0x224, 1},
	{0x226, 0x226, 1},
	{0x228, 0x228, 1},
	{0x22A, 0x22A, 1},
	{0x22C, 0x22C, 1},
	{0x22E, 0x22E, 1},
	{0x230, 0x230, 1},
	{0x232, 0x232, 1},
	{0x23A, 0x23A, 10795},
	{0x23B, 0x23B, 1},
	{0x23D, 0x23D, -163},
	{0x23E, 0x23E, 10792},
	{0x241, 0x241, 1},
	{0x243, 0x243, -195},
	{0x244, 0x244, 69},
	{0x245, 0x245, 71},
	{0x246, 0x246, 1},
	{0x248, 0x248, 1},
	{0x24A, 0x24A, 1},
	{0x24C, 0x24C, 1},
	{0x24E, 0x24E, 1},
	{0x345, 0x345, 116},
	{0x370, 0x370, 1},
	{0x372, 0x372, 1},
	{0x376, 0x376, 1},
	{0x37F, 0x37F, 116},
	{0x386, 0x386, 38},
	{0x388, 0x38A, 37},
	{0x38C, 0x38C, 64},
	{0x38E, 0x38F, 63},
	{0x391, 0x3A1, 32},
	{0x3A3, 0x3AB, 32},
	{0x3C2, 0x3C2, 1},
	{0x3CF, 0x3CF, 8},
	{0x3D0, 0x3D0, -30},
	{0x3D1, 0x3D1, -25},
	{0x3D5, 0x3D5, -15},
	{0x3D6, 0x3D6, -22},
	{0x3D8, 0x3D8, 1},
	{0x3DA, 0x3DA, 1},
	{0x3DC, 0x3DC, 1},
	{0x3DE, 0x3DE, 1},
	{0x3E0, 0x3E0, 1},
	{0x3E2, 0x3E2, 1},
	{0x3E4, 0x3E4, 1},
	{0x3E6, 0x3E6, 1},
	{0x3E8, 0x3E8, 1},
	{0x3EA, 0x3EA, 1},
	{0x3EC, 0x3EC, 1},
	{0x3EE, 0x3EE, 1},
	{0x3F0, 0x3F0, -54},
	{0x3F1, 0x3F1, -48},
	{0x3F4, 0x3F4, -60},
	{0x3F5, 0x3F5, -64},
	{0x3F7, 0x3F7, 1},
	{0x3F9, 0x3F9, -7},
	{0x3FA, 0x3FA, 1},
	{0x3FD, 0x3FF, -130},
	{0x400, 0x40F, 80},
	{0x410, 0x42F, 32},
	{0x460, 0x460, 1},
	{0x462, 0x462, 1},
	{0x464, 0x464, 1},
	{0x466, 0x466, 1},
	{0x468, 0x468, 1},
	{0x46A, 0x46A, 1},
	{0x46C, 0x46C, 1},
	{0x46E, 0x46E, 1},
	{0x470, 0x470, 1},
	{0x472, 0x472, 1},
	{0x474, 0x474, 1},
	{0x476, 0x476, 1},
	{0x478, 0x478, 1},
	{0x47A, 0x47A, 1},
	{0x47C, 0x47C, 1},
	{0x47E, 0x47E, 1},
	{0x480, 0x480, 1},
	{0x48A, 0x48A, 1},
	{0x48C, 0x48C, 1},
	{0x48E, 0x48E, 1},
	{0x490, 0x490, 1},
	{0x492, 0x492, 1},
	{0x494, 0x494, 1},
	{0x496, 0x496, 1},
	{0x498, 0x498, 1},
	{0x49A, 0x49A, 1},
	{0x49C, 0x49C, 1},
	{0x49E, 0x49E, 1},
	{0x4A0, 0x4A0, 1},
	{0x4A2, 0x4A2, 1},
	{0x4A4, 0x4A4, 1},
	{0x4A6, 0x4A6, 1},
	{0x4A8, 0x4A8, 1},
	{0x4AA, 0x4AA, 1},
	{0x4AC, 0x4AC, 1},
	{0x4AE, 0x4AE, 1},
	{0x4B0, 0x4B0, 1},
	{0x4B2, 0x4B2, 1},
	{0x4B4, 0x4B4, 1},
	{0x4B6, 0x4B6, 1},
	{0x4B8, 0x4B8, 1},
	{0x4BA, 0x4BA, 1},
	{0x4BC, 0x4BC, 1},
	{0x4BE, 0x4BE, 1},
	{0x4C0, 0x4C0, 15},
	{0x4C1, 0x4C1, 1},
	{0x4C3, 0x4C3, 1},
	{0x4C5, 0x4C5, 1},
	{0x4C7, 0x4C7, 1},
	{0x4C9, 0x4C9, 1},
	{0x4CB, 0x4CB, 1},
	{0x4CD, 0x4CD, 1},
	{0x4D0, 0x4D0, 1},
	{0x4D2, 0x4D2, 1},
	{0x4D4, 0x4D4, 1},
	{0x4D6, 0x4D6, 1},
	{0x4D8, 0x4D8, 1},
	{0x4DA, 0x4DA, 1},
	{0x4DC, 0x4DC, 1},
	{0x4DE, 0x4DE, 1},
	{0x4E0, 0x4E0, 1},
	{0x4E2, 0x4E2, 1},
	{0x4E4, 0x4E4, 1},
	{0x4E6, 0x4E6, 1},
	{0x4E8, 0x4E8, 1},
	{0x4EA, 0x4EA, 1},
	{0x4EC, 0x4EC, 1},
	{0x4EE, 0x4EE, 1},
	{0x4F0, 0x4F0, 1},
	{0x4F2, 0x4F2, 1},
	{0x4F4, 0x4F4, 1},
	{0x4F6, 0x4F6, 1},
	{0x4F8, 0x4F8, 1},
	{0x4FA, 0x4FA, 1},
	{0x4FC, 0x4FC, 1},
	{0x4FE, 0x4FE, 1},
	{0x500, 0x500, 1},
	{0x502, 0x502, 1},
	{0x504, 0x504, 1},
	{0x506, 0x506, 1},
	{0x508, 0x508, 1},
	{0x50A, 0x50A, 1},
	{0x50C, 0x50C, 1},
	{0x50E, 0x50E, 1},
	{0x510, 0x510, 1},
	{0x512, 0x512, 1},
	{0x514, 0x514, 1},
	{0x516, 0x516, 1},
	{0x518, 0x518, 1},
	{0x51A, 0x51A, 1},
	{0x51C, 0x51C, 1},
	{0x51E, 0x51E, 1},
	{0x520, 0x520, 1},
	{0x522, 0x522, 1},
	{0x524, 0x524, 1},
	{0x526, 0x526, 1},
	{0x528, 0x528, 1},
	{0x52A, 0x52A, 1},
	{0x52C, 0x52C, 1},
	{0x52E, 0x52E, 1},
	{0x531, 0x556, 48},
	{0x10A0, 0x10C5, 7264},
	{0x10C7, 0x10C7, 7264},
	{0x10CD, 0x10CD, 7264},
	{0x13F8, 0x13FD, -8},
	{0x1C80, 0x1C80, -6222},
	{0x1C81, 0x1C81, -6221},
	{0x1C82, 0x1C82, -6212},
	{0x1C83, 0x1C84, -6210},
	{0x1C85, 0x1C85, -6211},
	{0x1C86, 0x1C86, -6204},
	{0x1C87, 0x1C87, -6180},
	{0x1C88, 0x1C88, 35267},
	{0x1C89, 0x1C89, 1},
	{0x1C90, 0x1CBA, -3008},
	{0x1CBD, 0x1CBF, -3008},
	{0x1E00, 0x1E00, 1},
	{0x1E02, 0x1E02, 1},
	{0x1E04, 0x1E04, 1},
	{0x1E06, 0x1E06, 1},
	{0x1E08, 0x1E08, 1},
	{0x1E0A, 0x1E0A, 1},
	{0x1E0C, 0x1E0C, 1},
	{0x1E0E, 0x1E0E, 1},
	{0x1E10, 0x1E10, 1},
	{0x1E12, 0x1E12, 1},
	{0x1E14, 0x1E14, 1},
	{0x1E16, 0x1E16, 1},
	{0x1E18, 0x1E18, 1},
	{0x1E1A, 0x1E1A, 1},
	{0x1E1C, 0x1E1C, 1},
	{0x1E1E, 0x1E1E, 1},
	{0x1E20, 0x1E20, 1},
	{0x1E22, 0x1E22, 1},
	{0x1E24, 0x1E24, 1},
	{0x1E26, 0x1E26, 1},
	{0x1E28, 0x1E28, 1},
	{0x1E2A, 0x1E2A, 1},
	{0x1E2C, 0x1E2C, 1},
	{0x1E2E, 0x1E2E, 1},
	{0x1E30, 0x1E30, 1},
	{0x1E32, 0x1E32, 1},
	{0x1E34, 0x1E34, 1},
	{0x1E36, 0x1E36, 1},
	{0x1E38, 0x1E38, 1},
	{0x1E3A, 0x1E3A, 1},
	{0x1E3C, 0x1E3C, 1},
	{0x1E3E, 0x1E3E, 1},
	{0x1E40, 0x1E40, 1},
	{0x1E42, 0x1E42, 1},
	{0x1E44, 0x1E44, 1},
	{0x1E46, 0x1E46, 1},
	{0x1E48, 0x1E48, 1},
	{0x1E4A, 0x1E4A, 1},
	{0x1E4C, 0x1E4C, 1},
	{0x1E4E, 0x1E4E, 1},
	{0x1E50, 0x1E50, 1},
	{0x1E52, 0x1E52, 1},
	{0x1E54, 0x1E54, 1},
	{0x1E56, 0x1E56, 1},
	{0x1E58, 0x1E58, 1},
	{0x1E5A, 0x1E5A, 1},
	{0x1E5C, 0x1E5C, 1},
	{0x1E5E, 0x1E5E, 1},
	{0x1E60, 0x1E60, 1},
	{0x1E62, 0x1E62, 1},
	{0x1E64, 0x1E64, 1},
	{0x1E66, 0x1E66, 1},
	{0x1E68, 0x1E68, 1},
	{0x1E6A, 0x1E6A, 1},
	{0x1E6C, 0x1E6C, 1},
	{0x1E6E, 0x1E6E, 1},
	{0x1E70, 0x1E70, 1},
	{0x1E72, 0x1E72, 1},
	{0x1E74, 0x1E74, 1},
	{0x1E76, 0x1E76, 1},
	{0x1E78, 0x1E78, 1},
	{0x1E7A, 0x1E7A, 1},
	{0x1E7C, 0x1E7C, 1},
	{0x1E7E, 0x1E7E, 1},
	{0x1E80, 0x1E80, 1},
	{0x1E82, 0x1E82, 1},
	{0x1E84, 0x1E84, 1},
	{0x1E86, 0x1E86, 1},
	{0x1E88, 0x1E88, 1},
	{0x1E8A, 0x1E8A, 1},
	{0x1E8C, 0x1E8C, 1},
	{0x1E8E, 0x1E8E, 1},
	{0x1E90, 0x1E90, 1},
	{0x1E92, 0x1E92, 1},
	{0x1E94, 0x1E94, 1},
	{0x1E9B, 0x1E9B, -58},
	{0x1E9E, 0x1E9E, -7615},
	{0x1EA0, 0x1EA0, 1},
	{0x1EA2, 0x1EA2, 1},
	{0x1EA4, 0x1EA4, 1},
	{0x1EA6, 0x1EA6, 1},
	{0x1EA8, 0x1EA8, 1},
	{0x1EAA, 0x1EAA, 1},
	{0x1EAC, 0x1EAC, 1},
	{0x1EAE, 0x1EAE, 1},
	{0x1EB0, 0x1EB0, 1},
	{0x1EB2, 0x1EB2, 1},
	{0x1EB4, 0x1EB4, 1},
	{0x1EB6, 0x1EB6, 1},
	{0x1EB8, 0x1EB8, 1},
	{0x1EBA, 0x1EBA, 1},
	{0x1EBC, 0x1EBC, 1},
	{0x1EBE, 0x1EBE, 1},
	{0x1EC0, 0x1EC0, 1},
	{0x1EC2, 0x1EC2, 1},
	{0x1EC4, 0x1EC4, 1},
	{0x1EC6, 0x1EC6, 1},
	{0x1EC8, 0x1EC8, 1},
	{0x1ECA, 0x1ECA, 1},
	{0x1ECC, 0x1ECC, 1},
	{0x1ECE, 0x1ECE, 1},
	{0x1ED0, 0x1ED0, 1},
	{0x1ED2, 0x1ED2, 1},
	{0x1ED4, 0x1ED4, 1},
	{0x1ED6, 0x1ED6, 1},
	{0x1ED8, 0x1ED8, 1},
	{0x1EDA, 0x1EDA, 1},
	{0x1EDC, 0x1EDC, 1},
	{0x1EDE, 0x1EDE, 1},
	{0x1EE0, 0x1EE0, 1},
	{0x1EE2, 0x1EE2, 1},
	{0x1EE4, 0x1EE4, 1},
	{0x1EE6, 0x1EE6, 1},
	{0x1EE8, 0x1EE8, 1},
	{0x1EEA, 0x1EEA, 1},
	{0x1EEC, 0x1EEC, 1},
	{0x1EEE, 0x1EEE, 1},
	{0x1EF0, 0x1EF0, 1},
	{0x1EF2, 0x1EF2, 1},
	{0x1EF4, 0x1EF4, 1},
	{0x1EF6, 0x1EF6, 1},
	{0x1EF8, 0x1EF8, 1},
	{0x1EFA, 0x1EFA, 1},
	{0x1EFC, 0x1EFC, 1},
	{0x1EFE, 0x1EFE, 1},
	{0x1F08, 0x1F0F, -8},
	{0x1F18, 0x1F1D, -8},
	{0x1F28, 0x1F2F, -8},
	{0x1F38, 0x1F3F, -8},
	{0x1F48, 0x1F4D, -8},
	{0x1F59, 0x1F59, -8},
	{0x1F5B, 0x1F5B, -8},
	{0x1F5D, 0x1F5D, -8},
	{0x1F5F, 0x1F5F, -8},
	{0x1F68, 0x1F6F, -8},
	{0x1F88, 0x1F8F, -8},
	{0x1F98, 0x1F9F, -8},
	{0x1FA8, 0x1FAF, -8},
	{0x1FB8, 0x1FB9, -8},
	{0x1FBA, 0x1FBB, -74},
	{0x1FBC, 0x1FBC, -9},
	{0x1FBE, 0x1FBE, -7173},
	{0x1FC8, 0x1FCB, -86},
	{0x1FCC, 0x1FCC, -9},
	{0x1FD3, 0x1FD3, -7235},
	{0x1FD8, 0x1FD9, -8},
	{0x1FDA, 0x1FDB, -100},
	{0x1FE3, 0x1FE3, -7219},
	{0x1FE8, 0x1FE9, -8},
	{0x1FEA, 0x1FEB, -112},
	{0x1FEC, 0x1FEC, -7},
	{0x1FF8, 0x1FF9, -128},
	{0x1FFA, 0x1FFB, -126},
	{0x1FFC, 0x1FFC, -9},
	{0x2126, 0x2126, -7517},
	{0x212A, 0x212A, -8383},
	{0x212B, 0x212B, -8262},
	{0x2132, 0x2132, 28},
	{0x2160, 0x216F, 16},
	{0x2183, 0x2183, 1},
	{0x24B6, 0x24CF, 26},
	{0x2C00, 0x2C2F, 48},
	{0x2C60, 0x2C60, 1},
	{0x2C62, 0x2C62, -10743},
	{0x2C63, 0x2C63, -3814},
	{0x2C64, 0x2C64, -10727},
	{0x2C67, 0x2C67, 1},
	{0x2C69, 0x2C69, 1},
	{0x2C6B, 0x2C6B, 1},
	{0x2C6D, 0x2C6D, -10780},
	{0x2C6E, 0x2C6E, -10749},
	{0x2C6F, 0x2C6F, -10783},
	{0x2C70, 0x2C70, -10782},
	{0x2C72, 0x2C72, 1},
	{0x2C75, 0x2C75, 1},
	{0x2C7E, 0x2C7F, -10815},
	{0x2C80, 0x2C80, 1},
	{0x2C82, 0x2C82, 1},
	{0x2C84, 0x2C84, 1},
	{0x2C86, 0x2C86, 1},
	{0x2C88, 0x2C88, 1},
	{0x2C8A, 0x2C8A, 1},
	{0x2C8C, 0x2C8C, 1},
	{0x2C8E, 0x2C8E, 1},
	{0x2C90, 0x2C90, 1},
	{0x2C92, 0x2C92, 1},
	{0x2C94, 0x2C94, 1},
	{0x2C96, 0x2C96, 1},
	{0x2C98, 0x2C98, 1},
	{0x2C9A, 0x2C9A, 1},
	{0x2C9C, 0x2C9C, 1},
	{0x2C9E, 0x2C9E, 1},
	{0x2CA0, 0x2CA0, 1},
	{0x2CA2, 0x2CA2, 1},
	{0x2CA4, 0x2CA4, 1},
	{0x2CA6, 0x2CA6, 1},
	{0x2CA8, 0x2CA8, 1},
	{0x2CAA, 0x2CAA, 1},
	{0x2CAC, 0x2CAC, 1},
	{0x2CAE, 0x2CAE, 1},
	{0x2CB0, 0x2CB0, 1},
	{0x2CB2, 0x2CB2, 1},
	{0x2CB4, 0x2CB4, 1},
	{0x2CB6, 0x2CB6, 1},
	{0x2CB8, 0x2CB8, 1},
	{0x2CBA, 0x2CBA, 1},
	{0x2CBC, 0x2CBC, 1},
	{0x2CBE, 0x2CBE, 1},
	{0x2CC0, 0x2CC0, 1},
	{0x2CC2, 0x2CC2, 1},
	{0x2CC4, 0x2CC4, 1},
	{0x2CC6, 0x2CC6, 1},
	{0x2CC8, 0x2CC8, 1},
	{0x2CCA, 0x2CCA, 1},
	{0x2CCC, 0x2CCC, 1},
	{0x2CCE, 0x2CCE, 1},
	{0x2CD0, 0x2CD0, 1},
	{0x2CD2, 0x2CD2, 1},
	{0x2CD4, 0x2CD4, 1},
	{0x2CD6, 0x2CD6, 1},
	{0x2CD8, 0x2CD8, 1},
	{0x2CDA, 0x2CDA, 1},
	{0x2CDC, 0x2CDC, 1},
	{0x2CDE, 0x2CDE, 1},
	{0x2CE0, 0x2CE0, 1},
	{0x2CE2, 0x2CE2, 1},
	{0x2CEB, 0x2CEB, 1},
	{0x2CED, 0x2CED, 1},
	{0x2CF2, 0x2CF2, 1},
	{0xA640, 0xA640, 1},
	{0xA642, 0xA642, 1},
	{0xA644, 0xA644, 1},
	{0xA646, 0xA646, 1},
	{0xA648, 0xA648, 1},
	{0xA64A, 0xA64A, 1},
	{0xA64C, 0xA64C, 1},
	{0xA64E, 0xA64E, 1},
	{0xA650, 0xA650, 1},
	{0xA652, 0xA652, 1},
	{0xA654, 0xA654, 1},
	{0xA656, 0xA656, 1},
	{0xA658, 0xA658, 1},
	{0xA65A, 0xA65A, 1},
	{0xA65C, 0xA65C, 1},
	{0xA65E, 0xA65E, 1},
	{0xA660, 0xA660, 1},
	{0xA662, 0xA662, 1},
	{0xA664, 0xA664, 1},
	{0xA666, 0xA666, 1},
	{0xA668, 0xA668, 1},
	{0xA66A, 0xA66A, 1},
	{0xA66C, 0xA66C, 1},
	{0xA680, 0xA680, 1},
	{0xA682, 0xA682, 1},
	{0xA684, 0xA684, 1},
	{0xA686, 0xA686, 1},
	{0xA688, 0xA688, 1},
	{0xA68A, 0xA68A, 1},
	{0xA68C, 0xA68C, 1},
	{0xA68E, 0xA68E, 1},
	{0xA690, 0xA690, 1},
	{0xA692, 0xA692, 1},
	{0xA694, 0xA694, 1},
	{0xA696, 0xA696, 1},
	{0xA698, 0xA698, 1},
	{0xA69A, 0xA69A, 1},
	{0xA722, 0xA722, 1},
	{0xA724, 0xA724, 1},
	{0xA726, 0xA726, 1},
	{0xA728, 0xA728, 1},
	{0xA72A, 0xA72A, 1},
	{0xA72C, 0xA72C, 1},
	{0xA72E, 0xA72E, 1},
	{0xA732, 0xA732, 1},
	{0xA734, 0xA734, 1},
	{0xA736, 0xA736, 1},
	{0xA738, 0xA738, 1},
	{0xA73A, 0xA73A, 1},
	{0xA73C, 0xA73C, 1},
	{0xA73E, 0xA73E, 1},
	{0xA740, 0xA740, 1},
	{0xA742, 0xA742, 1},
	{0xA744, 0xA744, 1},
	{0xA746, 0xA746, 1},
	{0xA748, 0xA748, 1},
	{0xA74A, 0xA74A, 1},
	{0xA74C, 0xA74C, 1},
	{0xA74E, 0xA74E, 1},
	{0xA750, 0xA750, 1},
	{0xA752, 0xA752, 1},
	{0xA754, 0xA754, 1},
	{0xA756, 0xA756, 1},
	{0xA758, 0xA758, 1},
	{0xA75A, 0xA75A, 1},
	{0xA75C, 0xA75C, 1},
	{0xA75E, 0xA75E, 1},
	{0xA760, 0xA760, 1},
	{0xA762, 0xA762, 1},
	{0xA764, 0xA764, 1},
	{0xA766, 0xA766, 1},
	{0xA768, 0xA768, 1},
	{0xA76A, 0xA76A, 1},
	{0xA76C, 0xA76C, 1},
	{0xA76E, 0xA76E, 1},
	{0xA779, 0xA779, 1},
	{0xA77B, 0xA77B, 1},
	{0xA77D, 0xA77D, -35332},
	{0xA77E, 0xA77E, 1},
	{0xA780, 0xA780, 1},
	{0xA782, 0xA782, 1},
	{0xA784, 0xA784, 1},
	{0xA786, 0xA786, 1},
	{0xA78B, 0xA78B, 1},
	{0xA78D, 0xA78D, -42280},
	{0xA790, 0xA790, 1},
	{0xA792, 0xA792, 1},
	{0xA796, 0xA796, 1},
	{0xA798, 0xA798, 1},
	{0xA79A, 0xA79A, 1},
	{0xA79C, 0xA79C, 1},
	{0xA79E, 0xA79E, 1},
	{0xA7A0, 0xA7A0, 1},
	{0xA7A2, 0xA7A2, 1},
	{0xA7A4, 0xA7A4, 1},
	{0xA7A6, 0xA7A6, 1},
	{0xA7A8, 0xA7A8, 1},
	{0xA7AA, 0xA7AA, -42308},
	{0xA7AB, 0xA7AB, -42319},
	{0xA7AC, 0xA7AC, -42315},
	{0xA7AD, 0xA7AD, -42305},
	{0xA7AE, 0xA7AE, -42308},
	{0xA7B0, 0xA7B0, -42258},
	{0xA7B1, 0xA7B1, -42282},
	{0xA7B2, 0xA7B2, -42261},
	{0xA7B3, 0xA7B3, 928},
	{0xA7B4, 0xA7B4, 1},
	{0xA7B6, 0xA7B6, 1},
	{0xA7B8, 0xA7B8, 1},
	{0xA7BA, 0xA7BA, 1},
	{0xA7BC, 0xA7BC, 1},
	{0xA7BE, 0xA7BE, 1},
	{0xA7C0, 0xA7C0, 1},
	{0xA7C2, 0xA7C2, 1},
	{0xA7C4, 0xA7C4, -48},
	{0xA7C5, 0xA7C5, -42307},
	{0xA7C6, 0xA7C6, -35384},
	{0xA7C7, 0xA7C7, 1},
	{0xA7C9, 0xA7C9, 1},
	{0xA7CB, 0xA7CB, -42343},
	{0xA7CC, 0xA7CC, 1},
	{0xA7CE, 0xA7CE, 1},
	{0xA7D0, 0xA7D0, 1},
	{0xA7D2, 0xA7D2, 1},
	{0xA7D4, 0xA7D4, 1},
	{0xA7D6, 0xA7D6, 1},
	{0xA7D8, 0xA7D8, 1},
	{0xA7DA, 0xA7DA, 1},
	{0xA7DC, 0xA7DC, -42561},
	{0xA7F5, 0xA7F5, 1},
	{0xAB70, 0xABBF, -38864},
	{0xFB05, 0xFB05, 1},
	{0xFF21, 0xFF3A, 32},
	{0x10400, 0x10427, 40},
	{0x104B0, 0x104D3, 40},
	{0x10570, 0x1057A, 39},
	{0x1057C, 0x1058A, 39},
	{0x1058C, 0x10592, 39},
	{0x10594, 0x10595, 39},
	{0x10C80, 0x10CB2, 64},
	{0x10D50, 0x10D65, 32},
	{0x118A0, 0x118BF, 32},
	{0x16E40, 0x16E5F, 32},
	{0x16EA0, 0x16EB8, 27},
	{0x1E900, 0x1E921, 34},
};
/**
 * @brief Количество диапазонов таблицы приведения регистра
 *
 */
const size_t awh::regex::FOLDING_COUNT = 701;
/**
 * @brief Размещение наборов символов, приводимых к одному значению
 *
 */
const awh::regex::interval_t awh::regex::ORBITS[] = {
	{0x41, 0x41, 0},
	{0x42, 0x42, 3},
	{0x43, 0x43, 6},
	{0x44, 0x44, 9},
	{0x45, 0x45, 12},
	{0x46, 0x46, 15},
	{0x47, 0x47, 18},
	{0x48, 0x48, 21},
	{0x49, 0x49, 24},
	{0x4A, 0x4A, 27},
	{0x4B, 0x4B, 30},
	{0x4C, 0x4C, 34},
	{0x4D, 0x4D, 37},
	{0x4E, 0x4E, 40},
	{0x4F, 0x4F, 43},
	{0x50, 0x50, 46},
	{0x51, 0x51, 49},
	{0x52, 0x52, 52},
	{0x53, 0x53, 55},
	{0x54, 0x54, 59},
	{0x55, 0x55, 62},
	{0x56, 0x56, 65},
	{0x57, 0x57, 68},
	{0x58, 0x58, 71},
	{0x59, 0x59, 74},
	{0x5A, 0x5A, 77},
	{0x61, 0x61, 0},
	{0x62, 0x62, 3},
	{0x63, 0x63, 6},
	{0x64, 0x64, 9},
	{0x65, 0x65, 12},
	{0x66, 0x66, 15},
	{0x67, 0x67, 18},
	{0x68, 0x68, 21},
	{0x69, 0x69, 24},
	{0x6A, 0x6A, 27},
	{0x6B, 0x6B, 30},
	{0x6C, 0x6C, 34},
	{0x6D, 0x6D, 37},
	{0x6E, 0x6E, 40},
	{0x6F, 0x6F, 43},
	{0x70, 0x70, 46},
	{0x71, 0x71, 49},
	{0x72, 0x72, 52},
	{0x73, 0x73, 55},
	{0x74, 0x74, 59},
	{0x75, 0x75, 62},
	{0x76, 0x76, 65},
	{0x77, 0x77, 68},
	{0x78, 0x78, 71},
	{0x79, 0x79, 74},
	{0x7A, 0x7A, 77},
	{0xB5, 0xB5, 803},
	{0xC0, 0xC0, 83},
	{0xC1, 0xC1, 86},
	{0xC2, 0xC2, 89},
	{0xC3, 0xC3, 92},
	{0xC4, 0xC4, 95},
	{0xC5, 0xC5, 98},
	{0xC6, 0xC6, 102},
	{0xC7, 0xC7, 105},
	{0xC8, 0xC8, 108},
	{0xC9, 0xC9, 111},
	{0xCA, 0xCA, 114},
	{0xCB, 0xCB, 117},
	{0xCC, 0xCC, 120},
	{0xCD, 0xCD, 123},
	{0xCE, 0xCE, 126},
	{0xCF, 0xCF, 129},
	{0xD0, 0xD0, 132},
	{0xD1, 0xD1, 135},
	{0xD2, 0xD2, 138},
	{0xD3, 0xD3, 141},
	{0xD4, 0xD4, 144},
	{0xD5, 0xD5, 147},
	{0xD6, 0xD6, 150},
	{0xD8, 0xD8, 153},
	{0xD9, 0xD9, 156},
	{0xDA, 0xDA, 159},
	{0xDB, 0xDB, 162},
	{0xDC, 0xDC, 165},
	{0xDD, 0xDD, 168},
	{0xDE, 0xDE, 171},
	{0xDF, 0xDF, 80},
	{0xE0, 0xE0, 83},
	{0xE1, 0xE1, 86},
	{0xE2, 0xE2, 89},
	{0xE3, 0xE3, 92},
	{0xE4, 0xE4, 95},
	{0xE5, 0xE5, 98},
	{0xE6, 0xE6, 102},
	{0xE7, 0xE7, 105},
	{0xE8, 0xE8, 108},
	{0xE9, 0xE9, 111},
	{0xEA, 0xEA, 114},
	{0xEB, 0xEB, 117},
	{0xEC, 0xEC, 120},
	{0xED, 0xED, 123},
	{0xEE, 0xEE, 126},
	{0xEF, 0xEF, 129},
	{0xF0, 0xF0, 132},
	{0xF1, 0xF1, 135},
	{0xF2, 0xF2, 138},
	{0xF3, 0xF3, 141},
	{0xF4, 0xF4, 144},
	{0xF5, 0xF5, 147},
	{0xF6, 0xF6, 150},
	{0xF8, 0xF8, 153},
	{0xF9, 0xF9, 156},
	{0xFA, 0xFA, 159},
	{0xFB, 0xFB, 162},
	{0xFC, 0xFC, 165},
	{0xFD, 0xFD, 168},
	{0xFE, 0xFE, 171},
	{0xFF, 0xFF, 174},
	{0x100, 0x100, 177},
	{0x101, 0x101, 177},
	{0x102, 0x102, 180},
	{0x103, 0x103, 180},
	{0x104, 0x104, 183},
	{0x105, 0x105, 183},
	{0x106, 0x106, 186},
	{0x107, 0x107, 186},
	{0x108, 0x108, 189},
	{0x109, 0x109, 189},
	{0x10A, 0x10A, 192},
	{0x10B, 0x10B, 192},
	{0x10C, 0x10C, 195},
	{0x10D, 0x10D, 195},
	{0x10E, 0x10E, 198},
	{0x10F, 0x10F, 198},
	{0x110, 0x110, 201},
	{0x111, 0x111, 201},
	{0x112, 0x112, 204},
	{0x113, 0x113, 204},
	{0x114, 0x114, 207},
	{0x115, 0x115, 207},
	{0x116, 0x116, 210},
	{0x117, 0x117, 210},
	{0x118, 0x118, 213},
	{0x119, 0x119, 213},
	{0x11A, 0x11A, 216},
	{0x11B, 0x11B, 216},
	{0x11C, 0x11C, 219},
	{0x11D, 0x11D, 219},
	{0x11E, 0x11E, 222},
	{0x11F, 0x11F, 222},
	{0x120, 0x120, 225},
	{0x121, 0x121, 225},
	{0x122, 0x122, 228},
	{0x123, 0x123, 228},
	{0x124, 0x124, 231},
	{0x125, 0x125, 231},
	{0x126, 0x126, 234},
	{0x127, 0x127, 234},
	{0x128, 0x128, 237},
	{0x129, 0x129, 237},
	{0x12A, 0x12A, 240},
	{0x12B, 0x12B, 240},
	{0x12C, 0x12C, 243},
	{0x12D, 0x12D, 243},
	{0x12E, 0x12E, 246},
	{0x12F, 0x12F, 246},
	{0x132, 0x132, 249},
	{0x133, 0x133, 249},
	{0x134, 0x134, 252},
	{0x135, 0x135, 252},
	{0x136, 0x136, 255},
	{0x137, 0x137, 255},
	{0x139, 0x139, 258},
	{0x13A, 0x13A, 258},
	{0x13B, 0x13B, 261},
	{0x13C, 0x13C, 261},
	{0x13D, 0x13D, 264},
	{0x13E, 0x13E, 264},
	{0x13F, 0x13F, 267},
	{0x140, 0x140, 267},
	{0x141, 0x141, 270},
	{0x142, 0x142, 270},
	{0x143, 0x143, 273},
	{0x144, 0x144, 273},
	{0x145, 0x145, 276},
	{0x146, 0x146, 276},
	{0x147, 0x147, 279},
	{0x148, 0x148, 279},
	{0x14A, 0x14A, 282},
	{0x14B, 0x14B, 282},
	{0x14C, 0x14C, 285},
	{0x14D, 0x14D, 285},
	{0x14E, 0x14E, 288},
	{0x14F, 0x14F, 288},
	{0x150, 0x150, 291},
	{0x151, 0x151, 291},
	{0x152, 0x152, 294},
	{0x153, 0x153, 294},
	{0x154, 0x154, 297},
	{0x155, 0x155, 297},
	{0x156, 0x156, 300},
	{0x157, 0x157, 300},
	{0x158, 0x158, 303},
	{0x159, 0x159, 303},
	{0x15A, 0x15A, 306},
	{0x15B, 0x15B, 306},
	{0x15C, 0x15C, 309},
	{0x15D, 0x15D, 309},
	{0x15E, 0x15E, 312},
	{0x15F, 0x15F, 312},
	{0x160, 0x160, 315},
	{0x161, 0x161, 315},
	{0x162, 0x162, 318},
	{0x163, 0x163, 318},
	{0x164, 0x164, 321},
	{0x165, 0x165, 321},
	{0x166, 0x166, 324},
	{0x167, 0x167, 324},
	{0x168, 0x168, 327},
	{0x169, 0x169, 327},
	{0x16A, 0x16A, 330},
	{0x16B, 0x16B, 330},
	{0x16C, 0x16C, 333},
	{0x16D, 0x16D, 333},
	{0x16E, 0x16E, 336},
	{0x16F, 0x16F, 336},
	{0x170, 0x170, 339},
	{0x171, 0x171, 339},
	{0x172, 0x172, 342},
	{0x173, 0x173, 342},
	{0x174, 0x174, 345},
	{0x175, 0x175, 345},
	{0x176, 0x176, 348},
	{0x177, 0x177, 348},
	{0x178, 0x178, 174},
	{0x179, 0x179, 351},
	{0x17A, 0x17A, 351},
	{0x17B, 0x17B, 354},
	{0x17C, 0x17C, 354},
	{0x17D, 0x17D, 357},
	{0x17E, 0x17E, 357},
	{0x17F, 0x17F, 55},
	{0x180, 0x180, 360},
	{0x181, 0x181, 622},
	{0x182, 0x182, 363},
	{0x183, 0x183, 363},
	{0x184, 0x184, 366},
	{0x185, 0x185, 366},
	{0x186, 0x186, 625},
	{0x187, 0x187, 369},
	{0x188, 0x188, 369},
	{0x189, 0x189, 628},
	{0x18A, 0x18A, 631},
	{0x18B, 0x18B, 372},
	{0x18C, 0x18C, 372},
	{0x18E, 0x18E, 462},
	{0x18F, 0x18F, 634},
	{0x190, 0x190, 637},
	{0x191, 0x191, 375},
	{0x192, 0x192, 375},
	{0x193, 0x193, 643},
	{0x194, 0x194, 649},
	{0x195, 0x195, 378},
	{0x196, 0x196, 664},
	{0x197, 0x197, 661},
	{0x198, 0x198, 381},
	{0x199, 0x199, 381},
	{0x19A, 0x19A, 384},
	{0x19B, 0x19B, 387},
	{0x19C, 0x19C, 676},
	{0x19D, 0x19D, 682},
	{0x19E, 0x19E, 390},
	{0x19F, 0x19F, 685},
	{0x1A0, 0x1A0, 393},
	{0x1A1, 0x1A1, 393},
	{0x1A2, 0x1A2, 396},
	{0x1A3, 0x1A3, 396},
	{0x1A4, 0x1A4, 399},
	{0x1A5, 0x1A5, 399},
	{0x1A6, 0x1A6, 691},
	{0x1A7, 0x1A7, 402},
	{0x1A8, 0x1A8, 402},
	{0x1A9, 0x1A9, 697},
	{0x1AC, 0x1AC, 405},
	{0x1AD, 0x1AD, 405},
	{0x1AE, 0x1AE, 703},
	{0x1AF, 0x1AF, 408},
	{0x1B0, 0x1B0, 408},
	{0x1B1, 0x1B1, 709},
	{0x1B2, 0x1B2, 712},
	{0x1B3, 0x1B3, 411},
	{0x1B4, 0x1B4, 411},
	{0x1B5, 0x1B5, 414},
	{0x1B6, 0x1B6, 414},
	{0x1B7, 0x1B7, 718},
	{0x1B8, 0x1B8, 417},
	{0x1B9, 0x1B9, 417},
	{0x1BC, 0x1BC, 420},
	{0x1BD, 0x1BD, 420},
	{0x1BF, 0x1BF, 423},
	{0x1C4, 0x1C4, 426},
	{0x1C5, 0x1C5, 426},
	{0x1C6, 0x1C6, 426},
	{0x1C7, 0x1C7, 430},
	{0x1C8, 0x1C8, 430},
	{0x1C9, 0x1C9, 430},
	{0x1CA, 0x1CA, 434},
	{0x1CB, 0x1CB, 434},
	{0x1CC, 0x1CC, 434},
	{0x1CD, 0x1CD, 438},
	{0x1CE, 0x1CE, 438},
	{0x1CF, 0x1CF, 441},
	{0x1D0, 0x1D0, 441},
	{0x1D1, 0x1D1, 444},
	{0x1D2, 0x1D2, 444},
	{0x1D3, 0x1D3, 447},
	{0x1D4, 0x1D4, 447},
	{0x1D5, 0x1D5, 450},
	{0x1D6, 0x1D6, 450},
	{0x1D7, 0x1D7, 453},
	{0x1D8, 0x1D8, 453},
	{0x1D9, 0x1D9, 456},
	{0x1DA, 0x1DA, 456},
	{0x1DB, 0x1DB, 459},
	{0x1DC, 0x1DC, 459},
	{0x1DD, 0x1DD, 462},
	{0x1DE, 0x1DE, 465},
	{0x1DF, 0x1DF, 465},
	{0x1E0, 0x1E0, 468},
	{0x1E1, 0x1E1, 468},
	{0x1E2, 0x1E2, 471},
	{0x1E3, 0x1E3, 471},
	{0x1E4, 0x1E4, 474},
	{0x1E5, 0x1E5, 474},
	{0x1E6, 0x1E6, 477},
	{0x1E7, 0x1E7, 477},
	{0x1E8, 0x1E8, 480},
	{0x1E9, 0x1E9, 480},
	{0x1EA, 0x1EA, 483},
	{0x1EB, 0x1EB, 483},
	{0x1EC, 0x1EC, 486},
	{0x1ED, 0x1ED, 486},
	{0x1EE, 0x1EE, 489},
	{0x1EF, 0x1EF, 489},
	{0x1F1, 0x1F1, 492},
	{0x1F2, 0x1F2, 492},
	{0x1F3, 0x1F3, 492},
	{0x1F4, 0x1F4, 496},
	{0x1F5, 0x1F5, 496},
	{0x1F6, 0x1F6, 378},
	{0x1F7, 0x1F7, 423},
	{0x1F8, 0x1F8, 499},
	{0x1F9, 0x1F9, 499},
	{0x1FA, 0x1FA, 502},
	{0x1FB, 0x1FB, 502},
	{0x1FC, 0x1FC, 505},
	{0x1FD, 0x1FD, 505},
	{0x1FE, 0x1FE, 508},
	{0x1FF, 0x1FF, 508},
	{0x200, 0x200, 511},
	{0x201, 0x201, 511},
	{0x202, 0x202, 514},
	{0x203, 0x203, 514},
	{0x204, 0x204, 517},
	{0x205, 0x205, 517},
	{0x206, 0x206, 520},
	{0x207, 0x207, 520},
	{0x208, 0x208, 523},
	{0x209, 0x209, 523},
	{0x20A, 0x20A, 526},
	{0x20B, 0x20B, 526},
	{0x20C, 0x20C, 529},
	{0x20D, 0x20D, 529},
	{0x20E, 0x20E, 532},
	{0x20F, 0x20F, 532},
	{0x210, 0x210, 535},
	{0x211, 0x211, 535},
	{0x212, 0x212, 538},
	{0x213, 0x213, 538},
	{0x214, 0x214, 541},
	{0x215, 0x215, 541},
	{0x216, 0x216, 544},
	{0x217, 0x217, 544},
	{0x218, 0x218, 547},
	{0x219, 0x219, 547},
	{0x21A, 0x21A, 550},
	{0x21B, 0x21B, 550},
	{0x21C, 0x21C, 553},
	{0x21D, 0x21D, 553},
	{0x21E, 0x21E, 556},
	{0x21F, 0x21F, 556},
	{0x220, 0x220, 390},
	{0x222, 0x222, 559},
	{0x223, 0x223, 559},
	{0x224, 0x224, 562},
	{0x225, 0x225, 562},
	{0x226, 0x226, 565},
	{0x227, 0x227, 565},
	{0x228, 0x228, 568},
	{0x229, 0x229, 568},
	{0x22A, 0x22A, 571},
	{0x22B, 0x22B, 571},
	{0x22C, 0x22C, 574},
	{0x22D, 0x22D, 574},
	{0x22E, 0x22E, 577},
	{0x22F, 0x22F, 577},
	{0x230, 0x230, 580},
	{0x231, 0x231, 580},
	{0x232, 0x232, 583},
	{0x233, 0x233, 583},
	{0x23A, 0x23A, 2825},
	{0x23B, 0x23B, 586},
	{0x23C, 0x23C, 586},
	{0x23D, 0x23D, 384},
	{0x23E, 0x23E, 2828},
	{0x23F, 0x23F, 589},
	{0x240, 0x240, 592},
	{0x241, 0x241, 595},
	{0x242, 0x242, 595},
	{0x243, 0x243, 360},
	{0x244, 0x244, 706},
	{0x245, 0x245, 715},
	{0x246, 0x246, 598},
	{0x247, 0x247, 598},
	{0x248, 0x248, 601},
	{0x249, 0x249, 601},
	{0x24A, 0x24A, 604},
	{0x24B, 0x24B, 604},
	{0x24C, 0x24C, 607},
	{0x24D, 0x24D, 607},
	{0x24E, 0x24E, 610},
	{0x24F, 0x24F, 610},
	{0x250, 0x250, 613},
	{0x251, 0x251, 616},
	{0x252, 0x252, 619},
	{0x253, 0x253, 622},
	{0x254, 0x254, 625},
	{0x256, 0x256, 628},
	{0x257, 0x257, 631},
	{0x259, 0x259, 634},
	{0x25B, 0x25B, 637},
	{0x25C, 0x25C, 640},
	{0x260, 0x260, 643},
	{0x261, 0x261, 646},
	{0x263, 0x263, 649},
	{0x264, 0x264, 652},
	{0x265, 0x265, 655},
	{0x266, 0x266, 658},
	{0x268, 0x268, 661},
	{0x269, 0x269, 664},
	{0x26A, 0x26A, 667},
	{0x26B, 0x26B, 670},
	{0x26C, 0x26C, 673},
	{0x26F, 0x26F, 676},
	{0x271, 0x271, 679},
	{0x272, 0x272, 682},
	{0x275, 0x275, 685},
	{0x27D, 0x27D, 688},
	{0x280, 0x280, 691},
	{0x282, 0x282, 694},
	{0x283, 0x283, 697},
	{0x287, 0x287, 700},
	{0x288, 0x288, 703},
	{0x289, 0x289, 706},
	{0x28A, 0x28A, 709},
	{0x28B, 0x28B, 712},
	{0x28C, 0x28C, 715},
	{0x292, 0x292, 718},
	{0x29D, 0x29D, 721},
	{0x29E, 0x29E, 724},
	{0x345, 0x345, 791},
	{0x370, 0x370, 727},
	{0x371, 0x371, 727},
	{0x372, 0x372, 730},
	{0x373, 0x373, 730},
	{0x376, 0x376, 733},
	{0x377, 0x377, 733},
	{0x37B, 0x37B, 736},
	{0x37C, 0x37C, 739},
	{0x37D, 0x37D, 742},
	{0x37F, 0x37F, 905},
	{0x386, 0x386, 748},
	{0x388, 0x388, 751},
	{0x389, 0x389, 754},
	{0x38A, 0x38A, 757},
	{0x38C, 0x38C, 854},
	{0x38E, 0x38E, 857},
	{0x38F, 0x38F, 860},
	{0x390, 0x390, 745},
	{0x391, 0x391, 763},
	{0x392, 0x392, 766},
	{0x393, 0x393, 770},
	{0x394, 0x394, 773},
	{0x395, 0x395, 776},
	{0x396, 0x396, 780},
	{0x397, 0x397, 783},
	{0x398, 0x398, 786},
	{0x399, 0x399, 791},
	{0x39A, 0x39A, 796},
	{0x39B, 0x39B, 800},
	{0x39C, 0x39C, 803},
	{0x39D, 0x39D, 807},
	{0x39E, 0x39E, 810},
	{0x39F, 0x39F, 813},
	{0x3A0, 0x3A0, 816},
	{0x3A1, 0x3A1, 820},
	{0x3A3, 0x3A3, 824},
	{0x3A4, 0x3A4, 828},
	{0x3A5, 0x3A5, 831},
	{0x3A6, 0x3A6, 834},
	{0x3A7, 0x3A7, 838},
	{0x3A8, 0x3A8, 841},
	{0x3A9, 0x3A9, 844},
	{0x3AA, 0x3AA, 848},
	{0x3AB, 0x3AB, 851},
	{0x3AC, 0x3AC, 748},
	{0x3AD, 0x3AD, 751},
	{0x3AE, 0x3AE, 754},
	{0x3AF, 0x3AF, 757},
	{0x3B0, 0x3B0, 760},
	{0x3B1, 0x3B1, 763},
	{0x3B2, 0x3B2, 766},
	{0x3B3, 0x3B3, 770},
	{0x3B4, 0x3B4, 773},
	{0x3B5, 0x3B5, 776},
	{0x3B6, 0x3B6, 780},
	{0x3B7, 0x3B7, 783},
	{0x3B8, 0x3B8, 786},
	{0x3B9, 0x3B9, 791},
	{0x3BA, 0x3BA, 796},
	{0x3BB, 0x3BB, 800},
	{0x3BC, 0x3BC, 803},
	{0x3BD, 0x3BD, 807},
	{0x3BE, 0x3BE, 810},
	{0x3BF, 0x3BF, 813},
	{0x3C0, 0x3C0, 816},
	{0x3C1, 0x3C1, 820},
	{0x3C2, 0x3C2, 824},
	{0x3C3, 0x3C3, 824},
	{0x3C4, 0x3C4, 828},
	{0x3C5, 0x3C5, 831},
	{0x3C6, 0x3C6, 834},
	{0x3C7, 0x3C7, 838},
	{0x3C8, 0x3C8, 841},
	{0x3C9, 0x3C9, 844},
	{0x3CA, 0x3CA, 848},
	{0x3CB, 0x3CB, 851},
	{0x3CC, 0x3CC, 854},
	{0x3CD, 0x3CD, 857},
	{0x3CE, 0x3CE, 860},
	{0x3CF, 0x3CF, 863},
	{0x3D0, 0x3D0, 766},
	{0x3D1, 0x3D1, 786},
	{0x3D5, 0x3D5, 834},
	{0x3D6, 0x3D6, 816},
	{0x3D7, 0x3D7, 863},
	{0x3D8, 0x3D8, 866},
	{0x3D9, 0x3D9, 866},
	{0x3DA, 0x3DA, 869},
	{0x3DB, 0x3DB, 869},
	{0x3DC, 0x3DC, 872},
	{0x3DD, 0x3DD, 872},
	{0x3DE, 0x3DE, 875},
	{0x3DF, 0x3DF, 875},
	{0x3E0, 0x3E0, 878},
	{0x3E1, 0x3E1, 878},
	{0x3E2, 0x3E2, 881},
	{0x3E3, 0x3E3, 881},
	{0x3E4, 0x3E4, 884},
	{0x3E5, 0x3E5, 884},
	{0x3E6, 0x3E6, 887},
	{0x3E7, 0x3E7, 887},
	{0x3E8, 0x3E8, 890},
	{0x3E9, 0x3E9, 890},
	{0x3EA, 0x3EA, 893},
	{0x3EB, 0x3EB, 893},
	{0x3EC, 0x3EC, 896},
	{0x3ED, 0x3ED, 896},
	{0x3EE, 0x3EE, 899},
	{0x3EF, 0x3EF, 899},
	{0x3F0, 0x3F0, 796},
	{0x3F1, 0x3F1, 820},
	{0x3F2, 0x3F2, 902},
	{0x3F3, 0x3F3, 905},
	{0x3F4, 0x3F4, 786},
	{0x3F5, 0x3F5, 776},
	{0x3F7, 0x3F7, 908},
	{0x3F8, 0x3F8, 908},
	{0x3F9, 0x3F9, 902},
	{0x3FA, 0x3FA, 911},
	{0x3FB, 0x3FB, 911},
	{0x3FD, 0x3FD, 736},
	{0x3FE, 0x3FE, 739},
	{0x3FF, 0x3FF, 742},
	{0x400, 0x400, 1017},
	{0x401, 0x401, 1020},
	{0x402, 0x402, 1023},
	{0x403, 0x403, 1026},
	{0x404, 0x404, 1029},
	{0x405, 0x405, 1032},
	{0x406, 0x406, 1035},
	{0x407, 0x407, 1038},
	{0x408, 0x408, 1041},
	{0x409, 0x409, 1044},
	{0x40A, 0x40A, 1047},
	{0x40B, 0x40B, 1050},
	{0x40C, 0x40C, 1053},
	{0x40D, 0x40D, 1056},
	{0x40E, 0x40E, 1059},
	{0x40F, 0x40F, 1062},
	{0x410, 0x410, 914},
	{0x411, 0x411, 917},
	{0x412, 0x412, 920},
	{0x413, 0x413, 924},
	{0x414, 0x414, 927},
	{0x415, 0x415, 931},
	{0x416, 0x416, 934},
	{0x417, 0x417, 937},
	{0x418, 0x418, 940},
	{0x419, 0x419, 943},
	{0x41A, 0x41A, 946},
	{0x41B, 0x41B, 949},
	{0x41C, 0x41C, 952},
	{0x41D, 0x41D, 955},
	{0x41E, 0x41E, 958},
	{0x41F, 0x41F, 962},
	{0x420, 0x420, 965},
	{0x421, 0x421, 968},
	{0x422, 0x422, 972},
	{0x423, 0x423, 977},
	{0x424, 0x424, 980},
	{0x425, 0x425, 983},
	{0x426, 0x426, 986},
	{0x427, 0x427, 989},
	{0x428, 0x428, 992},
	{0x429, 0x429, 995},
	{0x42A, 0x42A, 998},
	{0x42B, 0x42B, 1002},
	{0x42C, 0x42C, 1005},
	{0x42D, 0x42D, 1008},
	{0x42E, 0x42E, 1011},
	{0x42F, 0x42F, 1014},
	{0x430, 0x430, 914},
	{0x431, 0x431, 917},
	{0x432, 0x432, 920},
	{0x433, 0x433, 924},
	{0x434, 0x434, 927},
	{0x435, 0x435, 931},
	{0x436, 0x436, 934},
	{0x437, 0x437, 937},
	{0x438, 0x438, 940},
	{0x439, 0x439, 943},
	{0x43A, 0x43A, 946},
	{0x43B, 0x43B, 949},
	{0x43C, 0x43C, 952},
	{0x43D, 0x43D, 955},
	{0x43E, 0x43E, 958},
	{0x43F, 0x43F, 962},
	{0x440, 0x440, 965},
	{0x441, 0x441, 968},
	{0x442, 0x442, 972},
	{0x443, 0x443, 977},
	{0x444, 0x444, 980},
	{0x445, 0x445, 983},
	{0x446, 0x446, 986},
	{0x447, 0x447, 989},
	{0x448, 0x448, 992},
	{0x449, 0x449, 995},
	{0x44A, 0x44A, 998},
	{0x44B, 0x44B, 1002},
	{0x44C, 0x44C, 1005},
	{0x44D, 0x44D, 1008},
	{0x44E, 0x44E, 1011},
	{0x44F, 0x44F, 1014},
	{0x450, 0x450, 1017},
	{0x451, 0x451, 1020},
	{0x452, 0x452, 1023},
	{0x453, 0x453, 1026},
	{0x454, 0x454, 1029},
	{0x455, 0x455, 1032},
	{0x456, 0x456, 1035},
	{0x457, 0x457, 1038},
	{0x458, 0x458, 1041},
	{0x459, 0x459, 1044},
	{0x45A, 0x45A, 1047},
	{0x45B, 0x45B, 1050},
	{0x45C, 0x45C, 1053},
	{0x45D, 0x45D, 1056},
	{0x45E, 0x45E, 1059},
	{0x45F, 0x45F, 1062},
	{0x460, 0x460, 1065},
	{0x461, 0x461, 1065},
	{0x462, 0x462, 1068},
	{0x463, 0x463, 1068},
	{0x464, 0x464, 1072},
	{0x465, 0x465, 1072},
	{0x466, 0x466, 1075},
	{0x467, 0x467, 1075},
	{0x468, 0x468, 1078},
	{0x469, 0x469, 1078},
	{0x46A, 0x46A, 1081},
	{0x46B, 0x46B, 1081},
	{0x46C, 0x46C, 1084},
	{0x46D, 0x46D, 1084},
	{0x46E, 0x46E, 1087},
	{0x46F, 0x46F, 1087},
	{0x470, 0x470, 1090},
	{0x471, 0x471, 1090},
	{0x472, 0x472, 1093},
	{0x473, 0x473, 1093},
	{0x474, 0x474, 1096},
	{0x475, 0x475, 1096},
	{0x476, 0x476, 1099},
	{0x477, 0x477, 1099},
	{0x478, 0x478, 1102},
	{0x479, 0x479, 1102},
	{0x47A, 0x47A, 1105},
	{0x47B, 0x47B, 1105},
	{0x47C, 0x47C, 1108},
	{0x47D, 0x47D, 1108},
	{0x47E, 0x47E, 1111},
	{0x47F, 0x47F, 1111},
	{0x480, 0x480, 1114},
	{0x481, 0x481, 1114},
	{0x48A, 0x48A, 1117},
	{0x48B, 0x48B, 1117},
	{0x48C, 0x48C, 1120},
	{0x48D, 0x48D, 1120},
	{0x48E, 0x48E, 1123},
	{0x48F, 0x48F, 1123},
	{0x490, 0x490, 1126},
	{0x491, 0x491, 1126},
	{0x492, 0x492, 1129},
	{0x493, 0x493, 1129},
	{0x494, 0x494, 1132},
	{0x495, 0x495, 1132},
	{0x496, 0x496, 1135},
	{0x497, 0x497, 1135},
	{0x498, 0x498, 1138},
	{0x499, 0x499, 1138},
	{0x49A, 0x49A, 1141},
	{0x49B, 0x49B, 1141},
	{0x49C, 0x49C, 1144},
	{0x49D, 0x49D, 1144},
	{0x49E, 0x49E, 1147},
	{0x49F, 0x49F, 1147},
	{0x4A0, 0x4A0, 1150},
	{0x4A1, 0x4A1, 1150},
	{0x4A2, 0x4A2, 1153},
	{0x4A3, 0x4A3, 1153},
	{0x4A4, 0x4A4, 1156},
	{0x4A5, 0x4A5, 1156},
	{0x4A6, 0x4A6, 1159},
	{0x4A7, 0x4A7, 1159},
	{0x4A8, 0x4A8, 1162},
	{0x4A9, 0x4A9, 1162},
	{0x4AA, 0x4AA, 1165},
	{0x4AB, 0x4AB, 1165},
	{0x4AC, 0x4AC, 1168},
	{0x4AD, 0x4AD, 1168},
	{0x4AE, 0x4AE, 1171},
	{0x4AF, 0x4AF, 1171},
	{0x4B0, 0x4B0, 1174},
	{0x4B1, 0x4B1, 1174},
	{0x4B2, 0x4B2, 1177},
	{0x4B3, 0x4B3, 1177},
	{0x4B4, 0x4B4, 1180},
	{0x4B5, 0x4B5, 1180},
	{0x4B6, 0x4B6, 1183},
	{0x4B7, 0x4B7, 1183},
	{0x4B8, 0x4B8, 1186},
	{0x4B9, 0x4B9, 1186},
	{0x4BA, 0x4BA, 1189},
	{0x4BB, 0x4BB, 1189},
	{0x4BC, 0x4BC, 1192},
	{0x4BD, 0x4BD, 1192},
	{0x4BE, 0x4BE, 1195},
	{0x4BF, 0x4BF, 1195},
	{0x4C0, 0x4C0, 1219},
	{0x4C1, 0x4C1, 1198},
	{0x4C2, 0x4C2, 1198},
	{0x4C3, 0x4C3, 1201},
	{0x4C4, 0x4C4, 1201},
	{0x4C5, 0x4C5, 1204},
	{0x4C6, 0x4C6, 1204},
	{0x4C7, 0x4C7, 1207},
	{0x4C8, 0x4C8, 1207},
	{0x4C9, 0x4C9, 1210},
	{0x4CA, 0x4CA, 1210},
	{0x4CB, 0x4CB, 1213},
	{0x4CC, 0x4CC, 1213},
	{0x4CD, 0x4CD, 1216},
	{0x4CE, 0x4CE, 1216},
	{0x4CF, 0x4CF, 1219},
	{0x4D0, 0x4D0, 1222},
	{0x4D1, 0x4D1, 1222},
	{0x4D2, 0x4D2, 1225},
	{0x4D3, 0x4D3, 1225},
	{0x4D4, 0x4D4, 1228},
	{0x4D5, 0x4D5, 1228},
	{0x4D6, 0x4D6, 1231},
	{0x4D7, 0x4D7, 1231},
	{0x4D8, 0x4D8, 1234},
	{0x4D9, 0x4D9, 1234},
	{0x4DA, 0x4DA, 1237},
	{0x4DB, 0x4DB, 1237},
	{0x4DC, 0x4DC, 1240},
	{0x4DD, 0x4DD, 1240},
	{0x4DE, 0x4DE, 1243},
	{0x4DF, 0x4DF, 1243},
	{0x4E0, 0x4E0, 1246},
	{0x4E1, 0x4E1, 1246},
	{0x4E2, 0x4E2, 1249},
	{0x4E3, 0x4E3, 1249},
	{0x4E4, 0x4E4, 1252},
	{0x4E5, 0x4E5, 1252},
	{0x4E6, 0x4E6, 1255},
	{0x4E7, 0x4E7, 1255},
	{0x4E8, 0x4E8, 1258},
	{0x4E9, 0x4E9, 1258},
	{0x4EA, 0x4EA, 1261},
	{0x4EB, 0x4EB, 1261},
	{0x4EC, 0x4EC, 1264},
	{0x4ED, 0x4ED, 1264},
	{0x4EE, 0x4EE, 1267},
	{0x4EF, 0x4EF, 1267},
	{0x4F0, 0x4F0, 1270},
	{0x4F1, 0x4F1, 1270},
	{0x4F2, 0x4F2, 1273},
	{0x4F3, 0x4F3, 1273},
	{0x4F4, 0x4F4, 1276},
	{0x4F5, 0x4F5, 1276},
	{0x4F6, 0x4F6, 1279},
	{0x4F7, 0x4F7, 1279},
	{0x4F8, 0x4F8, 1282},
	{0x4F9, 0x4F9, 1282},
	{0x4FA, 0x4FA, 1285},
	{0x4FB, 0x4FB, 1285},
	{0x4FC, 0x4FC, 1288},
	{0x4FD, 0x4FD, 1288},
	{0x4FE, 0x4FE, 1291},
	{0x4FF, 0x4FF, 1291},
	{0x500, 0x500, 1294},
	{0x501, 0x501, 1294},
	{0x502, 0x502, 1297},
	{0x503, 0x503, 1297},
	{0x504, 0x504, 1300},
	{0x505, 0x505, 1300},
	{0x506, 0x506, 1303},
	{0x507, 0x507, 1303},
	{0x508, 0x508, 1306},
	{0x509, 0x509, 1306},
	{0x50A, 0x50A, 1309},
	{0x50B, 0x50B, 1309},
	{0x50C, 0x50C, 1312},
	{0x50D, 0x50D, 1312},
	{0x50E, 0x50E, 1315},
	{0x50F, 0x50F, 1315},
	{0x510, 0x510, 1318},
	{0x511, 0x511, 1318},
	{0x512, 0x512, 1321},
	{0x513, 0x513, 1321},
	{0x514, 0x514, 1324},
	{0x515, 0x515, 1324},
	{0x516, 0x516, 1327},
	{0x517, 0x517, 1327},
	{0x518, 0x518, 1330},
	{0x519, 0x519, 1330},
	{0x51A, 0x51A, 1333},
	{0x51B, 0x51B, 1333},
	{0x51C, 0x51C, 1336},
	{0x51D, 0x51D, 1336},
	{0x51E, 0x51E, 1339},
	{0x51F, 0x51F, 1339},
	{0x520, 0x520, 1342},
	{0x521, 0x521, 1342},
	{0x522, 0x522, 1345},
	{0x523, 0x523, 1345},
	{0x524, 0x524, 1348},
	{0x525, 0x525, 1348},
	{0x526, 0x526, 1351},
	{0x527, 0x527, 1351},
	{0x528, 0x528, 1354},
	{0x529, 0x529, 1354},
	{0x52A, 0x52A, 1357},
	{0x52B, 0x52B, 1357},
	{0x52C, 0x52C, 1360},
	{0x52D, 0x52D, 1360},
	{0x52E, 0x52E, 1363},
	{0x52F, 0x52F, 1363},
	{0x531, 0x531, 1366},
	{0x532, 0x532, 1369},
	{0x533, 0x533, 1372},
	{0x534, 0x534, 1375},
	{0x535, 0x535, 1378},
	{0x536, 0x536, 1381},
	{0x537, 0x537, 1384},
	{0x538, 0x538, 1387},
	{0x539, 0x539, 1390},
	{0x53A, 0x53A, 1393},
	{0x53B, 0x53B, 1396},
	{0x53C, 0x53C, 1399},
	{0x53D, 0x53D, 1402},
	{0x53E, 0x53E, 1405},
	{0x53F, 0x53F, 1408},
	{0x540, 0x540, 1411},
	{0x541, 0x541, 1414},
	{0x542, 0x542, 1417},
	{0x543, 0x543, 1420},
	{0x544, 0x544, 1423},
	{0x545, 0x545, 1426},
	{0x546, 0x546, 1429},
	{0x547, 0x547, 1432},
	{0x548, 0x548, 1435},
	{0x549, 0x549, 1438},
	{0x54A, 0x54A, 1441},
	{0x54B, 0x54B, 1444},
	{0x54C, 0x54C, 1447},
	{0x54D, 0x54D, 1450},
	{0x54E, 0x54E, 1453},
	{0x54F, 0x54F, 1456},
	{0x550, 0x550, 1459},
	{0x551, 0x551, 1462},
	{0x552, 0x552, 1465},
	{0x553, 0x553, 1468},
	{0x554, 0x554, 1471},
	{0x555, 0x555, 1474},
	{0x556, 0x556, 1477},
	{0x561, 0x561, 1366},
	{0x562, 0x562, 1369},
	{0x563, 0x563, 1372},
	{0x564, 0x564, 1375},
	{0x565, 0x565, 1378},
	{0x566, 0x566, 1381},
	{0x567, 0x567, 1384},
	{0x568, 0x568, 1387},
	{0x569, 0x569, 1390},
	{0x56A, 0x56A, 1393},
	{0x56B, 0x56B, 1396},
	{0x56C, 0x56C, 1399},
	{0x56D, 0x56D, 1402},
	{0x56E, 0x56E, 1405},
	{0x56F, 0x56F, 1408},
	{0x570, 0x570, 1411},
	{0x571, 0x571, 1414},
	{0x572, 0x572, 1417},
	{0x573, 0x573, 1420},
	{0x574, 0x574, 1423},
	{0x575, 0x575, 1426},
	{0x576, 0x576, 1429},
	{0x577, 0x577, 1432},
	{0x578, 0x578, 1435},
	{0x579, 0x579, 1438},
	{0x57A, 0x57A, 1441},
	{0x57B, 0x57B, 1444},
	{0x57C, 0x57C, 1447},
	{0x57D, 0x57D, 1450},
	{0x57E, 0x57E, 1453},
	{0x57F, 0x57F, 1456},
	{0x580, 0x580, 1459},
	{0x581, 0x581, 1462},
	{0x582, 0x582, 1465},
	{0x583, 0x583, 1468},
	{0x584, 0x584, 1471},
	{0x585, 0x585, 1474},
	{0x586, 0x586, 1477},
	{0x10A0, 0x10A0, 3005},
	{0x10A1, 0x10A1, 3008},
	{0x10A2, 0x10A2, 3011},
	{0x10A3, 0x10A3, 3014},
	{0x10A4, 0x10A4, 3017},
	{0x10A5, 0x10A5, 3020},
	{0x10A6, 0x10A6, 3023},
	{0x10A7, 0x10A7, 3026},
	{0x10A8, 0x10A8, 3029},
	{0x10A9, 0x10A9, 3032},
	{0x10AA, 0x10AA, 3035},
	{0x10AB, 0x10AB, 3038},
	{0x10AC, 0x10AC, 3041},
	{0x10AD, 0x10AD, 3044},
	{0x10AE, 0x10AE, 3047},
	{0x10AF, 0x10AF, 3050},
	{0x10B0, 0x10B0, 3053},
	{0x10B1, 0x10B1, 3056},
	{0x10B2, 0x10B2, 3059},
	{0x10B3, 0x10B3, 3062},
	{0x10B4, 0x10B4, 3065},
	{0x10B5, 0x10B5, 3068},
	{0x10B6, 0x10B6, 3071},
	{0x10B7, 0x10B7, 3074},
	{0x10B8, 0x10B8, 3077},
	{0x10B9, 0x10B9, 3080},
	{0x10BA, 0x10BA, 3083},
	{0x10BB, 0x10BB, 3086},
	{0x10BC, 0x10BC, 3089},
	{0x10BD, 0x10BD, 3092},
	{0x10BE, 0x10BE, 3095},
	{0x10BF, 0x10BF, 3098},
	{0x10C0, 0x10C0, 3101},
	{0x10C1, 0x10C1, 3104},
	{0x10C2, 0x10C2, 3107},
	{0x10C3, 0x10C3, 3110},
	{0x10C4, 0x10C4, 3113},
	{0x10C5, 0x10C5, 3116},
	{0x10C7, 0x10C7, 3119},
	{0x10CD, 0x10CD, 3122},
	{0x10D0, 0x10D0, 1480},
	{0x10D1, 0x10D1, 1483},
	{0x10D2, 0x10D2, 1486},
	{0x10D3, 0x10D3, 1489},
	{0x10D4, 0x10D4, 1492},
	{0x10D5, 0x10D5, 1495},
	{0x10D6, 0x10D6, 1498},
	{0x10D7, 0x10D7, 1501},
	{0x10D8, 0x10D8, 1504},
	{0x10D9, 0x10D9, 1507},
	{0x10DA, 0x10DA, 1510},
	{0x10DB, 0x10DB, 1513},
	{0x10DC, 0x10DC, 1516},
	{0x10DD, 0x10DD, 1519},
	{0x10DE, 0x10DE, 1522},
	{0x10DF, 0x10DF, 1525},
	{0x10E0, 0x10E0, 1528},
	{0x10E1, 0x10E1, 1531},
	{0x10E2, 0x10E2, 1534},
	{0x10E3, 0x10E3, 1537},
	{0x10E4, 0x10E4, 1540},
	{0x10E5, 0x10E5, 1543},
	{0x10E6, 0x10E6, 1546},
	{0x10E7, 0x10E7, 1549},
	{0x10E8, 0x10E8, 1552},
	{0x10E9, 0x10E9, 1555},
	{0x10EA, 0x10EA, 1558},
	{0x10EB, 0x10EB, 1561},
	{0x10EC, 0x10EC, 1564},
	{0x10ED, 0x10ED, 1567},
	{0x10EE, 0x10EE, 1570},
	{0x10EF, 0x10EF, 1573},
	{0x10F0, 0x10F0, 1576},
	{0x10F1, 0x10F1, 1579},
	{0x10F2, 0x10F2, 1582},
	{0x10F3, 0x10F3, 1585},
	{0x10F4, 0x10F4, 1588},
	{0x10F5, 0x10F5, 1591},
	{0x10F6, 0x10F6, 1594},
	{0x10F7, 0x10F7, 1597},
	{0x10F8, 0x10F8, 1600},
	{0x10F9, 0x10F9, 1603},
	{0x10FA, 0x10FA, 1606},
	{0x10FD, 0x10FD, 1609},
	{0x10FE, 0x10FE, 1612},
	{0x10FF, 0x10FF, 1615},
	{0x13A0, 0x13A0, 1618},
	{0x13A1, 0x13A1, 1621},
	{0x13A2, 0x13A2, 1624},
	{0x13A3, 0x13A3, 1627},
	{0x13A4, 0x13A4, 1630},
	{0x13A5, 0x13A5, 1633},
	{0x13A6, 0x13A6, 1636},
	{0x13A7, 0x13A7, 1639},
	{0x13A8, 0x13A8, 1642},
	{0x13A9, 0x13A9, 1645},
	{0x13AA, 0x13AA, 1648},
	{0x13AB, 0x13AB, 1651},
	{0x13AC, 0x13AC, 1654},
	{0x13AD, 0x13AD, 1657},
	{0x13AE, 0x13AE, 1660},
	{0x13AF, 0x13AF, 1663},
	{0x13B0, 0x13B0, 1666},
	{0x13B1, 0x13B1, 1669},
	{0x13B2, 0x13B2, 1672},
	{0x13B3, 0x13B3, 1675},
	{0x13B4, 0x13B4, 1678},
	{0x13B5, 0x13B5, 1681},
	{0x13B6, 0x13B6, 1684},
	{0x13B7, 0x13B7, 1687},
	{0x13B8, 0x13B8, 1690},
	{0x13B9, 0x13B9, 1693},
	{0x13BA, 0x13BA, 1696},
	{0x13BB, 0x13BB, 1699},
	{0x13BC, 0x13BC, 1702},
	{0x13BD, 0x13BD, 1705},
	{0x13BE, 0x13BE, 1708},
	{0x13BF, 0x13BF, 1711},
	{0x13C0, 0x13C0, 1714},
	{0x13C1, 0x13C1, 1717},
	{0x13C2, 0x13C2, 1720},
	{0x13C3, 0x13C3, 1723},
	{0x13C4, 0x13C4, 1726},
	{0x13C5, 0x13C5, 1729},
	{0x13C6, 0x13C6, 1732},
	{0x13C7, 0x13C7, 1735},
	{0x13C8, 0x13C8, 1738},
	{0x13C9, 0x13C9, 1741},
	{0x13CA, 0x13CA, 1744},
	{0x13CB, 0x13CB, 1747},
	{0x13CC, 0x13CC, 1750},
	{0x13CD, 0x13CD, 1753},
	{0x13CE, 0x13CE, 1756},
	{0x13CF, 0x13CF, 1759},
	{0x13D0, 0x13D0, 1762},
	{0x13D1, 0x13D1, 1765},
	{0x13D2, 0x13D2, 1768},
	{0x13D3, 0x13D3, 1771},
	{0x13D4, 0x13D4, 1774},
	{0x13D5, 0x13D5, 1777},
	{0x13D6, 0x13D6, 1780},
	{0x13D7, 0x13D7, 1783},
	{0x13D8, 0x13D8, 1786},
	{0x13D9, 0x13D9, 1789},
	{0x13DA, 0x13DA, 1792},
	{0x13DB, 0x13DB, 1795},
	{0x13DC, 0x13DC, 1798},
	{0x13DD, 0x13DD, 1801},
	{0x13DE, 0x13DE, 1804},
	{0x13DF, 0x13DF, 1807},
	{0x13E0, 0x13E0, 1810},
	{0x13E1, 0x13E1, 1813},
	{0x13E2, 0x13E2, 1816},
	{0x13E3, 0x13E3, 1819},
	{0x13E4, 0x13E4, 1822},
	{0x13E5, 0x13E5, 1825},
	{0x13E6, 0x13E6, 1828},
	{0x13E7, 0x13E7, 1831},
	{0x13E8, 0x13E8, 1834},
	{0x13E9, 0x13E9, 1837},
	{0x13EA, 0x13EA, 1840},
	{0x13EB, 0x13EB, 1843},
	{0x13EC, 0x13EC, 1846},
	{0x13ED, 0x13ED, 1849},
	{0x13EE, 0x13EE, 1852},
	{0x13EF, 0x13EF, 1855},
	{0x13F0, 0x13F0, 1858},
	{0x13F1, 0x13F1, 1861},
	{0x13F2, 0x13F2, 1864},
	{0x13F3, 0x13F3, 1867},
	{0x13F4, 0x13F4, 1870},
	{0x13F5, 0x13F5, 1873},
	{0x13F8, 0x13F8, 1858},
	{0x13F9, 0x13F9, 1861},
	{0x13FA, 0x13FA, 1864},
	{0x13FB, 0x13FB, 1867},
	{0x13FC, 0x13FC, 1870},
	{0x13FD, 0x13FD, 1873},
	{0x1C80, 0x1C80, 920},
	{0x1C81, 0x1C81, 927},
	{0x1C82, 0x1C82, 958},
	{0x1C83, 0x1C83, 968},
	{0x1C84, 0x1C84, 972},
	{0x1C85, 0x1C85, 972},
	{0x1C86, 0x1C86, 998},
	{0x1C87, 0x1C87, 1068},
	{0x1C88, 0x1C88, 3140},
	{0x1C89, 0x1C89, 1876},
	{0x1C8A, 0x1C8A, 1876},
	{0x1C90, 0x1C90, 1480},
	{0x1C91, 0x1C91, 1483},
	{0x1C92, 0x1C92, 1486},
	{0x1C93, 0x1C93, 1489},
	{0x1C94, 0x1C94, 1492},
	{0x1C95, 0x1C95, 1495},
	{0x1C96, 0x1C96, 1498},
	{0x1C97, 0x1C97, 1501},
	{0x1C98, 0x1C98, 1504},
	{0x1C99, 0x1C99, 1507},
	{0x1C9A, 0x1C9A, 1510},
	{0x1C9B, 0x1C9B, 1513},
	{0x1C9C, 0x1C9C, 1516},
	{0x1C9D, 0x1C9D, 1519},
	{0x1C9E, 0x1C9E, 1522},
	{0x1C9F, 0x1C9F, 1525},
	{0x1CA0, 0x1CA0, 1528},
	{0x1CA1, 0x1CA1, 1531},
	{0x1CA2, 0x1CA2, 1534},
	{0x1CA3, 0x1CA3, 1537},
	{0x1CA4, 0x1CA4, 1540},
	{0x1CA5, 0x1CA5, 1543},
	{0x1CA6, 0x1CA6, 1546},
	{0x1CA7, 0x1CA7, 1549},
	{0x1CA8, 0x1CA8, 1552},
	{0x1CA9, 0x1CA9, 1555},
	{0x1CAA, 0x1CAA, 1558},
	{0x1CAB, 0x1CAB, 1561},
	{0x1CAC, 0x1CAC, 1564},
	{0x1CAD, 0x1CAD, 1567},
	{0x1CAE, 0x1CAE, 1570},
	{0x1CAF, 0x1CAF, 1573},
	{0x1CB0, 0x1CB0, 1576},
	{0x1CB1, 0x1CB1, 1579},
	{0x1CB2, 0x1CB2, 1582},
	{0x1CB3, 0x1CB3, 1585},
	{0x1CB4, 0x1CB4, 1588},
	{0x1CB5, 0x1CB5, 1591},
	{0x1CB6, 0x1CB6, 1594},
	{0x1CB7, 0x1CB7, 1597},
	{0x1CB8, 0x1CB8, 1600},
	{0x1CB9, 0x1CB9, 1603},
	{0x1CBA, 0x1CBA, 1606},
	{0x1CBD, 0x1CBD, 1609},
	{0x1CBE, 0x1CBE, 1612},
	{0x1CBF, 0x1CBF, 1615},
	{0x1D79, 0x1D79, 1879},
	{0x1D7D, 0x1D7D, 1882},
	{0x1D8E, 0x1D8E, 1885},
	{0x1E00, 0x1E00, 1888},
	{0x1E01, 0x1E01, 1888},
	{0x1E02, 0x1E02, 1891},
	{0x1E03, 0x1E03, 1891},
	{0x1E04, 0x1E04, 1894},
	{0x1E05, 0x1E05, 1894},
	{0x1E06, 0x1E06, 1897},
	{0x1E07, 0x1E07, 1897},
	{0x1E08, 0x1E08, 1900},
	{0x1E09, 0x1E09, 1900},
	{0x1E0A, 0x1E0A, 1903},
	{0x1E0B, 0x1E0B, 1903},
	{0x1E0C, 0x1E0C, 1906},
	{0x1E0D, 0x1E0D, 1906},
	{0x1E0E, 0x1E0E, 1909},
	{0x1E0F, 0x1E0F, 1909},
	{0x1E10, 0x1E10, 1912},
	{0x1E11, 0x1E11, 1912},
	{0x1E12, 0x1E12, 1915},
	{0x1E13, 0x1E13, 1915},
	{0x1E14, 0x1E14, 1918},
	{0x1E15, 0x1E15, 1918},
	{0x1E16, 0x1E16, 1921},
	{0x1E17, 0x1E17, 1921},
	{0x1E18, 0x1E18, 1924},
	{0x1E19, 0x1E19, 1924},
	{0x1E1A, 0x1E1A, 1927},
	{0x1E1B, 0x1E1B, 1927},
	{0x1E1C, 0x1E1C, 1930},
	{0x1E1D, 0x1E1D, 1930},
	{0x1E1E, 0x1E1E, 1933},
	{0x1E1F, 0x1E1F, 1933},
	{0x1E20, 0x1E20, 1936},
	{0x1E21, 0x1E21, 1936},
	{0x1E22, 0x1E22, 1939},
	{0x1E23, 0x1E23, 1939},
	{0x1E24, 0x1E24, 1942},
	{0x1E25, 0x1E25, 1942},
	{0x1E26, 0x1E26, 1945},
	{0x1E27, 0x1E27, 1945},
	{0x1E28, 0x1E28, 1948},
	{0x1E29, 0x1E29, 1948},
	{0x1E2A, 0x1E2A, 1951},
	{0x1E2B, 0x1E2B, 1951},
	{0x1E2C, 0x1E2C, 1954},
	{0x1E2D, 0x1E2D, 1954},
	{0x1E2E, 0x1E2E, 1957},
	{0x1E2F, 0x1E2F, 1957},
	{0x1E30, 0x1E30, 1960},
	{0x1E31, 0x1E31, 1960},
	{0x1E32, 0x1E32, 1963},
	{0x1E33, 0x1E33, 1963},
	{0x1E34, 0x1E34, 1966},
	{0x1E35, 0x1E35, 1966},
	{0x1E36, 0x1E36, 1969},
	{0x1E37, 0x1E37, 1969},
	{0x1E38, 0x1E38, 1972},
	{0x1E39, 0x1E39, 1972},
	{0x1E3A, 0x1E3A, 1975},
	{0x1E3B, 0x1E3B, 1975},
	{0x1E3C, 0x1E3C, 1978},
	{0x1E3D, 0x1E3D, 1978},
	{0x1E3E, 0x1E3E, 1981},
	{0x1E3F, 0x1E3F, 1981},
	{0x1E40, 0x1E40, 1984},
	{0x1E41, 0x1E41, 1984},
	{0x1E42, 0x1E42, 1987},
	{0x1E43, 0x1E43, 1987},
	{0x1E44, 0x1E44, 1990},
	{0x1E45, 0x1E45, 1990},
	{0x1E46, 0x1E46, 1993},
	{0x1E47, 0x1E47, 1993},
	{0x1E48, 0x1E48, 1996},
	{0x1E49, 0x1E49, 1996},
	{0x1E4A, 0x1E4A, 1999},
	{0x1E4B, 0x1E4B, 1999},
	{0x1E4C, 0x1E4C, 2002},
	{0x1E4D, 0x1E4D, 2002},
	{0x1E4E, 0x1E4E, 2005},
	{0x1E4F, 0x1E4F, 2005},
	{0x1E50, 0x1E50, 2008},
	{0x1E51, 0x1E51, 2008},
	{0x1E52, 0x1E52, 2011},
	{0x1E53, 0x1E53, 2011},
	{0x1E54, 0x1E54, 2014},
	{0x1E55, 0x1E55, 2014},
	{0x1E56, 0x1E56, 2017},
	{0x1E57, 0x1E57, 2017},
	{0x1E58, 0x1E58, 2020},
	{0x1E59, 0x1E59, 2020},
	{0x1E5A, 0x1E5A, 2023},
	{0x1E5B, 0x1E5B, 2023},
	{0x1E5C, 0x1E5C, 2026},
	{0x1E5D, 0x1E5D, 2026},
	{0x1E5E, 0x1E5E, 2029},
	{0x1E5F, 0x1E5F, 2029},
	{0x1E60, 0x1E60, 2032},
	{0x1E61, 0x1E61, 2032},
	{0x1E62, 0x1E62, 2036},
	{0x1E63, 0x1E63, 2036},
	{0x1E64, 0x1E64, 2039},
	{0x1E65, 0x1E65, 2039},
	{0x1E66, 0x1E66, 2042},
	{0x1E67, 0x1E67, 2042},
	{0x1E68, 0x1E68, 2045},
	{0x1E69, 0x1E69, 2045},
	{0x1E6A, 0x1E6A, 2048},
	{0x1E6B, 0x1E6B, 2048},
	{0x1E6C, 0x1E6C, 2051},
	{0x1E6D, 0x1E6D, 2051},
	{0x1E6E, 0x1E6E, 2054},
	{0x1E6F, 0x1E6F, 2054},
	{0x1E70, 0x1E70, 2057},
	{0x1E71, 0x1E71, 2057},
	{0x1E72, 0x1E72, 2060},
	{0x1E73, 0x1E73, 2060},
	{0x1E74, 0x1E74, 2063},
	{0x1E75, 0x1E75, 2063},
	{0x1E76, 0x1E76, 2066},
	{0x1E77, 0x1E77, 2066},
	{0x1E78, 0x1E78, 2069},
	{0x1E79, 0x1E79, 2069},
	{0x1E7A, 0x1E7A, 2072},
	{0x1E7B, 0x1E7B, 2072},
	{0x1E7C, 0x1E7C, 2075},
	{0x1E7D, 0x1E7D, 2075},
	{0x1E7E, 0x1E7E, 2078},
	{0x1E7F, 0x1E7F, 2078},
	{0x1E80, 0x1E80, 2081},
	{0x1E81, 0x1E81, 2081},
	{0x1E82, 0x1E82, 2084},
	{0x1E83, 0x1E83, 2084},
	{0x1E84, 0x1E84, 2087},
	{0x1E85, 0x1E85, 2087},
	{0x1E86, 0x1E86, 2090},
	{0x1E87, 0x1E87, 2090},
	{0x1E88, 0x1E88, 2093},
	{0x1E89, 0x1E89, 2093},
	{0x1E8A, 0x1E8A, 2096},
	{0x1E8B, 0x1E8B, 2096},
	{0x1E8C, 0x1E8C, 2099},
	{0x1E8D, 0x1E8D, 2099},
	{0x1E8E, 0x1E8E, 2102},
	{0x1E8F, 0x1E8F, 2102},
	{0x1E90, 0x1E90, 2105},
	{0x1E91, 0x1E91, 2105},
	{0x1E92, 0x1E92, 2108},
	{0x1E93, 0x1E93, 2108},
	{0x1E94, 0x1E94, 2111},
	{0x1E95, 0x1E95, 2111},
	{0x1E9B, 0x1E9B, 2032},
	{0x1E9E, 0x1E9E, 80},
	{0x1EA0, 0x1EA0, 2114},
	{0x1EA1, 0x1EA1, 2114},
	{0x1EA2, 0x1EA2, 2117},
	{0x1EA3, 0x1EA3, 2117},
	{0x1EA4, 0x1EA4, 2120},
	{0x1EA5, 0x1EA5, 2120},
	{0x1EA6, 0x1EA6, 2123},
	{0x1EA7, 0x1EA7, 2123},
	{0x1EA8, 0x1EA8, 2126},
	{0x1EA9, 0x1EA9, 2126},
	{0x1EAA, 0x1EAA, 2129},
	{0x1EAB, 0x1EAB, 2129},
	{0x1EAC, 0x1EAC, 2132},
	{0x1EAD, 0x1EAD, 2132},
	{0x1EAE, 0x1EAE, 2135},
	{0x1EAF, 0x1EAF, 2135},
	{0x1EB0, 0x1EB0, 2138},
	{0x1EB1, 0x1EB1, 2138},
	{0x1EB2, 0x1EB2, 2141},
	{0x1EB3, 0x1EB3, 2141},
	{0x1EB4, 0x1EB4, 2144},
	{0x1EB5, 0x1EB5, 2144},
	{0x1EB6, 0x1EB6, 2147},
	{0x1EB7, 0x1EB7, 2147},
	{0x1EB8, 0x1EB8, 2150},
	{0x1EB9, 0x1EB9, 2150},
	{0x1EBA, 0x1EBA, 2153},
	{0x1EBB, 0x1EBB, 2153},
	{0x1EBC, 0x1EBC, 2156},
	{0x1EBD, 0x1EBD, 2156},
	{0x1EBE, 0x1EBE, 2159},
	{0x1EBF, 0x1EBF, 2159},
	{0x1EC0, 0x1EC0, 2162},
	{0x1EC1, 0x1EC1, 2162},
	{0x1EC2, 0x1EC2, 2165},
	{0x1EC3, 0x1EC3, 2165},
	{0x1EC4, 0x1EC4, 2168},
	{0x1EC5, 0x1EC5, 2168},
	{0x1EC6, 0x1EC6, 2171},
	{0x1EC7, 0x1EC7, 2171},
	{0x1EC8, 0x1EC8, 2174},
	{0x1EC9, 0x1EC9, 2174},
	{0x1ECA, 0x1ECA, 2177},
	{0x1ECB, 0x1ECB, 2177},
	{0x1ECC, 0x1ECC, 2180},
	{0x1ECD, 0x1ECD, 2180},
	{0x1ECE, 0x1ECE, 2183},
	{0x1ECF, 0x1ECF, 2183},
	{0x1ED0, 0x1ED0, 2186},
	{0x1ED1, 0x1ED1, 2186},
	{0x1ED2, 0x1ED2, 2189},
	{0x1ED3, 0x1ED3, 2189},
	{0x1ED4, 0x1ED4, 2192},
	{0x1ED5, 0x1ED5, 2192},
	{0x1ED6, 0x1ED6, 2195},
	{0x1ED7, 0x1ED7, 2195},
	{0x1ED8, 0x1ED8, 2198},
	{0x1ED9, 0x1ED9, 2198},
	{0x1EDA, 0x1EDA, 2201},
	{0x1EDB, 0x1EDB, 2201},
	{0x1EDC, 0x1EDC, 2204},
	{0x1EDD, 0x1EDD, 2204},
	{0x1EDE, 0x1EDE, 2207},
	{0x1EDF, 0x1EDF, 2207},
	{0x1EE0, 0x1EE0, 2210},
	{0x1EE1, 0x1EE1, 2210},
	{0x1EE2, 0x1EE2, 2213},
	{0x1EE3, 0x1EE3, 2213},
	{0x1EE4, 0x1EE4, 2216},
	{0x1EE5, 0x1EE5, 2216},
	{0x1EE6, 0x1EE6, 2219},
	{0x1EE7, 0x1EE7, 2219},
	{0x1EE8, 0x1EE8, 2222},
	{0x1EE9, 0x1EE9, 2222},
	{0x1EEA, 0x1EEA, 2225},
	{0x1EEB, 0x1EEB, 2225},
	{0x1EEC, 0x1EEC, 2228},
	{0x1EED, 0x1EED, 2228},
	{0x1EEE, 0x1EEE, 2231},
	{0x1EEF, 0x1EEF, 2231},
	{0x1EF0, 0x1EF0, 2234},
	{0x1EF1, 0x1EF1, 2234},
	{0x1EF2, 0x1EF2, 2237},
	{0x1EF3, 0x1EF3, 2237},
	{0x1EF4, 0x1EF4, 2240},
	{0x1EF5, 0x1EF5, 2240},
	{0x1EF6, 0x1EF6, 2243},
	{0x1EF7, 0x1EF7, 2243},
	{0x1EF8, 0x1EF8, 2246},
	{0x1EF9, 0x1EF9, 2246},
	{0x1EFA, 0x1EFA, 2249},
	{0x1EFB, 0x1EFB, 2249},
	{0x1EFC, 0x1EFC, 2252},
	{0x1EFD, 0x1EFD, 2252},
	{0x1EFE, 0x1EFE, 2255},
	{0x1EFF, 0x1EFF, 2255},
	{0x1F00, 0x1F00, 2258},
	{0x1F01, 0x1F01, 2261},
	{0x1F02, 0x1F02, 2264},
	{0x1F03, 0x1F03, 2267},
	{0x1F04, 0x1F04, 2270},
	{0x1F05, 0x1F05, 2273},
	{0x1F06, 0x1F06, 2276},
	{0x1F07, 0x1F07, 2279},
	{0x1F08, 0x1F08, 2258},
	{0x1F09, 0x1F09, 2261},
	{0x1F0A, 0x1F0A, 2264},
	{0x1F0B, 0x1F0B, 2267},
	{0x1F0C, 0x1F0C, 2270},
	{0x1F0D, 0x1F0D, 2273},
	{0x1F0E, 0x1F0E, 2276},
	{0x1F0F, 0x1F0F, 2279},
	{0x1F10, 0x1F10, 2282},
	{0x1F11, 0x1F11, 2285},
	{0x1F12, 0x1F12, 2288},
	{0x1F13, 0x1F13, 2291},
	{0x1F14, 0x1F14, 2294},
	{0x1F15, 0x1F15, 2297},
	{0x1F18, 0x1F18, 2282},
	{0x1F19, 0x1F19, 2285},
	{0x1F1A, 0x1F1A, 2288},
	{0x1F1B, 0x1F1B, 2291},
	{0x1F1C, 0x1F1C, 2294},
	{0x1F1D, 0x1F1D, 2297},
	{0x1F20, 0x1F20, 2300},
	{0x1F21, 0x1F21, 2303},
	{0x1F22, 0x1F22, 2306},
	{0x1F23, 0x1F23, 2309},
	{0x1F24, 0x1F24, 2312},
	{0x1F25, 0x1F25, 2315},
	{0x1F26, 0x1F26, 2318},
	{0x1F27, 0x1F27, 2321},
	{0x1F28, 0x1F28, 2300},
	{0x1F29, 0x1F29, 2303},
	{0x1F2A, 0x1F2A, 2306},
	{0x1F2B, 0x1F2B, 2309},
	{0x1F2C, 0x1F2C, 2312},
	{0x1F2D, 0x1F2D, 2315},
	{0x1F2E, 0x1F2E, 2318},
	{0x1F2F, 0x1F2F, 2321},
	{0x1F30, 0x1F30, 2324},
	{0x1F31, 0x1F31, 2327},
	{0x1F32, 0x1F32, 2330},
	{0x1F33, 0x1F33, 2333},
	{0x1F34, 0x1F34, 2336},
	{0x1F35, 0x1F35, 2339},
	{0x1F36, 0x1F36, 2342},
	{0x1F37, 0x1F37, 2345},
	{0x1F38, 0x1F38, 2324},
	{0x1F39, 0x1F39, 2327},
	{0x1F3A, 0x1F3A, 2330},
	{0x1F3B, 0x1F3B, 2333},
	{0x1F3C, 0x1F3C, 2336},
	{0x1F3D, 0x1F3D, 2339},
	{0x1F3E, 0x1F3E, 2342},
	{0x1F3F, 0x1F3F, 2345},
	{0x1F40, 0x1F40, 2348},
	{0x1F41, 0x1F41, 2351},
	{0x1F42, 0x1F42, 2354},
	{0x1F43, 0x1F43, 2357},
	{0x1F44, 0x1F44, 2360},
	{0x1F45, 0x1F45, 2363},
	{0x1F48, 0x1F48, 2348},
	{0x1F49, 0x1F49, 2351},
	{0x1F4A, 0x1F4A, 2354},
	{0x1F4B, 0x1F4B, 2357},
	{0x1F4C, 0x1F4C, 2360},
	{0x1F4D, 0x1F4D, 2363},
	{0x1F51, 0x1F51, 2366},
	{0x1F53, 0x1F53, 2369},
	{0x1F55, 0x1F55, 2372},
	{0x1F57, 0x1F57, 2375},
	{0x1F59, 0x1F59, 2366},
	{0x1F5B, 0x1F5B, 2369},
	{0x1F5D, 0x1F5D, 2372},
	{0x1F5F, 0x1F5F, 2375},
	{0x1F60, 0x1F60, 2378},
	{0x1F61, 0x1F61, 2381},
	{0x1F62, 0x1F62, 2384},
	{0x1F63, 0x1F63, 2387},
	{0x1F64, 0x1F64, 2390},
	{0x1F65, 0x1F65, 2393},
	{0x1F66, 0x1F66, 2396},
	{0x1F67, 0x1F67, 2399},
	{0x1F68, 0x1F68, 2378},
	{0x1F69, 0x1F69, 2381},
	{0x1F6A, 0x1F6A, 2384},
	{0x1F6B, 0x1F6B, 2387},
	{0x1F6C, 0x1F6C, 2390},
	{0x1F6D, 0x1F6D, 2393},
	{0x1F6E, 0x1F6E, 2396},
	{0x1F6F, 0x1F6F, 2399},
	{0x1F70, 0x1F70, 2402},
	{0x1F71, 0x1F71, 2405},
	{0x1F72, 0x1F72, 2408},
	{0x1F73, 0x1F73, 2411},
	{0x1F74, 0x1F74, 2414},
	{0x1F75, 0x1F75, 2417},
	{0x1F76, 0x1F76, 2420},
	{0x1F77, 0x1F77, 2423},
	{0x1F78, 0x1F78, 2426},
	{0x1F79, 0x1F79, 2429},
	{0x1F7A, 0x1F7A, 2432},
	{0x1F7B, 0x1F7B, 2435},
	{0x1F7C, 0x1F7C, 2438},
	{0x1F7D, 0x1F7D, 2441},
	{0x1F80, 0x1F80, 2444},
	{0x1F81, 0x1F81, 2447},
	{0x1F82, 0x1F82, 2450},
	{0x1F83, 0x1F83, 2453},
	{0x1F84, 0x1F84, 2456},
	{0x1F85, 0x1F85, 2459},
	{0x1F86, 0x1F86, 2462},
	{0x1F87, 0x1F87, 2465},
	{0x1F88, 0x1F88, 2444},
	{0x1F89, 0x1F89, 2447},
	{0x1F8A, 0x1F8A, 2450},
	{0x1F8B, 0x1F8B, 2453},
	{0x1F8C, 0x1F8C, 2456},
	{0x1F8D, 0x1F8D, 2459},
	{0x1F8E, 0x1F8E, 2462},
	{0x1F8F, 0x1F8F, 2465},
	{0x1F90, 0x1F90, 2468},
	{0x1F91, 0x1F91, 2471},
	{0x1F92, 0x1F92, 2474},
	{0x1F93, 0x1F93, 2477},
	{0x1F94, 0x1F94, 2480},
	{0x1F95, 0x1F95, 2483},
	{0x1F96, 0x1F96, 2486},
	{0x1F97, 0x1F97, 2489},
	{0x1F98, 0x1F98, 2468},
	{0x1F99, 0x1F99, 2471},
	{0x1F9A, 0x1F9A, 2474},
	{0x1F9B, 0x1F9B, 2477},
	{0x1F9C, 0x1F9C, 2480},
	{0x1F9D, 0x1F9D, 2483},
	{0x1F9E, 0x1F9E, 2486},
	{0x1F9F, 0x1F9F, 2489},
	{0x1FA0, 0x1FA0, 2492},
	{0x1FA1, 0x1FA1, 2495},
	{0x1FA2, 0x1FA2, 2498},
	{0x1FA3, 0x1FA3, 2501},
	{0x1FA4, 0x1FA4, 2504},
	{0x1FA5, 0x1FA5, 2507},
	{0x1FA6, 0x1FA6, 2510},
	{0x1FA7, 0x1FA7, 2513},
	{0x1FA8, 0x1FA8, 2492},
	{0x1FA9, 0x1FA9, 2495},
	{0x1FAA, 0x1FAA, 2498},
	{0x1FAB, 0x1FAB, 2501},
	{0x1FAC, 0x1FAC, 2504},
	{0x1FAD, 0x1FAD, 2507},
	{0x1FAE, 0x1FAE, 2510},
	{0x1FAF, 0x1FAF, 2513},
	{0x1FB0, 0x1FB0, 2516},
	{0x1FB1, 0x1FB1, 2519},
	{0x1FB3, 0x1FB3, 2522},
	{0x1FB8, 0x1FB8, 2516},
	{0x1FB9, 0x1FB9, 2519},
	{0x1FBA, 0x1FBA, 2402},
	{0x1FBB, 0x1FBB, 2405},
	{0x1FBC, 0x1FBC, 2522},
	{0x1FBE, 0x1FBE, 791},
	{0x1FC3, 0x1FC3, 2525},
	{0x1FC8, 0x1FC8, 2408},
	{0x1FC9, 0x1FC9, 2411},
	{0x1FCA, 0x1FCA, 2414},
	{0x1FCB, 0x1FCB, 2417},
	{0x1FCC, 0x1FCC, 2525},
	{0x1FD0, 0x1FD0, 2528},
	{0x1FD1, 0x1FD1, 2531},
	{0x1FD3, 0x1FD3, 745},
	{0x1FD8, 0x1FD8, 2528},
	{0x1FD9, 0x1FD9, 2531},
	{0x1FDA, 0x1FDA, 2420},
	{0x1FDB, 0x1FDB, 2423},
	{0x1FE0, 0x1FE0, 2534},
	{0x1FE1, 0x1FE1, 2537},
	{0x1FE3, 0x1FE3, 760},
	{0x1FE5, 0x1FE5, 2540},
	{0x1FE8, 0x1FE8, 2534},
	{0x1FE9, 0x1FE9, 2537},
	{0x1FEA, 0x1FEA, 2432},
	{0x1FEB, 0x1FEB, 2435},
	{0x1FEC, 0x1FEC, 2540},
	{0x1FF3, 0x1FF3, 2543},
	{0x1FF8, 0x1FF8, 2426},
	{0x1FF9, 0x1FF9, 2429},
	{0x1FFA, 0x1FFA, 2438},
	{0x1FFB, 0x1FFB, 2441},
	{0x1FFC, 0x1FFC, 2543},
	{0x2126, 0x2126, 844},
	{0x212A, 0x212A, 30},
	{0x212B, 0x212B, 98},
	{0x2132, 0x2132, 2546},
	{0x214E, 0x214E, 2546},
	{0x2160, 0x2160, 2549},
	{0x2161, 0x2161, 2552},
	{0x2162, 0x2162, 2555},
	{0x2163, 0x2163, 2558},
	{0x2164, 0x2164, 2561},
	{0x2165, 0x2165, 2564},
	{0x2166, 0x2166, 2567},
	{0x2167, 0x2167, 2570},
	{0x2168, 0x2168, 2573},
	{0x2169, 0x2169, 2576},
	{0x216A, 0x216A, 2579},
	{0x216B, 0x216B, 2582},
	{0x216C, 0x216C, 2585},
	{0x216D, 0x216D, 2588},
	{0x216E, 0x216E, 2591},
	{0x216F, 0x216F, 2594},
	{0x2170, 0x2170, 2549},
	{0x2171, 0x2171, 2552},
	{0x2172, 0x2172, 2555},
	{0x2173, 0x2173, 2558},
	{0x2174, 0x2174, 2561},
	{0x2175, 0x2175, 2564},
	{0x2176, 0x2176, 2567},
	{0x2177, 0x2177, 2570},
	{0x2178, 0x2178, 2573},
	{0x2179, 0x2179, 2576},
	{0x217A, 0x217A, 2579},
	{0x217B, 0x217B, 2582},
	{0x217C, 0x217C, 2585},
	{0x217D, 0x217D, 2588},
	{0x217E, 0x217E, 2591},
	{0x217F, 0x217F, 2594},
	{0x2183, 0x2183, 2597},
	{0x2184, 0x2184, 2597},
	{0x24B6, 0x24B6, 2600},
	{0x24B7, 0x24B7, 2603},
	{0x24B8, 0x24B8, 2606},
	{0x24B9, 0x24B9, 2609},
	{0x24BA, 0x24BA, 2612},
	{0x24BB, 0x24BB, 2615},
	{0x24BC, 0x24BC, 2618},
	{0x24BD, 0x24BD, 2621},
	{0x24BE, 0x24BE, 2624},
	{0x24BF, 0x24BF, 2627},
	{0x24C0, 0x24C0, 2630},
	{0x24C1, 0x24C1, 2633},
	{0x24C2, 0x24C2, 2636},
	{0x24C3, 0x24C3, 2639},
	{0x24C4, 0x24C4, 2642},
	{0x24C5, 0x24C5, 2645},
	{0x24C6, 0x24C6, 2648},
	{0x24C7, 0x24C7, 2651},
	{0x24C8, 0x24C8, 2654},
	{0x24C9, 0x24C9, 2657},
	{0x24CA, 0x24CA, 2660},
	{0x24CB, 0x24CB, 2663},
	{0x24CC, 0x24CC, 2666},
	{0x24CD, 0x24CD, 2669},
	{0x24CE, 0x24CE, 2672},
	{0x24CF, 0x24CF, 2675},
	{0x24D0, 0x24D0, 2600},
	{0x24D1, 0x24D1, 2603},
	{0x24D2, 0x24D2, 2606},
	{0x24D3, 0x24D3, 2609},
	{0x24D4, 0x24D4, 2612},
	{0x24D5, 0x24D5, 2615},
	{0x24D6, 0x24D6, 2618},
	{0x24D7, 0x24D7, 2621},
	{0x24D8, 0x24D8, 2624},
	{0x24D9, 0x24D9, 2627},
	{0x24DA, 0x24DA, 2630},
	{0x24DB, 0x24DB, 2633},
	{0x24DC, 0x24DC, 2636},
	{0x24DD, 0x24DD, 2639},
	{0x24DE, 0x24DE, 2642},
	{0x24DF, 0x24DF, 2645},
	{0x24E0, 0x24E0, 2648},
	{0x24E1, 0x24E1, 2651},
	{0x24E2, 0x24E2, 2654},
	{0x24E3, 0x24E3, 2657},
	{0x24E4, 0x24E4, 2660},
	{0x24E5, 0x24E5, 2663},
	{0x24E6, 0x24E6, 2666},
	{0x24E7, 0x24E7, 2669},
	{0x24E8, 0x24E8, 2672},
	{0x24E9, 0x24E9, 2675},
	{0x2C00, 0x2C00, 2678},
	{0x2C01, 0x2C01, 2681},
	{0x2C02, 0x2C02, 2684},
	{0x2C03, 0x2C03, 2687},
	{0x2C04, 0x2C04, 2690},
	{0x2C05, 0x2C05, 2693},
	{0x2C06, 0x2C06, 2696},
	{0x2C07, 0x2C07, 2699},
	{0x2C08, 0x2C08, 2702},
	{0x2C09, 0x2C09, 2705},
	{0x2C0A, 0x2C0A, 2708},
	{0x2C0B, 0x2C0B, 2711},
	{0x2C0C, 0x2C0C, 2714},
	{0x2C0D, 0x2C0D, 2717},
	{0x2C0E, 0x2C0E, 2720},
	{0x2C0F, 0x2C0F, 2723},
	{0x2C10, 0x2C10, 2726},
	{0x2C11, 0x2C11, 2729},
	{0x2C12, 0x2C12, 2732},
	{0x2C13, 0x2C13, 2735},
	{0x2C14, 0x2C14, 2738},
	{0x2C15, 0x2C15, 2741},
	{0x2C16, 0x2C16, 2744},
	{0x2C17, 0x2C17, 2747},
	{0x2C18, 0x2C18, 2750},
	{0x2C19, 0x2C19, 2753},
	{0x2C1A, 0x2C1A, 2756},
	{0x2C1B, 0x2C1B, 2759},
	{0x2C1C, 0x2C1C, 2762},
	{0x2C1D, 0x2C1D, 2765},
	{0x2C1E, 0x2C1E, 2768},
	{0x2C1F, 0x2C1F, 2771},
	{0x2C20, 0x2C20, 2774},
	{0x2C21, 0x2C21, 2777},
	{0x2C22, 0x2C22, 2780},
	{0x2C23, 0x2C23, 2783},
	{0x2C24, 0x2C24, 2786},
	{0x2C25, 0x2C25, 2789},
	{0x2C26, 0x2C26, 2792},
	{0x2C27, 0x2C27, 2795},
	{0x2C28, 0x2C28, 2798},
	{0x2C29, 0x2C29, 2801},
	{0x2C2A, 0x2C2A, 2804},
	{0x2C2B, 0x2C2B, 2807},
	{0x2C2C, 0x2C2C, 2810},
	{0x2C2D, 0x2C2D, 2813},
	{0x2C2E, 0x2C2E, 2816},
	{0x2C2F, 0x2C2F, 2819},
	{0x2C30, 0x2C30, 2678},
	{0x2C31, 0x2C31, 2681},
	{0x2C32, 0x2C32, 2684},
	{0x2C33, 0x2C33, 2687},
	{0x2C34, 0x2C34, 2690},
	{0x2C35, 0x2C35, 2693},
	{0x2C36, 0x2C36, 2696},
	{0x2C37, 0x2C37, 2699},
	{0x2C38, 0x2C38, 2702},
	{0x2C39, 0x2C39, 2705},
	{0x2C3A, 0x2C3A, 2708},
	{0x2C3B, 0x2C3B, 2711},
	{0x2C3C, 0x2C3C, 2714},
	{0x2C3D, 0x2C3D, 2717},
	{0x2C3E, 0x2C3E, 2720},
	{0x2C3F, 0x2C3F, 2723},
	{0x2C40, 0x2C40, 2726},
	{0x2C41, 0x2C41, 2729},
	{0x2C42, 0x2C42, 2732},
	{0x2C43, 0x2C43, 2735},
	{0x2C44, 0x2C44, 2738},
	{0x2C45, 0x2C45, 2741},
	{0x2C46, 0x2C46, 2744},
	{0x2C47, 0x2C47, 2747},
	{0x2C48, 0x2C48, 2750},
	{0x2C49, 0x2C49, 2753},
	{0x2C4A, 0x2C4A, 2756},
	{0x2C4B, 0x2C4B, 2759},
	{0x2C4C, 0x2C4C, 2762},
	{0x2C4D, 0x2C4D, 2765},
	{0x2C4E, 0x2C4E, 2768},
	{0x2C4F, 0x2C4F, 2771},
	{0x2C50, 0x2C50, 2774},
	{0x2C51, 0x2C51, 2777},
	{0x2C52, 0x2C52, 2780},
	{0x2C53, 0x2C53, 2783},
	{0x2C54, 0x2C54, 2786},
	{0x2C55, 0x2C55, 2789},
	{0x2C56, 0x2C56, 2792},
	{0x2C57, 0x2C57, 2795},
	{0x2C58, 0x2C58, 2798},
	{0x2C59, 0x2C59, 2801},
	{0x2C5A, 0x2C5A, 2804},
	{0x2C5B, 0x2C5B, 2807},
	{0x2C5C, 0x2C5C, 2810},
	{0x2C5D, 0x2C5D, 2813},
	{0x2C5E, 0x2C5E, 2816},
	{0x2C5F, 0x2C5F, 2819},
	{0x2C60, 0x2C60, 2822},
	{0x2C61, 0x2C61, 2822},
	{0x2C62, 0x2C62, 670},
	{0x2C63, 0x2C63, 1882},
	{0x2C64, 0x2C64, 688},
	{0x2C65, 0x2C65, 2825},
	{0x2C66, 0x2C66, 2828},
	{0x2C67, 0x2C67, 2831},
	{0x2C68, 0x2C68, 2831},
	{0x2C69, 0x2C69, 2834},
	{0x2C6A, 0x2C6A, 2834},
	{0x2C6B, 0x2C6B, 2837},
	{0x2C6C, 0x2C6C, 2837},
	{0x2C6D, 0x2C6D, 616},
	{0x2C6E, 0x2C6E, 679},
	{0x2C6F, 0x2C6F, 613},
	{0x2C70, 0x2C70, 619},
	{0x2C72, 0x2C72, 2840},
	{0x2C73, 0x2C73, 2840},
	{0x2C75, 0x2C75, 2843},
	{0x2C76, 0x2C76, 2843},
	{0x2C7E, 0x2C7E, 589},
	{0x2C7F, 0x2C7F, 592},
	{0x2C80, 0x2C80, 2846},
	{0x2C81, 0x2C81, 2846},
	{0x2C82, 0x2C82, 2849},
	{0x2C83, 0x2C83, 2849},
	{0x2C84, 0x2C84, 2852},
	{0x2C85, 0x2C85, 2852},
	{0x2C86, 0x2C86, 2855},
	{0x2C87, 0x2C87, 2855},
	{0x2C88, 0x2C88, 2858},
	{0x2C89, 0x2C89, 2858},
	{0x2C8A, 0x2C8A, 2861},
	{0x2C8B, 0x2C8B, 2861},
	{0x2C8C, 0x2C8C, 2864},
	{0x2C8D, 0x2C8D, 2864},
	{0x2C8E, 0x2C8E, 2867},
	{0x2C8F, 0x2C8F, 2867},
	{0x2C90, 0x2C90, 2870},
	{0x2C91, 0x2C91, 2870},
	{0x2C92, 0x2C92, 2873},
	{0x2C93, 0x2C93, 2873},
	{0x2C94, 0x2C94, 2876},
	{0x2C95, 0x2C95, 2876},
	{0x2C96, 0x2C96, 2879},
	{0x2C97, 0x2C97, 2879},
	{0x2C98, 0x2C98, 2882},
	{0x2C99, 0x2C99, 2882},
	{0x2C9A, 0x2C9A, 2885},
	{0x2C9B, 0x2C9B, 2885},
	{0x2C9C, 0x2C9C, 2888},
	{0x2C9D, 0x2C9D, 2888},
	{0x2C9E, 0x2C9E, 2891},
	{0x2C9F, 0x2C9F, 2891},
	{0x2CA0, 0x2CA0, 2894},
	{0x2CA1, 0x2CA1, 2894},
	{0x2CA2, 0x2CA2, 2897},
	{0x2CA3, 0x2CA3, 2897},
	{0x2CA4, 0x2CA4, 2900},
	{0x2CA5, 0x2CA5, 2900},
	{0x2CA6, 0x2CA6, 2903},
	{0x2CA7, 0x2CA7, 2903},
	{0x2CA8, 0x2CA8, 2906},
	{0x2CA9, 0x2CA9, 2906},
	{0x2CAA, 0x2CAA, 2909},
	{0x2CAB, 0x2CAB, 2909},
	{0x2CAC, 0x2CAC, 2912},
	{0x2CAD, 0x2CAD, 2912},
	{0x2CAE, 0x2CAE, 2915},
	{0x2CAF, 0x2CAF, 2915},
	{0x2CB0, 0x2CB0, 2918},
	{0x2CB1, 0x2CB1, 2918},
	{0x2CB2, 0x2CB2, 2921},
	{0x2CB3, 0x2CB3, 2921},
	{0x2CB4, 0x2CB4, 2924},
	{0x2CB5, 0x2CB5, 2924},
	{0x2CB6, 0x2CB6, 2927},
	{0x2CB7, 0x2CB7, 2927},
	{0x2CB8, 0x2CB8, 2930},
	{0x2CB9, 0x2CB9, 2930},
	{0x2CBA, 0x2CBA, 2933},
	{0x2CBB, 0x2CBB, 2933},
	{0x2CBC, 0x2CBC, 2936},
	{0x2CBD, 0x2CBD, 2936},
	{0x2CBE, 0x2CBE, 2939},
	{0x2CBF, 0x2CBF, 2939},
	{0x2CC0, 0x2CC0, 2942},
	{0x2CC1, 0x2CC1, 2942},
	{0x2CC2, 0x2CC2, 2945},
	{0x2CC3, 0x2CC3, 2945},
	{0x2CC4, 0x2CC4, 2948},
	{0x2CC5, 0x2CC5, 2948},
	{0x2CC6, 0x2CC6, 2951},
	{0x2CC7, 0x2CC7, 2951},
	{0x2CC8, 0x2CC8, 2954},
	{0x2CC9, 0x2CC9, 2954},
	{0x2CCA, 0x2CCA, 2957},
	{0x2CCB, 0x2CCB, 2957},
	{0x2CCC, 0x2CCC, 2960},
	{0x2CCD, 0x2CCD, 2960},
	{0x2CCE, 0x2CCE, 2963},
	{0x2CCF, 0x2CCF, 2963},
	{0x2CD0, 0x2CD0, 2966},
	{0x2CD1, 0x2CD1, 2966},
	{0x2CD2, 0x2CD2, 2969},
	{0x2CD3, 0x2CD3, 2969},
	{0x2CD4, 0x2CD4, 2972},
	{0x2CD5, 0x2CD5, 2972},
	{0x2CD6, 0x2CD6, 2975},
	{0x2CD7, 0x2CD7, 2975},
	{0x2CD8, 0x2CD8, 2978},
	{0x2CD9, 0x2CD9, 2978},
	{0x2CDA, 0x2CDA, 2981},
	{0x2CDB, 0x2CDB, 2981},
	{0x2CDC, 0x2CDC, 2984},
	{0x2CDD, 0x2CDD, 2984},
	{0x2CDE, 0x2CDE, 2987},
	{0x2CDF, 0x2CDF, 2987},
	{0x2CE0, 0x2CE0, 2990},
	{0x2CE1, 0x2CE1, 2990},
	{0x2CE2, 0x2CE2, 2993},
	{0x2CE3, 0x2CE3, 2993},
	{0x2CEB, 0x2CEB, 2996},
	{0x2CEC, 0x2CEC, 2996},
	{0x2CED, 0x2CED, 2999},
	{0x2CEE, 0x2CEE, 2999},
	{0x2CF2, 0x2CF2, 3002},
	{0x2CF3, 0x2CF3, 3002},
	{0x2D00, 0x2D00, 3005},
	{0x2D01, 0x2D01, 3008},
	{0x2D02, 0x2D02, 3011},
	{0x2D03, 0x2D03, 3014},
	{0x2D04, 0x2D04, 3017},
	{0x2D05, 0x2D05, 3020},
	{0x2D06, 0x2D06, 3023},
	{0x2D07, 0x2D07, 3026},
	{0x2D08, 0x2D08, 3029},
	{0x2D09, 0x2D09, 3032},
	{0x2D0A, 0x2D0A, 3035},
	{0x2D0B, 0x2D0B, 3038},
	{0x2D0C, 0x2D0C, 3041},
	{0x2D0D, 0x2D0D, 3044},
	{0x2D0E, 0x2D0E, 3047},
	{0x2D0F, 0x2D0F, 3050},
	{0x2D10, 0x2D10, 3053},
	{0x2D11, 0x2D11, 3056},
	{0x2D12, 0x2D12, 3059},
	{0x2D13, 0x2D13, 3062},
	{0x2D14, 0x2D14, 3065},
	{0x2D15, 0x2D15, 3068},
	{0x2D16, 0x2D16, 3071},
	{0x2D17, 0x2D17, 3074},
	{0x2D18, 0x2D18, 3077},
	{0x2D19, 0x2D19, 3080},
	{0x2D1A, 0x2D1A, 3083},
	{0x2D1B, 0x2D1B, 3086},
	{0x2D1C, 0x2D1C, 3089},
	{0x2D1D, 0x2D1D, 3092},
	{0x2D1E, 0x2D1E, 3095},
	{0x2D1F, 0x2D1F, 3098},
	{0x2D20, 0x2D20, 3101},
	{0x2D21, 0x2D21, 3104},
	{0x2D22, 0x2D22, 3107},
	{0x2D23, 0x2D23, 3110},
	{0x2D24, 0x2D24, 3113},
	{0x2D25, 0x2D25, 3116},
	{0x2D27, 0x2D27, 3119},
	{0x2D2D, 0x2D2D, 3122},
	{0xA640, 0xA640, 3125},
	{0xA641, 0xA641, 3125},
	{0xA642, 0xA642, 3128},
	{0xA643, 0xA643, 3128},
	{0xA644, 0xA644, 3131},
	{0xA645, 0xA645, 3131},
	{0xA646, 0xA646, 3134},
	{0xA647, 0xA647, 3134},
	{0xA648, 0xA648, 3137},
	{0xA649, 0xA649, 3137},
	{0xA64A, 0xA64A, 3140},
	{0xA64B, 0xA64B, 3140},
	{0xA64C, 0xA64C, 3144},
	{0xA64D, 0xA64D, 3144},
	{0xA64E, 0xA64E, 3147},
	{0xA64F, 0xA64F, 3147},
	{0xA650, 0xA650, 3150},
	{0xA651, 0xA651, 3150},
	{0xA652, 0xA652, 3153},
	{0xA653, 0xA653, 3153},
	{0xA654, 0xA654, 3156},
	{0xA655, 0xA655, 3156},
	{0xA656, 0xA656, 3159},
	{0xA657, 0xA657, 3159},
	{0xA658, 0xA658, 3162},
	{0xA659, 0xA659, 3162},
	{0xA65A, 0xA65A, 3165},
	{0xA65B, 0xA65B, 3165},
	{0xA65C, 0xA65C, 3168},
	{0xA65D, 0xA65D, 3168},
	{0xA65E, 0xA65E, 3171},
	{0xA65F, 0xA65F, 3171},
	{0xA660, 0xA660, 3174},
	{0xA661, 0xA661, 3174},
	{0xA662, 0xA662, 3177},
	{0xA663, 0xA663, 3177},
	{0xA664, 0xA664, 3180},
	{0xA665, 0xA665, 3180},
	{0xA666, 0xA666, 3183},
	{0xA667, 0xA667, 3183},
	{0xA668, 0xA668, 3186},
	{0xA669, 0xA669, 3186},
	{0xA66A, 0xA66A, 3189},
	{0xA66B, 0xA66B, 3189},
	{0xA66C, 0xA66C, 3192},
	{0xA66D, 0xA66D, 3192},
	{0xA680, 0xA680, 3195},
	{0xA681, 0xA681, 3195},
	{0xA682, 0xA682, 3198},
	{0xA683, 0xA683, 3198},
	{0xA684, 0xA684, 3201},
	{0xA685, 0xA685, 3201},
	{0xA686, 0xA686, 3204},
	{0xA687, 0xA687, 3204},
	{0xA688, 0xA688, 3207},
	{0xA689, 0xA689, 3207},
	{0xA68A, 0xA68A, 3210},
	{0xA68B, 0xA68B, 3210},
	{0xA68C, 0xA68C, 3213},
	{0xA68D, 0xA68D, 3213},
	{0xA68E, 0xA68E, 3216},
	{0xA68F, 0xA68F, 3216},
	{0xA690, 0xA690, 3219},
	{0xA691, 0xA691, 3219},
	{0xA692, 0xA692, 3222},
	{0xA693, 0xA693, 3222},
	{0xA694, 0xA694, 3225},
	{0xA695, 0xA695, 3225},
	{0xA696, 0xA696, 3228},
	{0xA697, 0xA697, 3228},
	{0xA698, 0xA698, 3231},
	{0xA699, 0xA699, 3231},
	{0xA69A, 0xA69A, 3234},
	{0xA69B, 0xA69B, 3234},
	{0xA722, 0xA722, 3237},
	{0xA723, 0xA723, 3237},
	{0xA724, 0xA724, 3240},
	{0xA725, 0xA725, 3240},
	{0xA726, 0xA726, 3243},
	{0xA727, 0xA727, 3243},
	{0xA728, 0xA728, 3246},
	{0xA729, 0xA729, 3246},
	{0xA72A, 0xA72A, 3249},
	{0xA72B, 0xA72B, 3249},
	{0xA72C, 0xA72C, 3252},
	{0xA72D, 0xA72D, 3252},
	{0xA72E, 0xA72E, 3255},
	{0xA72F, 0xA72F, 3255},
	{0xA732, 0xA732, 3258},
	{0xA733, 0xA733, 3258},
	{0xA734, 0xA734, 3261},
	{0xA735, 0xA735, 3261},
	{0xA736, 0xA736, 3264},
	{0xA737, 0xA737, 3264},
	{0xA738, 0xA738, 3267},
	{0xA739, 0xA739, 3267},
	{0xA73A, 0xA73A, 3270},
	{0xA73B, 0xA73B, 3270},
	{0xA73C, 0xA73C, 3273},
	{0xA73D, 0xA73D, 3273},
	{0xA73E, 0xA73E, 3276},
	{0xA73F, 0xA73F, 3276},
	{0xA740, 0xA740, 3279},
	{0xA741, 0xA741, 3279},
	{0xA742, 0xA742, 3282},
	{0xA743, 0xA743, 3282},
	{0xA744, 0xA744, 3285},
	{0xA745, 0xA745, 3285},
	{0xA746, 0xA746, 3288},
	{0xA747, 0xA747, 3288},
	{0xA748, 0xA748, 3291},
	{0xA749, 0xA749, 3291},
	{0xA74A, 0xA74A, 3294},
	{0xA74B, 0xA74B, 3294},
	{0xA74C, 0xA74C, 3297},
	{0xA74D, 0xA74D, 3297},
	{0xA74E, 0xA74E, 3300},
	{0xA74F, 0xA74F, 3300},
	{0xA750, 0xA750, 3303},
	{0xA751, 0xA751, 3303},
	{0xA752, 0xA752, 3306},
	{0xA753, 0xA753, 3306},
	{0xA754, 0xA754, 3309},
	{0xA755, 0xA755, 3309},
	{0xA756, 0xA756, 3312},
	{0xA757, 0xA757, 3312},
	{0xA758, 0xA758, 3315},
	{0xA759, 0xA759, 3315},
	{0xA75A, 0xA75A, 3318},
	{0xA75B, 0xA75B, 3318},
	{0xA75C, 0xA75C, 3321},
	{0xA75D, 0xA75D, 3321},
	{0xA75E, 0xA75E, 3324},
	{0xA75F, 0xA75F, 3324},
	{0xA760, 0xA760, 3327},
	{0xA761, 0xA761, 3327},
	{0xA762, 0xA762, 3330},
	{0xA763, 0xA763, 3330},
	{0xA764, 0xA764, 3333},
	{0xA765, 0xA765, 3333},
	{0xA766, 0xA766, 3336},
	{0xA767, 0xA767, 3336},
	{0xA768, 0xA768, 3339},
	{0xA769, 0xA769, 3339},
	{0xA76A, 0xA76A, 3342},
	{0xA76B, 0xA76B, 3342},
	{0xA76C, 0xA76C, 3345},
	{0xA76D, 0xA76D, 3345},
	{0xA76E, 0xA76E, 3348},
	{0xA76F, 0xA76F, 3348},
	{0xA779, 0xA779, 3351},
	{0xA77A, 0xA77A, 3351},
	{0xA77B, 0xA77B, 3354},
	{0xA77C, 0xA77C, 3354},
	{0xA77D, 0xA77D, 1879},
	{0xA77E, 0xA77E, 3357},
	{0xA77F, 0xA77F, 3357},
	{0xA780, 0xA780, 3360},
	{0xA781, 0xA781, 3360},
	{0xA782, 0xA782, 3363},
	{0xA783, 0xA783, 3363},
	{0xA784, 0xA784, 3366},
	{0xA785, 0xA785, 3366},
	{0xA786, 0xA786, 3369},
	{0xA787, 0xA787, 3369},
	{0xA78B, 0xA78B, 3372},
	{0xA78C, 0xA78C, 3372},
	{0xA78D, 0xA78D, 655},
	{0xA790, 0xA790, 3375},
	{0xA791, 0xA791, 3375},
	{0xA792, 0xA792, 3378},
	{0xA793, 0xA793, 3378},
	{0xA794, 0xA794, 3381},
	{0xA796, 0xA796, 3384},
	{0xA797, 0xA797, 3384},
	{0xA798, 0xA798, 3387},
	{0xA799, 0xA799, 3387},
	{0xA79A, 0xA79A, 3390},
	{0xA79B, 0xA79B, 3390},
	{0xA79C, 0xA79C, 3393},
	{0xA79D, 0xA79D, 3393},
	{0xA79E, 0xA79E, 3396},
	{0xA79F, 0xA79F, 3396},
	{0xA7A0, 0xA7A0, 3399},
	{0xA7A1, 0xA7A1, 3399},
	{0xA7A2, 0xA7A2, 3402},
	{0xA7A3, 0xA7A3, 3402},
	{0xA7A4, 0xA7A4, 3405},
	{0xA7A5, 0xA7A5, 3405},
	{0xA7A6, 0xA7A6, 3408},
	{0xA7A7, 0xA7A7, 3408},
	{0xA7A8, 0xA7A8, 3411},
	{0xA7A9, 0xA7A9, 3411},
	{0xA7AA, 0xA7AA, 658},
	{0xA7AB, 0xA7AB, 640},
	{0xA7AC, 0xA7AC, 646},
	{0xA7AD, 0xA7AD, 673},
	{0xA7AE, 0xA7AE, 667},
	{0xA7B0, 0xA7B0, 724},
	{0xA7B1, 0xA7B1, 700},
	{0xA7B2, 0xA7B2, 721},
	{0xA7B3, 0xA7B3, 3471},
	{0xA7B4, 0xA7B4, 3414},
	{0xA7B5, 0xA7B5, 3414},
	{0xA7B6, 0xA7B6, 3417},
	{0xA7B7, 0xA7B7, 3417},
	{0xA7B8, 0xA7B8, 3420},
	{0xA7B9, 0xA7B9, 3420},
	{0xA7BA, 0xA7BA, 3423},
	{0xA7BB, 0xA7BB, 3423},
	{0xA7BC, 0xA7BC, 3426},
	{0xA7BD, 0xA7BD, 3426},
	{0xA7BE, 0xA7BE, 3429},
	{0xA7BF, 0xA7BF, 3429},
	{0xA7C0, 0xA7C0, 3432},
	{0xA7C1, 0xA7C1, 3432},
	{0xA7C2, 0xA7C2, 3435},
	{0xA7C3, 0xA7C3, 3435},
	{0xA7C4, 0xA7C4, 3381},
	{0xA7C5, 0xA7C5, 694},
	{0xA7C6, 0xA7C6, 1885},
	{0xA7C7, 0xA7C7, 3438},
	{0xA7C8, 0xA7C8, 3438},
	{0xA7C9, 0xA7C9, 3441},
	{0xA7CA, 0xA7CA, 3441},
	{0xA7CB, 0xA7CB, 652},
	{0xA7CC, 0xA7CC, 3444},
	{0xA7CD, 0xA7CD, 3444},
	{0xA7CE, 0xA7CE, 3447},
	{0xA7CF, 0xA7CF, 3447},
	{0xA7D0, 0xA7D0, 3450},
	{0xA7D1, 0xA7D1, 3450},
	{0xA7D2, 0xA7D2, 3453},
	{0xA7D3, 0xA7D3, 3453},
	{0xA7D4, 0xA7D4, 3456},
	{0xA7D5, 0xA7D5, 3456},
	{0xA7D6, 0xA7D6, 3459},
	{0xA7D7, 0xA7D7, 3459},
	{0xA7D8, 0xA7D8, 3462},
	{0xA7D9, 0xA7D9, 3462},
	{0xA7DA, 0xA7DA, 3465},
	{0xA7DB, 0xA7DB, 3465},
	{0xA7DC, 0xA7DC, 387},
	{0xA7F5, 0xA7F5, 3468},
	{0xA7F6, 0xA7F6, 3468},
	{0xAB53, 0xAB53, 3471},
	{0xAB70, 0xAB70, 1618},
	{0xAB71, 0xAB71, 1621},
	{0xAB72, 0xAB72, 1624},
	{0xAB73, 0xAB73, 1627},
	{0xAB74, 0xAB74, 1630},
	{0xAB75, 0xAB75, 1633},
	{0xAB76, 0xAB76, 1636},
	{0xAB77, 0xAB77, 1639},
	{0xAB78, 0xAB78, 1642},
	{0xAB79, 0xAB79, 1645},
	{0xAB7A, 0xAB7A, 1648},
	{0xAB7B, 0xAB7B, 1651},
	{0xAB7C, 0xAB7C, 1654},
	{0xAB7D, 0xAB7D, 1657},
	{0xAB7E, 0xAB7E, 1660},
	{0xAB7F, 0xAB7F, 1663},
	{0xAB80, 0xAB80, 1666},
	{0xAB81, 0xAB81, 1669},
	{0xAB82, 0xAB82, 1672},
	{0xAB83, 0xAB83, 1675},
	{0xAB84, 0xAB84, 1678},
	{0xAB85, 0xAB85, 1681},
	{0xAB86, 0xAB86, 1684},
	{0xAB87, 0xAB87, 1687},
	{0xAB88, 0xAB88, 1690},
	{0xAB89, 0xAB89, 1693},
	{0xAB8A, 0xAB8A, 1696},
	{0xAB8B, 0xAB8B, 1699},
	{0xAB8C, 0xAB8C, 1702},
	{0xAB8D, 0xAB8D, 1705},
	{0xAB8E, 0xAB8E, 1708},
	{0xAB8F, 0xAB8F, 1711},
	{0xAB90, 0xAB90, 1714},
	{0xAB91, 0xAB91, 1717},
	{0xAB92, 0xAB92, 1720},
	{0xAB93, 0xAB93, 1723},
	{0xAB94, 0xAB94, 1726},
	{0xAB95, 0xAB95, 1729},
	{0xAB96, 0xAB96, 1732},
	{0xAB97, 0xAB97, 1735},
	{0xAB98, 0xAB98, 1738},
	{0xAB99, 0xAB99, 1741},
	{0xAB9A, 0xAB9A, 1744},
	{0xAB9B, 0xAB9B, 1747},
	{0xAB9C, 0xAB9C, 1750},
	{0xAB9D, 0xAB9D, 1753},
	{0xAB9E, 0xAB9E, 1756},
	{0xAB9F, 0xAB9F, 1759},
	{0xABA0, 0xABA0, 1762},
	{0xABA1, 0xABA1, 1765},
	{0xABA2, 0xABA2, 1768},
	{0xABA3, 0xABA3, 1771},
	{0xABA4, 0xABA4, 1774},
	{0xABA5, 0xABA5, 1777},
	{0xABA6, 0xABA6, 1780},
	{0xABA7, 0xABA7, 1783},
	{0xABA8, 0xABA8, 1786},
	{0xABA9, 0xABA9, 1789},
	{0xABAA, 0xABAA, 1792},
	{0xABAB, 0xABAB, 1795},
	{0xABAC, 0xABAC, 1798},
	{0xABAD, 0xABAD, 1801},
	{0xABAE, 0xABAE, 1804},
	{0xABAF, 0xABAF, 1807},
	{0xABB0, 0xABB0, 1810},
	{0xABB1, 0xABB1, 1813},
	{0xABB2, 0xABB2, 1816},
	{0xABB3, 0xABB3, 1819},
	{0xABB4, 0xABB4, 1822},
	{0xABB5, 0xABB5, 1825},
	{0xABB6, 0xABB6, 1828},
	{0xABB7, 0xABB7, 1831},
	{0xABB8, 0xABB8, 1834},
	{0xABB9, 0xABB9, 1837},
	{0xABBA, 0xABBA, 1840},
	{0xABBB, 0xABBB, 1843},
	{0xABBC, 0xABBC, 1846},
	{0xABBD, 0xABBD, 1849},
	{0xABBE, 0xABBE, 1852},
	{0xABBF, 0xABBF, 1855},
	{0xFB05, 0xFB05, 3474},
	{0xFB06, 0xFB06, 3474},
	{0xFF21, 0xFF21, 3477},
	{0xFF22, 0xFF22, 3480},
	{0xFF23, 0xFF23, 3483},
	{0xFF24, 0xFF24, 3486},
	{0xFF25, 0xFF25, 3489},
	{0xFF26, 0xFF26, 3492},
	{0xFF27, 0xFF27, 3495},
	{0xFF28, 0xFF28, 3498},
	{0xFF29, 0xFF29, 3501},
	{0xFF2A, 0xFF2A, 3504},
	{0xFF2B, 0xFF2B, 3507},
	{0xFF2C, 0xFF2C, 3510},
	{0xFF2D, 0xFF2D, 3513},
	{0xFF2E, 0xFF2E, 3516},
	{0xFF2F, 0xFF2F, 3519},
	{0xFF30, 0xFF30, 3522},
	{0xFF31, 0xFF31, 3525},
	{0xFF32, 0xFF32, 3528},
	{0xFF33, 0xFF33, 3531},
	{0xFF34, 0xFF34, 3534},
	{0xFF35, 0xFF35, 3537},
	{0xFF36, 0xFF36, 3540},
	{0xFF37, 0xFF37, 3543},
	{0xFF38, 0xFF38, 3546},
	{0xFF39, 0xFF39, 3549},
	{0xFF3A, 0xFF3A, 3552},
	{0xFF41, 0xFF41, 3477},
	{0xFF42, 0xFF42, 3480},
	{0xFF43, 0xFF43, 3483},
	{0xFF44, 0xFF44, 3486},
	{0xFF45, 0xFF45, 3489},
	{0xFF46, 0xFF46, 3492},
	{0xFF47, 0xFF47, 3495},
	{0xFF48, 0xFF48, 3498},
	{0xFF49, 0xFF49, 3501},
	{0xFF4A, 0xFF4A, 3504},
	{0xFF4B, 0xFF4B, 3507},
	{0xFF4C, 0xFF4C, 3510},
	{0xFF4D, 0xFF4D, 3513},
	{0xFF4E, 0xFF4E, 3516},
	{0xFF4F, 0xFF4F, 3519},
	{0xFF50, 0xFF50, 3522},
	{0xFF51, 0xFF51, 3525},
	{0xFF52, 0xFF52, 3528},
	{0xFF53, 0xFF53, 3531},
	{0xFF54, 0xFF54, 3534},
	{0xFF55, 0xFF55, 3537},
	{0xFF56, 0xFF56, 3540},
	{0xFF57, 0xFF57, 3543},
	{0xFF58, 0xFF58, 3546},
	{0xFF59, 0xFF59, 3549},
	{0xFF5A, 0xFF5A, 3552},
	{0x10400, 0x10400, 3555},
	{0x10401, 0x10401, 3558},
	{0x10402, 0x10402, 3561},
	{0x10403, 0x10403, 3564},
	{0x10404, 0x10404, 3567},
	{0x10405, 0x10405, 3570},
	{0x10406, 0x10406, 3573},
	{0x10407, 0x10407, 3576},
	{0x10408, 0x10408, 3579},
	{0x10409, 0x10409, 3582},
	{0x1040A, 0x1040A, 3585},
	{0x1040B, 0x1040B, 3588},
	{0x1040C, 0x1040C, 3591},
	{0x1040D, 0x1040D, 3594},
	{0x1040E, 0x1040E, 3597},
	{0x1040F, 0x1040F, 3600},
	{0x10410, 0x10410, 3603},
	{0x10411, 0x10411, 3606},
	{0x10412, 0x10412, 3609},
	{0x10413, 0x10413, 3612},
	{0x10414, 0x10414, 3615},
	{0x10415, 0x10415, 3618},
	{0x10416, 0x10416, 3621},
	{0x10417, 0x10417, 3624},
	{0x10418, 0x10418, 3627},
	{0x10419, 0x10419, 3630},
	{0x1041A, 0x1041A, 3633},
	{0x1041B, 0x1041B, 3636},
	{0x1041C, 0x1041C, 3639},
	{0x1041D, 0x1041D, 3642},
	{0x1041E, 0x1041E, 3645},
	{0x1041F, 0x1041F, 3648},
	{0x10420, 0x10420, 3651},
	{0x10421, 0x10421, 3654},
	{0x10422, 0x10422, 3657},
	{0x10423, 0x10423, 3660},
	{0x10424, 0x10424, 3663},
	{0x10425, 0x10425, 3666},
	{0x10426, 0x10426, 3669},
	{0x10427, 0x10427, 3672},
	{0x10428, 0x10428, 3555},
	{0x10429, 0x10429, 3558},
	{0x1042A, 0x1042A, 3561},
	{0x1042B, 0x1042B, 3564},
	{0x1042C, 0x1042C, 3567},
	{0x1042D, 0x1042D, 3570},
	{0x1042E, 0x1042E, 3573},
	{0x1042F, 0x1042F, 3576},
	{0x10430, 0x10430, 3579},
	{0x10431, 0x10431, 3582},
	{0x10432, 0x10432, 3585},
	{0x10433, 0x10433, 3588},
	{0x10434, 0x10434, 3591},
	{0x10435, 0x10435, 3594},
	{0x10436, 0x10436, 3597},
	{0x10437, 0x10437, 3600},
	{0x10438, 0x10438, 3603},
	{0x10439, 0x10439, 3606},
	{0x1043A, 0x1043A, 3609},
	{0x1043B, 0x1043B, 3612},
	{0x1043C, 0x1043C, 3615},
	{0x1043D, 0x1043D, 3618},
	{0x1043E, 0x1043E, 3621},
	{0x1043F, 0x1043F, 3624},
	{0x10440, 0x10440, 3627},
	{0x10441, 0x10441, 3630},
	{0x10442, 0x10442, 3633},
	{0x10443, 0x10443, 3636},
	{0x10444, 0x10444, 3639},
	{0x10445, 0x10445, 3642},
	{0x10446, 0x10446, 3645},
	{0x10447, 0x10447, 3648},
	{0x10448, 0x10448, 3651},
	{0x10449, 0x10449, 3654},
	{0x1044A, 0x1044A, 3657},
	{0x1044B, 0x1044B, 3660},
	{0x1044C, 0x1044C, 3663},
	{0x1044D, 0x1044D, 3666},
	{0x1044E, 0x1044E, 3669},
	{0x1044F, 0x1044F, 3672},
	{0x104B0, 0x104B0, 3675},
	{0x104B1, 0x104B1, 3678},
	{0x104B2, 0x104B2, 3681},
	{0x104B3, 0x104B3, 3684},
	{0x104B4, 0x104B4, 3687},
	{0x104B5, 0x104B5, 3690},
	{0x104B6, 0x104B6, 3693},
	{0x104B7, 0x104B7, 3696},
	{0x104B8, 0x104B8, 3699},
	{0x104B9, 0x104B9, 3702},
	{0x104BA, 0x104BA, 3705},
	{0x104BB, 0x104BB, 3708},
	{0x104BC, 0x104BC, 3711},
	{0x104BD, 0x104BD, 3714},
	{0x104BE, 0x104BE, 3717},
	{0x104BF, 0x104BF, 3720},
	{0x104C0, 0x104C0, 3723},
	{0x104C1, 0x104C1, 3726},
	{0x104C2, 0x104C2, 3729},
	{0x104C3, 0x104C3, 3732},
	{0x104C4, 0x104C4, 3735},
	{0x104C5, 0x104C5, 3738},
	{0x104C6, 0x104C6, 3741},
	{0x104C7, 0x104C7, 3744},
	{0x104C8, 0x104C8, 3747},
	{0x104C9, 0x104C9, 3750},
	{0x104CA, 0x104CA, 3753},
	{0x104CB, 0x104CB, 3756},
	{0x104CC, 0x104CC, 3759},
	{0x104CD, 0x104CD, 3762},
	{0x104CE, 0x104CE, 3765},
	{0x104CF, 0x104CF, 3768},
	{0x104D0, 0x104D0, 3771},
	{0x104D1, 0x104D1, 3774},
	{0x104D2, 0x104D2, 3777},
	{0x104D3, 0x104D3, 3780},
	{0x104D8, 0x104D8, 3675},
	{0x104D9, 0x104D9, 3678},
	{0x104DA, 0x104DA, 3681},
	{0x104DB, 0x104DB, 3684},
	{0x104DC, 0x104DC, 3687},
	{0x104DD, 0x104DD, 3690},
	{0x104DE, 0x104DE, 3693},
	{0x104DF, 0x104DF, 3696},
	{0x104E0, 0x104E0, 3699},
	{0x104E1, 0x104E1, 3702},
	{0x104E2, 0x104E2, 3705},
	{0x104E3, 0x104E3, 3708},
	{0x104E4, 0x104E4, 3711},
	{0x104E5, 0x104E5, 3714},
	{0x104E6, 0x104E6, 3717},
	{0x104E7, 0x104E7, 3720},
	{0x104E8, 0x104E8, 3723},
	{0x104E9, 0x104E9, 3726},
	{0x104EA, 0x104EA, 3729},
	{0x104EB, 0x104EB, 3732},
	{0x104EC, 0x104EC, 3735},
	{0x104ED, 0x104ED, 3738},
	{0x104EE, 0x104EE, 3741},
	{0x104EF, 0x104EF, 3744},
	{0x104F0, 0x104F0, 3747},
	{0x104F1, 0x104F1, 3750},
	{0x104F2, 0x104F2, 3753},
	{0x104F3, 0x104F3, 3756},
	{0x104F4, 0x104F4, 3759},
	{0x104F5, 0x104F5, 3762},
	{0x104F6, 0x104F6, 3765},
	{0x104F7, 0x104F7, 3768},
	{0x104F8, 0x104F8, 3771},
	{0x104F9, 0x104F9, 3774},
	{0x104FA, 0x104FA, 3777},
	{0x104FB, 0x104FB, 3780},
	{0x10570, 0x10570, 3783},
	{0x10571, 0x10571, 3786},
	{0x10572, 0x10572, 3789},
	{0x10573, 0x10573, 3792},
	{0x10574, 0x10574, 3795},
	{0x10575, 0x10575, 3798},
	{0x10576, 0x10576, 3801},
	{0x10577, 0x10577, 3804},
	{0x10578, 0x10578, 3807},
	{0x10579, 0x10579, 3810},
	{0x1057A, 0x1057A, 3813},
	{0x1057C, 0x1057C, 3816},
	{0x1057D, 0x1057D, 3819},
	{0x1057E, 0x1057E, 3822},
	{0x1057F, 0x1057F, 3825},
	{0x10580, 0x10580, 3828},
	{0x10581, 0x10581, 3831},
	{0x10582, 0x10582, 3834},
	{0x10583, 0x10583, 3837},
	{0x10584, 0x10584, 3840},
	{0x10585, 0x10585, 3843},
	{0x10586, 0x10586, 3846},
	{0x10587, 0x10587, 3849},
	{0x10588, 0x10588, 3852},
	{0x10589, 0x10589, 3855},
	{0x1058A, 0x1058A, 3858},
	{0x1058C, 0x1058C, 3861},
	{0x1058D, 0x1058D, 3864},
	{0x1058E, 0x1058E, 3867},
	{0x1058F, 0x1058F, 3870},
	{0x10590, 0x10590, 3873},
	{0x10591, 0x10591, 3876},
	{0x10592, 0x10592, 3879},
	{0x10594, 0x10594, 3882},
	{0x10595, 0x10595, 3885},
	{0x10597, 0x10597, 3783},
	{0x10598, 0x10598, 3786},
	{0x10599, 0x10599, 3789},
	{0x1059A, 0x1059A, 3792},
	{0x1059B, 0x1059B, 3795},
	{0x1059C, 0x1059C, 3798},
	{0x1059D, 0x1059D, 3801},
	{0x1059E, 0x1059E, 3804},
	{0x1059F, 0x1059F, 3807},
	{0x105A0, 0x105A0, 3810},
	{0x105A1, 0x105A1, 3813},
	{0x105A3, 0x105A3, 3816},
	{0x105A4, 0x105A4, 3819},
	{0x105A5, 0x105A5, 3822},
	{0x105A6, 0x105A6, 3825},
	{0x105A7, 0x105A7, 3828},
	{0x105A8, 0x105A8, 3831},
	{0x105A9, 0x105A9, 3834},
	{0x105AA, 0x105AA, 3837},
	{0x105AB, 0x105AB, 3840},
	{0x105AC, 0x105AC, 3843},
	{0x105AD, 0x105AD, 3846},
	{0x105AE, 0x105AE, 3849},
	{0x105AF, 0x105AF, 3852},
	{0x105B0, 0x105B0, 3855},
	{0x105B1, 0x105B1, 3858},
	{0x105B3, 0x105B3, 3861},
	{0x105B4, 0x105B4, 3864},
	{0x105B5, 0x105B5, 3867},
	{0x105B6, 0x105B6, 3870},
	{0x105B7, 0x105B7, 3873},
	{0x105B8, 0x105B8, 3876},
	{0x105B9, 0x105B9, 3879},
	{0x105BB, 0x105BB, 3882},
	{0x105BC, 0x105BC, 3885},
	{0x10C80, 0x10C80, 3888},
	{0x10C81, 0x10C81, 3891},
	{0x10C82, 0x10C82, 3894},
	{0x10C83, 0x10C83, 3897},
	{0x10C84, 0x10C84, 3900},
	{0x10C85, 0x10C85, 3903},
	{0x10C86, 0x10C86, 3906},
	{0x10C87, 0x10C87, 3909},
	{0x10C88, 0x10C88, 3912},
	{0x10C89, 0x10C89, 3915},
	{0x10C8A, 0x10C8A, 3918},
	{0x10C8B, 0x10C8B, 3921},
	{0x10C8C, 0x10C8C, 3924},
	{0x10C8D, 0x10C8D, 3927},
	{0x10C8E, 0x10C8E, 3930},
	{0x10C8F, 0x10C8F, 3933},
	{0x10C90, 0x10C90, 3936},
	{0x10C91, 0x10C91, 3939},
	{0x10C92, 0x10C92, 3942},
	{0x10C93, 0x10C93, 3945},
	{0x10C94, 0x10C94, 3948},
	{0x10C95, 0x10C95, 3951},
	{0x10C96, 0x10C96, 3954},
	{0x10C97, 0x10C97, 3957},
	{0x10C98, 0x10C98, 3960},
	{0x10C99, 0x10C99, 3963},
	{0x10C9A, 0x10C9A, 3966},
	{0x10C9B, 0x10C9B, 3969},
	{0x10C9C, 0x10C9C, 3972},
	{0x10C9D, 0x10C9D, 3975},
	{0x10C9E, 0x10C9E, 3978},
	{0x10C9F, 0x10C9F, 3981},
	{0x10CA0, 0x10CA0, 3984},
	{0x10CA1, 0x10CA1, 3987},
	{0x10CA2, 0x10CA2, 3990},
	{0x10CA3, 0x10CA3, 3993},
	{0x10CA4, 0x10CA4, 3996},
	{0x10CA5, 0x10CA5, 3999},
	{0x10CA6, 0x10CA6, 4002},
	{0x10CA7, 0x10CA7, 4005},
	{0x10CA8, 0x10CA8, 4008},
	{0x10CA9, 0x10CA9, 4011},
	{0x10CAA, 0x10CAA, 4014},
	{0x10CAB, 0x10CAB, 4017},
	{0x10CAC, 0x10CAC, 4020},
	{0x10CAD, 0x10CAD, 4023},
	{0x10CAE, 0x10CAE, 4026},
	{0x10CAF, 0x10CAF, 4029},
	{0x10CB0, 0x10CB0, 4032},
	{0x10CB1, 0x10CB1, 4035},
	{0x10CB2, 0x10CB2, 4038},
	{0x10CC0, 0x10CC0, 3888},
	{0x10CC1, 0x10CC1, 3891},
	{0x10CC2, 0x10CC2, 3894},
	{0x10CC3, 0x10CC3, 3897},
	{0x10CC4, 0x10CC4, 3900},
	{0x10CC5, 0x10CC5, 3903},
	{0x10CC6, 0x10CC6, 3906},
	{0x10CC7, 0x10CC7, 3909},
	{0x10CC8, 0x10CC8, 3912},
	{0x10CC9, 0x10CC9, 3915},
	{0x10CCA, 0x10CCA, 3918},
	{0x10CCB, 0x10CCB, 3921},
	{0x10CCC, 0x10CCC, 3924},
	{0x10CCD, 0x10CCD, 3927},
	{0x10CCE, 0x10CCE, 3930},
	{0x10CCF, 0x10CCF, 3933},
	{0x10CD0, 0x10CD0, 3936},
	{0x10CD1, 0x10CD1, 3939},
	{0x10CD2, 0x10CD2, 3942},
	{0x10CD3, 0x10CD3, 3945},
	{0x10CD4, 0x10CD4, 3948},
	{0x10CD5, 0x10CD5, 3951},
	{0x10CD6, 0x10CD6, 3954},
	{0x10CD7, 0x10CD7, 3957},
	{0x10CD8, 0x10CD8, 3960},
	{0x10CD9, 0x10CD9, 3963},
	{0x10CDA, 0x10CDA, 3966},
	{0x10CDB, 0x10CDB, 3969},
	{0x10CDC, 0x10CDC, 3972},
	{0x10CDD, 0x10CDD, 3975},
	{0x10CDE, 0x10CDE, 3978},
	{0x10CDF, 0x10CDF, 3981},
	{0x10CE0, 0x10CE0, 3984},
	{0x10CE1, 0x10CE1, 3987},
	{0x10CE2, 0x10CE2, 3990},
	{0x10CE3, 0x10CE3, 3993},
	{0x10CE4, 0x10CE4, 3996},
	{0x10CE5, 0x10CE5, 3999},
	{0x10CE6, 0x10CE6, 4002},
	{0x10CE7, 0x10CE7, 4005},
	{0x10CE8, 0x10CE8, 4008},
	{0x10CE9, 0x10CE9, 4011},
	{0x10CEA, 0x10CEA, 4014},
	{0x10CEB, 0x10CEB, 4017},
	{0x10CEC, 0x10CEC, 4020},
	{0x10CED, 0x10CED, 4023},
	{0x10CEE, 0x10CEE, 4026},
	{0x10CEF, 0x10CEF, 4029},
	{0x10CF0, 0x10CF0, 4032},
	{0x10CF1, 0x10CF1, 4035},
	{0x10CF2, 0x10CF2, 4038},
	{0x10D50, 0x10D50, 4041},
	{0x10D51, 0x10D51, 4044},
	{0x10D52, 0x10D52, 4047},
	{0x10D53, 0x10D53, 4050},
	{0x10D54, 0x10D54, 4053},
	{0x10D55, 0x10D55, 4056},
	{0x10D56, 0x10D56, 4059},
	{0x10D57, 0x10D57, 4062},
	{0x10D58, 0x10D58, 4065},
	{0x10D59, 0x10D59, 4068},
	{0x10D5A, 0x10D5A, 4071},
	{0x10D5B, 0x10D5B, 4074},
	{0x10D5C, 0x10D5C, 4077},
	{0x10D5D, 0x10D5D, 4080},
	{0x10D5E, 0x10D5E, 4083},
	{0x10D5F, 0x10D5F, 4086},
	{0x10D60, 0x10D60, 4089},
	{0x10D61, 0x10D61, 4092},
	{0x10D62, 0x10D62, 4095},
	{0x10D63, 0x10D63, 4098},
	{0x10D64, 0x10D64, 4101},
	{0x10D65, 0x10D65, 4104},
	{0x10D70, 0x10D70, 4041},
	{0x10D71, 0x10D71, 4044},
	{0x10D72, 0x10D72, 4047},
	{0x10D73, 0x10D73, 4050},
	{0x10D74, 0x10D74, 4053},
	{0x10D75, 0x10D75, 4056},
	{0x10D76, 0x10D76, 4059},
	{0x10D77, 0x10D77, 4062},
	{0x10D78, 0x10D78, 4065},
	{0x10D79, 0x10D79, 4068},
	{0x10D7A, 0x10D7A, 4071},
	{0x10D7B, 0x10D7B, 4074},
	{0x10D7C, 0x10D7C, 4077},
	{0x10D7D, 0x10D7D, 4080},
	{0x10D7E, 0x10D7E, 4083},
	{0x10D7F, 0x10D7F, 4086},
	{0x10D80, 0x10D80, 4089},
	{0x10D81, 0x10D81, 4092},
	{0x10D82, 0x10D82, 4095},
	{0x10D83, 0x10D83, 4098},
	{0x10D84, 0x10D84, 4101},
	{0x10D85, 0x10D85, 4104},
	{0x118A0, 0x118A0, 4107},
	{0x118A1, 0x118A1, 4110},
	{0x118A2, 0x118A2, 4113},
	{0x118A3, 0x118A3, 4116},
	{0x118A4, 0x118A4, 4119},
	{0x118A5, 0x118A5, 4122},
	{0x118A6, 0x118A6, 4125},
	{0x118A7, 0x118A7, 4128},
	{0x118A8, 0x118A8, 4131},
	{0x118A9, 0x118A9, 4134},
	{0x118AA, 0x118AA, 4137},
	{0x118AB, 0x118AB, 4140},
	{0x118AC, 0x118AC, 4143},
	{0x118AD, 0x118AD, 4146},
	{0x118AE, 0x118AE, 4149},
	{0x118AF, 0x118AF, 4152},
	{0x118B0, 0x118B0, 4155},
	{0x118B1, 0x118B1, 4158},
	{0x118B2, 0x118B2, 4161},
	{0x118B3, 0x118B3, 4164},
	{0x118B4, 0x118B4, 4167},
	{0x118B5, 0x118B5, 4170},
	{0x118B6, 0x118B6, 4173},
	{0x118B7, 0x118B7, 4176},
	{0x118B8, 0x118B8, 4179},
	{0x118B9, 0x118B9, 4182},
	{0x118BA, 0x118BA, 4185},
	{0x118BB, 0x118BB, 4188},
	{0x118BC, 0x118BC, 4191},
	{0x118BD, 0x118BD, 4194},
	{0x118BE, 0x118BE, 4197},
	{0x118BF, 0x118BF, 4200},
	{0x118C0, 0x118C0, 4107},
	{0x118C1, 0x118C1, 4110},
	{0x118C2, 0x118C2, 4113},
	{0x118C3, 0x118C3, 4116},
	{0x118C4, 0x118C4, 4119},
	{0x118C5, 0x118C5, 4122},
	{0x118C6, 0x118C6, 4125},
	{0x118C7, 0x118C7, 4128},
	{0x118C8, 0x118C8, 4131},
	{0x118C9, 0x118C9, 4134},
	{0x118CA, 0x118CA, 4137},
	{0x118CB, 0x118CB, 4140},
	{0x118CC, 0x118CC, 4143},
	{0x118CD, 0x118CD, 4146},
	{0x118CE, 0x118CE, 4149},
	{0x118CF, 0x118CF, 4152},
	{0x118D0, 0x118D0, 4155},
	{0x118D1, 0x118D1, 4158},
	{0x118D2, 0x118D2, 4161},
	{0x118D3, 0x118D3, 4164},
	{0x118D4, 0x118D4, 4167},
	{0x118D5, 0x118D5, 4170},
	{0x118D6, 0x118D6, 4173},
	{0x118D7, 0x118D7, 4176},
	{0x118D8, 0x118D8, 4179},
	{0x118D9, 0x118D9, 4182},
	{0x118DA, 0x118DA, 4185},
	{0x118DB, 0x118DB, 4188},
	{0x118DC, 0x118DC, 4191},
	{0x118DD, 0x118DD, 4194},
	{0x118DE, 0x118DE, 4197},
	{0x118DF, 0x118DF, 4200},
	{0x16E40, 0x16E40, 4203},
	{0x16E41, 0x16E41, 4206},
	{0x16E42, 0x16E42, 4209},
	{0x16E43, 0x16E43, 4212},
	{0x16E44, 0x16E44, 4215},
	{0x16E45, 0x16E45, 4218},
	{0x16E46, 0x16E46, 4221},
	{0x16E47, 0x16E47, 4224},
	{0x16E48, 0x16E48, 4227},
	{0x16E49, 0x16E49, 4230},
	{0x16E4A, 0x16E4A, 4233},
	{0x16E4B, 0x16E4B, 4236},
	{0x16E4C, 0x16E4C, 4239},
	{0x16E4D, 0x16E4D, 4242},
	{0x16E4E, 0x16E4E, 4245},
	{0x16E4F, 0x16E4F, 4248},
	{0x16E50, 0x16E50, 4251},
	{0x16E51, 0x16E51, 4254},
	{0x16E52, 0x16E52, 4257},
	{0x16E53, 0x16E53, 4260},
	{0x16E54, 0x16E54, 4263},
	{0x16E55, 0x16E55, 4266},
	{0x16E56, 0x16E56, 4269},
	{0x16E57, 0x16E57, 4272},
	{0x16E58, 0x16E58, 4275},
	{0x16E59, 0x16E59, 4278},
	{0x16E5A, 0x16E5A, 4281},
	{0x16E5B, 0x16E5B, 4284},
	{0x16E5C, 0x16E5C, 4287},
	{0x16E5D, 0x16E5D, 4290},
	{0x16E5E, 0x16E5E, 4293},
	{0x16E5F, 0x16E5F, 4296},
	{0x16E60, 0x16E60, 4203},
	{0x16E61, 0x16E61, 4206},
	{0x16E62, 0x16E62, 4209},
	{0x16E63, 0x16E63, 4212},
	{0x16E64, 0x16E64, 4215},
	{0x16E65, 0x16E65, 4218},
	{0x16E66, 0x16E66, 4221},
	{0x16E67, 0x16E67, 4224},
	{0x16E68, 0x16E68, 4227},
	{0x16E69, 0x16E69, 4230},
	{0x16E6A, 0x16E6A, 4233},
	{0x16E6B, 0x16E6B, 4236},
	{0x16E6C, 0x16E6C, 4239},
	{0x16E6D, 0x16E6D, 4242},
	{0x16E6E, 0x16E6E, 4245},
	{0x16E6F, 0x16E6F, 4248},
	{0x16E70, 0x16E70, 4251},
	{0x16E71, 0x16E71, 4254},
	{0x16E72, 0x16E72, 4257},
	{0x16E73, 0x16E73, 4260},
	{0x16E74, 0x16E74, 4263},
	{0x16E75, 0x16E75, 4266},
	{0x16E76, 0x16E76, 4269},
	{0x16E77, 0x16E77, 4272},
	{0x16E78, 0x16E78, 4275},
	{0x16E79, 0x16E79, 4278},
	{0x16E7A, 0x16E7A, 4281},
	{0x16E7B, 0x16E7B, 4284},
	{0x16E7C, 0x16E7C, 4287},
	{0x16E7D, 0x16E7D, 4290},
	{0x16E7E, 0x16E7E, 4293},
	{0x16E7F, 0x16E7F, 4296},
	{0x16EA0, 0x16EA0, 4299},
	{0x16EA1, 0x16EA1, 4302},
	{0x16EA2, 0x16EA2, 4305},
	{0x16EA3, 0x16EA3, 4308},
	{0x16EA4, 0x16EA4, 4311},
	{0x16EA5, 0x16EA5, 4314},
	{0x16EA6, 0x16EA6, 4317},
	{0x16EA7, 0x16EA7, 4320},
	{0x16EA8, 0x16EA8, 4323},
	{0x16EA9, 0x16EA9, 4326},
	{0x16EAA, 0x16EAA, 4329},
	{0x16EAB, 0x16EAB, 4332},
	{0x16EAC, 0x16EAC, 4335},
	{0x16EAD, 0x16EAD, 4338},
	{0x16EAE, 0x16EAE, 4341},
	{0x16EAF, 0x16EAF, 4344},
	{0x16EB0, 0x16EB0, 4347},
	{0x16EB1, 0x16EB1, 4350},
	{0x16EB2, 0x16EB2, 4353},
	{0x16EB3, 0x16EB3, 4356},
	{0x16EB4, 0x16EB4, 4359},
	{0x16EB5, 0x16EB5, 4362},
	{0x16EB6, 0x16EB6, 4365},
	{0x16EB7, 0x16EB7, 4368},
	{0x16EB8, 0x16EB8, 4371},
	{0x16EBB, 0x16EBB, 4299},
	{0x16EBC, 0x16EBC, 4302},
	{0x16EBD, 0x16EBD, 4305},
	{0x16EBE, 0x16EBE, 4308},
	{0x16EBF, 0x16EBF, 4311},
	{0x16EC0, 0x16EC0, 4314},
	{0x16EC1, 0x16EC1, 4317},
	{0x16EC2, 0x16EC2, 4320},
	{0x16EC3, 0x16EC3, 4323},
	{0x16EC4, 0x16EC4, 4326},
	{0x16EC5, 0x16EC5, 4329},
	{0x16EC6, 0x16EC6, 4332},
	{0x16EC7, 0x16EC7, 4335},
	{0x16EC8, 0x16EC8, 4338},
	{0x16EC9, 0x16EC9, 4341},
	{0x16ECA, 0x16ECA, 4344},
	{0x16ECB, 0x16ECB, 4347},
	{0x16ECC, 0x16ECC, 4350},
	{0x16ECD, 0x16ECD, 4353},
	{0x16ECE, 0x16ECE, 4356},
	{0x16ECF, 0x16ECF, 4359},
	{0x16ED0, 0x16ED0, 4362},
	{0x16ED1, 0x16ED1, 4365},
	{0x16ED2, 0x16ED2, 4368},
	{0x16ED3, 0x16ED3, 4371},
	{0x1E900, 0x1E900, 4374},
	{0x1E901, 0x1E901, 4377},
	{0x1E902, 0x1E902, 4380},
	{0x1E903, 0x1E903, 4383},
	{0x1E904, 0x1E904, 4386},
	{0x1E905, 0x1E905, 4389},
	{0x1E906, 0x1E906, 4392},
	{0x1E907, 0x1E907, 4395},
	{0x1E908, 0x1E908, 4398},
	{0x1E909, 0x1E909, 4401},
	{0x1E90A, 0x1E90A, 4404},
	{0x1E90B, 0x1E90B, 4407},
	{0x1E90C, 0x1E90C, 4410},
	{0x1E90D, 0x1E90D, 4413},
	{0x1E90E, 0x1E90E, 4416},
	{0x1E90F, 0x1E90F, 4419},
	{0x1E910, 0x1E910, 4422},
	{0x1E911, 0x1E911, 4425},
	{0x1E912, 0x1E912, 4428},
	{0x1E913, 0x1E913, 4431},
	{0x1E914, 0x1E914, 4434},
	{0x1E915, 0x1E915, 4437},
	{0x1E916, 0x1E916, 4440},
	{0x1E917, 0x1E917, 4443},
	{0x1E918, 0x1E918, 4446},
	{0x1E919, 0x1E919, 4449},
	{0x1E91A, 0x1E91A, 4452},
	{0x1E91B, 0x1E91B, 4455},
	{0x1E91C, 0x1E91C, 4458},
	{0x1E91D, 0x1E91D, 4461},
	{0x1E91E, 0x1E91E, 4464},
	{0x1E91F, 0x1E91F, 4467},
	{0x1E920, 0x1E920, 4470},
	{0x1E921, 0x1E921, 4473},
	{0x1E922, 0x1E922, 4374},
	{0x1E923, 0x1E923, 4377},
	{0x1E924, 0x1E924, 4380},
	{0x1E925, 0x1E925, 4383},
	{0x1E926, 0x1E926, 4386},
	{0x1E927, 0x1E927, 4389},
	{0x1E928, 0x1E928, 4392},
	{0x1E929, 0x1E929, 4395},
	{0x1E92A, 0x1E92A, 4398},
	{0x1E92B, 0x1E92B, 4401},
	{0x1E92C, 0x1E92C, 4404},
	{0x1E92D, 0x1E92D, 4407},
	{0x1E92E, 0x1E92E, 4410},
	{0x1E92F, 0x1E92F, 4413},
	{0x1E930, 0x1E930, 4416},
	{0x1E931, 0x1E931, 4419},
	{0x1E932, 0x1E932, 4422},
	{0x1E933, 0x1E933, 4425},
	{0x1E934, 0x1E934, 4428},
	{0x1E935, 0x1E935, 4431},
	{0x1E936, 0x1E936, 4434},
	{0x1E937, 0x1E937, 4437},
	{0x1E938, 0x1E938, 4440},
	{0x1E939, 0x1E939, 4443},
	{0x1E93A, 0x1E93A, 4446},
	{0x1E93B, 0x1E93B, 4449},
	{0x1E93C, 0x1E93C, 4452},
	{0x1E93D, 0x1E93D, 4455},
	{0x1E93E, 0x1E93E, 4458},
	{0x1E93F, 0x1E93F, 4461},
	{0x1E940, 0x1E940, 4464},
	{0x1E941, 0x1E941, 4467},
	{0x1E942, 0x1E942, 4470},
	{0x1E943, 0x1E943, 4473},
};
/**
 * @brief Количество размещений наборов приведения регистра
 *
 */
const size_t awh::regex::ORBITS_COUNT = 2994;
/**
 * @brief Наборы символов, приводимых к одному значению, завершаемые нулём
 *
 */
const uint32_t awh::regex::ORBIT_SETS[] = {
	0x41, 0x61, 0x0, 0x42, 0x62, 0x0, 0x43, 0x63, 0x0, 0x44, 0x64, 0x0, 0x45, 0x65, 0x0, 0x46, 0x66, 0x0, 0x47, 0x67, 0x0, 0x48, 0x68, 0x0, 0x49, 0x69, 0x0, 0x4A, 0x6A, 0x0, 0x4B, 0x6B, 0x212A, 0x0, 0x4C, 0x6C, 0x0, 0x4D, 0x6D, 0x0, 0x4E, 0x6E, 0x0, 0x4F, 0x6F, 0x0, 0x50, 0x70, 0x0, 0x51, 0x71, 0x0, 0x52, 0x72, 0x0, 0x53, 0x73, 0x17F, 0x0, 0x54, 0x74, 0x0, 0x55, 0x75, 0x0, 0x56, 0x76, 0x0, 0x57, 0x77, 0x0, 0x58, 0x78, 0x0, 0x59, 0x79, 0x0, 0x5A, 0x7A, 0x0, 0xDF, 0x1E9E, 0x0, 0xC0, 0xE0, 0x0, 0xC1, 0xE1, 0x0, 0xC2, 0xE2, 0x0, 0xC3, 0xE3, 0x0, 0xC4, 0xE4, 0x0, 0xC5, 0xE5, 0x212B, 0x0, 0xC6, 0xE6, 0x0, 0xC7, 0xE7, 0x0, 0xC8, 0xE8, 0x0, 0xC9, 0xE9, 0x0, 0xCA, 0xEA, 0x0, 0xCB, 0xEB, 0x0, 0xCC, 0xEC, 0x0, 0xCD, 0xED, 0x0, 0xCE, 0xEE, 0x0, 0xCF, 0xEF, 0x0, 0xD0, 0xF0, 0x0, 0xD1, 0xF1, 0x0, 0xD2, 0xF2, 0x0, 0xD3, 0xF3, 0x0, 0xD4, 0xF4, 0x0, 0xD5, 0xF5, 0x0, 0xD6, 0xF6, 0x0, 0xD8, 0xF8, 0x0, 0xD9, 0xF9, 0x0, 0xDA, 0xFA, 0x0, 0xDB, 0xFB, 0x0, 0xDC, 0xFC, 0x0, 0xDD, 0xFD, 0x0, 0xDE, 0xFE, 0x0, 0xFF, 0x178, 0x0, 0x100, 0x101, 0x0, 0x102, 0x103, 0x0, 0x104, 0x105, 0x0, 0x106, 0x107, 0x0, 0x108, 0x109, 0x0, 0x10A, 0x10B, 0x0, 0x10C, 0x10D, 0x0, 0x10E, 0x10F, 0x0, 0x110, 0x111, 0x0, 0x112, 0x113, 0x0, 0x114, 0x115, 0x0, 0x116, 0x117, 0x0, 0x118, 0x119, 0x0, 0x11A, 0x11B, 0x0, 0x11C, 0x11D, 0x0, 0x11E, 0x11F, 0x0, 0x120, 0x121, 0x0, 0x122, 0x123, 0x0, 0x124, 0x125, 0x0, 0x126, 0x127, 0x0, 0x128, 0x129, 0x0, 0x12A, 0x12B, 0x0, 0x12C, 0x12D, 0x0, 0x12E, 0x12F, 0x0, 0x132, 0x133, 0x0, 0x134, 0x135, 0x0, 0x136, 0x137, 0x0, 0x139, 0x13A, 0x0, 0x13B, 0x13C, 0x0, 0x13D, 0x13E, 0x0, 0x13F, 0x140, 0x0, 0x141, 0x142, 0x0, 0x143, 0x144, 0x0, 0x145, 0x146, 0x0, 0x147, 0x148, 0x0, 0x14A, 0x14B, 0x0, 0x14C, 0x14D, 0x0, 0x14E, 0x14F, 0x0, 0x150, 0x151, 0x0, 0x152, 0x153, 0x0, 0x154, 0x155, 0x0, 0x156, 0x157, 0x0, 0x158, 0x159, 0x0, 0x15A, 0x15B, 0x0, 0x15C, 0x15D, 0x0, 0x15E, 0x15F, 0x0, 0x160, 0x161, 0x0, 0x162, 0x163, 0x0, 0x164, 0x165, 0x0, 0x166, 0x167, 0x0, 0x168, 0x169, 0x0, 0x16A, 0x16B, 0x0, 0x16C, 0x16D, 0x0, 0x16E, 0x16F, 0x0, 0x170, 0x171, 0x0, 0x172, 0x173, 0x0, 0x174, 0x175, 0x0, 0x176, 0x177, 0x0, 0x179, 0x17A, 0x0, 0x17B, 0x17C, 0x0, 0x17D, 0x17E, 0x0, 0x180, 0x243, 0x0, 0x182, 0x183, 0x0, 0x184, 0x185, 0x0, 0x187, 0x188, 0x0, 0x18B, 0x18C, 0x0, 0x191, 0x192, 0x0, 0x195, 0x1F6, 0x0, 0x198, 0x199, 0x0, 0x19A, 0x23D, 0x0, 0x19B, 0xA7DC, 0x0, 0x19E, 0x220, 0x0, 0x1A0, 0x1A1, 0x0, 0x1A2, 0x1A3, 0x0, 0x1A4, 0x1A5, 0x0, 0x1A7, 0x1A8, 0x0, 0x1AC, 0x1AD, 0x0, 0x1AF, 0x1B0, 0x0, 0x1B3, 0x1B4, 0x0, 0x1B5, 0x1B6, 0x0, 0x1B8, 0x1B9, 0x0, 0x1BC, 0x1BD, 0x0, 0x1BF, 0x1F7, 0x0, 0x1C4, 0x1C5, 0x1C6, 0x0, 0x1C7, 0x1C8, 0x1C9, 0x0, 0x1CA, 0x1CB, 0x1CC, 0x0, 0x1CD, 0x1CE, 0x0, 0x1CF, 0x1D0, 0x0, 0x1D1, 0x1D2, 0x0, 0x1D3, 0x1D4, 0x0, 0x1D5, 0x1D6, 0x0, 0x1D7, 0x1D8, 0x0, 0x1D9, 0x1DA, 0x0, 0x1DB, 0x1DC, 0x0, 0x18E, 0x1DD, 0x0, 0x1DE, 0x1DF, 0x0, 0x1E0, 0x1E1, 0x0, 0x1E2, 0x1E3, 0x0, 0x1E4, 0x1E5, 0x0, 0x1E6, 0x1E7, 0x0, 0x1E8, 0x1E9, 0x0, 0x1EA, 0x1EB, 0x0, 0x1EC, 0x1ED, 0x0, 0x1EE, 0x1EF, 0x0, 0x1F1, 0x1F2, 0x1F3, 0x0, 0x1F4, 0x1F5, 0x0, 0x1F8, 0x1F9, 0x0, 0x1FA, 0x1FB, 0x0, 0x1FC, 0x1FD, 0x0, 0x1FE, 0x1FF, 0x0, 0x200, 0x201, 0x0, 0x202, 0x203, 0x0, 0x204, 0x205, 0x0, 0x206, 0x207, 0x0, 0x208, 0x209, 0x0, 0x20A, 0x20B, 0x0, 0x20C, 0x20D, 0x0, 0x20E, 0x20F, 0x0, 0x210, 0x211, 0x0, 0x212, 0x213, 0x0, 0x214, 0x215, 0x0, 0x216, 0x217, 0x0, 0x218, 0x219, 0x0, 0x21A, 0x21B, 0x0, 0x21C, 0x21D, 0x0, 0x21E, 0x21F, 0x0, 0x222, 0x223, 0x0, 0x224, 0x225, 0x0, 0x226, 0x227, 0x0, 0x228, 0x229, 0x0, 0x22A, 0x22B, 0x0, 0x22C, 0x22D, 0x0, 0x22E, 0x22F, 0x0, 0x230, 0x231, 0x0, 0x232, 0x233, 0x0, 0x23B, 0x23C, 0x0, 0x23F, 0x2C7E, 0x0, 0x240, 0x2C7F, 0x0, 0x241, 0x242, 0x0, 0x246, 0x247, 0x0, 0x248, 0x249, 0x0, 0x24A, 0x24B, 0x0, 0x24C, 0x24D, 0x0, 0x24E, 0x24F, 0x0, 0x250, 0x2C6F, 0x0, 0x251, 0x2C6D, 0x0, 0x252, 0x2C70, 0x0, 0x181, 0x253, 0x0, 0x186, 0x254, 0x0, 0x189, 0x256, 0x0, 0x18A, 0x257, 0x0, 0x18F, 0x259, 0x0, 0x190, 0x25B, 0x0, 0x25C, 0xA7AB, 0x0, 0x193, 0x260, 0x0, 0x261, 0xA7AC, 0x0, 0x194, 0x263, 0x0, 0x264, 0xA7CB, 0x0, 0x265, 0xA78D, 0x0, 0x266, 0xA7AA, 0x0, 0x197, 0x268, 0x0, 0x196, 0x269, 0x0, 0x26A, 0xA7AE, 0x0, 0x26B, 0x2C62, 0x0, 0x26C, 0xA7AD, 0x0, 0x19C, 0x26F, 0x0, 0x271, 0x2C6E, 0x0, 0x19D, 0x272, 0x0, 0x19F, 0x275, 0x0, 0x27D, 0x2C64, 0x0, 0x1A6, 0x280, 0x0, 0x282, 0xA7C5, 0x0, 0x1A9, 0x283, 0x0, 0x287, 0xA7B1, 0x0, 0x1AE, 0x288, 0x0, 0x244, 0x289, 0x0, 0x1B1, 0x28A, 0x0, 0x1B2, 0x28B, 0x0, 0x245, 0x28C, 0x0, 0x1B7, 0x292, 0x0, 0x29D, 0xA7B2, 0x0, 0x29E, 0xA7B0, 0x0, 0x370, 0x371, 0x0, 0x372, 0x373, 0x0, 0x376, 0x377, 0x0, 0x37B, 0x3FD, 0x0, 0x37C, 0x3FE, 0x0, 0x37D, 0x3FF, 0x0, 0x390, 0x1FD3, 0x0, 0x386, 0x3AC, 0x0, 0x388, 0x3AD, 0x0, 0x389, 0x3AE, 0x0, 0x38A, 0x3AF, 0x0, 0x3B0, 0x1FE3, 0x0, 0x391, 0x3B1, 0x0, 0x392, 0x3B2, 0x3D0, 0x0, 0x393, 0x3B3, 0x0, 0x394, 0x3B4, 0x0, 0x395, 0x3B5, 0x3F5, 0x0, 0x396, 0x3B6, 0x0, 0x397, 0x3B7, 0x0, 0x398, 0x3B8, 0x3D1, 0x3F4, 0x0, 0x345, 0x399, 0x3B9, 0x1FBE, 0x0, 0x39A, 0x3BA, 0x3F0, 0x0, 0x39B, 0x3BB, 0x0, 0xB5, 0x39C, 0x3BC, 0x0, 0x39D, 0x3BD, 0x0, 0x39E, 0x3BE, 0x0, 0x39F, 0x3BF, 0x0, 0x3A0, 0x3C0, 0x3D6, 0x0, 0x3A1, 0x3C1, 0x3F1, 0x0, 0x3A3, 0x3C2, 0x3C3, 0x0, 0x3A4, 0x3C4, 0x0, 0x3A5, 0x3C5, 0x0, 0x3A6, 0x3C6, 0x3D5, 0x0, 0x3A7, 0x3C7, 0x0, 0x3A8, 0x3C8, 0x0, 0x3A9, 0x3C9, 0x2126, 0x0, 0x3AA, 0x3CA, 0x0, 0x3AB, 0x3CB, 0x0, 0x38C, 0x3CC, 0x0, 0x38E, 0x3CD, 0x0, 0x38F, 0x3CE, 0x0, 0x3CF, 0x3D7, 0x0, 0x3D8, 0x3D9, 0x0, 0x3DA, 0x3DB, 0x0, 0x3DC, 0x3DD, 0x0, 0x3DE, 0x3DF, 0x0, 0x3E0, 0x3E1, 0x0, 0x3E2, 0x3E3, 0x0, 0x3E4, 0x3E5, 0x0, 0x3E6, 0x3E7, 0x0, 0x3E8, 0x3E9, 0x0, 0x3EA, 0x3EB, 0x0, 0x3EC, 0x3ED, 0x0, 0x3EE, 0x3EF, 0x0, 0x3F2, 0x3F9, 0x0, 0x37F, 0x3F3, 0x0, 0x3F7, 0x3F8, 0x0, 0x3FA, 0x3FB, 0x0, 0x410, 0x430, 0x0, 0x411, 0x431, 0x0, 0x412, 0x432, 0x1C80, 0x0, 0x413, 0x433, 0x0, 0x414, 0x434, 0x1C81, 0x0, 0x415, 0x435, 0x0, 0x416, 0x436, 0x0, 0x417, 0x437, 0x0, 0x418, 0x438, 0x0, 0x419, 0x439, 0x0, 0x41A, 0x43A, 0x0, 0x41B, 0x43B, 0x0, 0x41C, 0x43C, 0x0, 0x41D, 0x43D, 0x0, 0x41E, 0x43E, 0x1C82, 0x0, 0x41F, 0x43F, 0x0, 0x420, 0x440, 0x0, 0x421, 0x441, 0x1C83, 0x0, 0x422, 0x442, 0x1C84, 0x1C85, 0x0, 0x423, 0x443, 0x0, 0x424, 0x444, 0x0, 0x425, 0x445, 0x0, 0x426, 0x446, 0x0, 0x427, 0x447, 0x0, 0x428, 0x448, 0x0, 0x429, 0x449, 0x0, 0x42A, 0x44A, 0x1C86, 0x0, 0x42B, 0x44B, 0x0, 0x42C, 0x44C, 0x0, 0x42D, 0x44D, 0x0, 0x42E, 0x44E, 0x0, 0x42F, 0x44F, 0x0, 0x400, 0x450, 0x0, 0x401, 0x451, 0x0, 0x402, 0x452, 0x0, 0x403, 0x453, 0x0, 0x404, 0x454, 0x0, 0x405, 0x455, 0x0, 0x406, 0x456, 0x0, 0x407, 0x457, 0x0, 0x408, 0x458, 0x0, 0x409, 0x459, 0x0, 0x40A, 0x45A, 0x0, 0x40B, 0x45B, 0x0, 0x40C, 0x45C, 0x0, 0x40D, 0x45D, 0x0, 0x40E, 0x45E, 0x0, 0x40F, 0x45F, 0x0, 0x460, 0x461, 0x0, 0x462, 0x463, 0x1C87, 0x0, 0x464, 0x465, 0x0, 0x466, 0x467, 0x0, 0x468, 0x469, 0x0, 0x46A, 0x46B, 0x0, 0x46C, 0x46D, 0x0, 0x46E, 0x46F, 0x0, 0x470, 0x471, 0x0, 0x472, 0x473, 0x0, 0x474, 0x475, 0x0, 0x476, 0x477, 0x0, 0x478, 0x479, 0x0, 0x47A, 0x47B, 0x0, 0x47C, 0x47D, 0x0, 0x47E, 0x47F, 0x0, 0x480, 0x481, 0x0, 0x48A, 0x48B, 0x0, 0x48C, 0x48D, 0x0, 0x48E, 0x48F, 0x0, 0x490, 0x491, 0x0, 0x492, 0x493, 0x0, 0x494, 0x495, 0x0, 0x496, 0x497, 0x0, 0x498, 0x499, 0x0, 0x49A, 0x49B, 0x0, 0x49C, 0x49D, 0x0, 0x49E, 0x49F, 0x0, 0x4A0, 0x4A1, 0x0, 0x4A2, 0x4A3, 0x0, 0x4A4, 0x4A5, 0x0, 0x4A6, 0x4A7, 0x0, 0x4A8, 0x4A9, 0x0, 0x4AA, 0x4AB, 0x0, 0x4AC, 0x4AD, 0x0, 0x4AE, 0x4AF, 0x0, 0x4B0, 0x4B1, 0x0, 0x4B2, 0x4B3, 0x0, 0x4B4, 0x4B5, 0x0, 0x4B6, 0x4B7, 0x0, 0x4B8, 0x4B9, 0x0, 0x4BA, 0x4BB, 0x0, 0x4BC, 0x4BD, 0x0, 0x4BE, 0x4BF, 0x0, 0x4C1, 0x4C2, 0x0, 0x4C3, 0x4C4, 0x0, 0x4C5, 0x4C6, 0x0, 0x4C7, 0x4C8, 0x0, 0x4C9, 0x4CA, 0x0, 0x4CB, 0x4CC, 0x0, 0x4CD, 0x4CE, 0x0, 0x4C0, 0x4CF, 0x0, 0x4D0, 0x4D1, 0x0, 0x4D2, 0x4D3, 0x0, 0x4D4, 0x4D5, 0x0, 0x4D6, 0x4D7, 0x0, 0x4D8, 0x4D9, 0x0, 0x4DA, 0x4DB, 0x0, 0x4DC, 0x4DD, 0x0, 0x4DE, 0x4DF, 0x0, 0x4E0, 0x4E1, 0x0, 0x4E2, 0x4E3, 0x0, 0x4E4, 0x4E5, 0x0, 0x4E6, 0x4E7, 0x0, 0x4E8, 0x4E9, 0x0, 0x4EA, 0x4EB, 0x0, 0x4EC, 0x4ED, 0x0, 0x4EE, 0x4EF, 0x0, 0x4F0, 0x4F1, 0x0, 0x4F2, 0x4F3, 0x0, 0x4F4, 0x4F5, 0x0, 0x4F6, 0x4F7, 0x0, 0x4F8, 0x4F9, 0x0, 0x4FA, 0x4FB, 0x0, 0x4FC, 0x4FD, 0x0, 0x4FE, 0x4FF, 0x0, 0x500, 0x501, 0x0, 0x502, 0x503, 0x0, 0x504, 0x505, 0x0, 0x506, 0x507, 0x0, 0x508, 0x509, 0x0, 0x50A, 0x50B, 0x0, 0x50C, 0x50D, 0x0, 0x50E, 0x50F, 0x0, 0x510, 0x511, 0x0, 0x512, 0x513, 0x0, 0x514, 0x515, 0x0, 0x516, 0x517, 0x0, 0x518, 0x519, 0x0, 0x51A, 0x51B, 0x0, 0x51C, 0x51D, 0x0, 0x51E, 0x51F, 0x0, 0x520, 0x521, 0x0, 0x522, 0x523, 0x0, 0x524, 0x525, 0x0, 0x526, 0x527, 0x0, 0x528, 0x529, 0x0, 0x52A, 0x52B, 0x0, 0x52C, 0x52D, 0x0, 0x52E, 0x52F, 0x0, 0x531, 0x561, 0x0, 0x532, 0x562, 0x0, 0x533, 0x563, 0x0, 0x534, 0x564, 0x0, 0x535, 0x565, 0x0, 0x536, 0x566, 0x0, 0x537, 0x567, 0x0, 0x538, 0x568, 0x0, 0x539, 0x569, 0x0, 0x53A, 0x56A, 0x0, 0x53B, 0x56B, 0x0, 0x53C, 0x56C, 0x0, 0x53D, 0x56D, 0x0, 0x53E, 0x56E, 0x0, 0x53F, 0x56F, 0x0, 0x540, 0x570, 0x0, 0x541, 0x571, 0x0, 0x542, 0x572, 0x0, 0x543, 0x573, 0x0, 0x544, 0x574, 0x0, 0x545, 0x575, 0x0, 0x546, 0x576, 0x0, 0x547, 0x577, 0x0, 0x548, 0x578, 0x0, 0x549, 0x579, 0x0, 0x54A, 0x57A, 0x0, 0x54B, 0x57B, 0x0, 0x54C, 0x57C, 0x0, 0x54D, 0x57D, 0x0, 0x54E, 0x57E, 0x0, 0x54F, 0x57F, 0x0, 0x550, 0x580, 0x0, 0x551, 0x581, 0x0, 0x552, 0x582, 0x0, 0x553, 0x583, 0x0, 0x554, 0x584, 0x0, 0x555, 0x585, 0x0, 0x556, 0x586, 0x0, 0x10D0, 0x1C90, 0x0, 0x10D1, 0x1C91, 0x0, 0x10D2, 0x1C92, 0x0, 0x10D3, 0x1C93, 0x0, 0x10D4, 0x1C94, 0x0, 0x10D5, 0x1C95, 0x0, 0x10D6, 0x1C96, 0x0, 0x10D7, 0x1C97, 0x0, 0x10D8, 0x1C98, 0x0, 0x10D9, 0x1C99, 0x0, 0x10DA, 0x1C9A, 0x0, 0x10DB, 0x1C9B, 0x0, 0x10DC, 0x1C9C, 0x0, 0x10DD, 0x1C9D, 0x0, 0x10DE, 0x1C9E, 0x0, 0x10DF, 0x1C9F, 0x0, 0x10E0, 0x1CA0, 0x0, 0x10E1, 0x1CA1, 0x0, 0x10E2, 0x1CA2, 0x0, 0x10E3, 0x1CA3, 0x0, 0x10E4, 0x1CA4, 0x0, 0x10E5, 0x1CA5, 0x0, 0x10E6, 0x1CA6, 0x0, 0x10E7, 0x1CA7, 0x0, 0x10E8, 0x1CA8, 0x0, 0x10E9, 0x1CA9, 0x0, 0x10EA, 0x1CAA, 0x0, 0x10EB, 0x1CAB, 0x0, 0x10EC, 0x1CAC, 0x0, 0x10ED, 0x1CAD, 0x0, 0x10EE, 0x1CAE, 0x0, 0x10EF, 0x1CAF, 0x0, 0x10F0, 0x1CB0, 0x0, 0x10F1, 0x1CB1, 0x0, 0x10F2, 0x1CB2, 0x0, 0x10F3, 0x1CB3, 0x0, 0x10F4, 0x1CB4, 0x0, 0x10F5, 0x1CB5, 0x0, 0x10F6, 0x1CB6, 0x0, 0x10F7, 0x1CB7, 0x0, 0x10F8, 0x1CB8, 0x0, 0x10F9, 0x1CB9, 0x0, 0x10FA, 0x1CBA, 0x0, 0x10FD, 0x1CBD, 0x0, 0x10FE, 0x1CBE, 0x0, 0x10FF, 0x1CBF, 0x0, 0x13A0, 0xAB70, 0x0, 0x13A1, 0xAB71, 0x0, 0x13A2, 0xAB72, 0x0, 0x13A3, 0xAB73, 0x0, 0x13A4, 0xAB74, 0x0, 0x13A5, 0xAB75, 0x0, 0x13A6, 0xAB76, 0x0, 0x13A7, 0xAB77, 0x0, 0x13A8, 0xAB78, 0x0, 0x13A9, 0xAB79, 0x0, 0x13AA, 0xAB7A, 0x0, 0x13AB, 0xAB7B, 0x0, 0x13AC, 0xAB7C, 0x0, 0x13AD, 0xAB7D, 0x0, 0x13AE, 0xAB7E, 0x0, 0x13AF, 0xAB7F, 0x0, 0x13B0, 0xAB80, 0x0, 0x13B1, 0xAB81, 0x0, 0x13B2, 0xAB82, 0x0, 0x13B3, 0xAB83, 0x0, 0x13B4, 0xAB84, 0x0, 0x13B5, 0xAB85, 0x0, 0x13B6, 0xAB86, 0x0, 0x13B7, 0xAB87, 0x0, 0x13B8, 0xAB88, 0x0, 0x13B9, 0xAB89, 0x0, 0x13BA, 0xAB8A, 0x0, 0x13BB, 0xAB8B, 0x0, 0x13BC, 0xAB8C, 0x0, 0x13BD, 0xAB8D, 0x0, 0x13BE, 0xAB8E, 0x0, 0x13BF, 0xAB8F, 0x0, 0x13C0, 0xAB90, 0x0, 0x13C1, 0xAB91, 0x0, 0x13C2, 0xAB92, 0x0, 0x13C3, 0xAB93, 0x0, 0x13C4, 0xAB94, 0x0, 0x13C5, 0xAB95, 0x0, 0x13C6, 0xAB96, 0x0, 0x13C7, 0xAB97, 0x0, 0x13C8, 0xAB98, 0x0, 0x13C9, 0xAB99, 0x0, 0x13CA, 0xAB9A, 0x0, 0x13CB, 0xAB9B, 0x0, 0x13CC, 0xAB9C, 0x0, 0x13CD, 0xAB9D, 0x0, 0x13CE, 0xAB9E, 0x0, 0x13CF, 0xAB9F, 0x0, 0x13D0, 0xABA0, 0x0, 0x13D1, 0xABA1, 0x0, 0x13D2, 0xABA2, 0x0, 0x13D3, 0xABA3, 0x0, 0x13D4, 0xABA4, 0x0, 0x13D5, 0xABA5, 0x0, 0x13D6, 0xABA6, 0x0, 0x13D7, 0xABA7, 0x0, 0x13D8, 0xABA8, 0x0, 0x13D9, 0xABA9, 0x0, 0x13DA, 0xABAA, 0x0, 0x13DB, 0xABAB, 0x0, 0x13DC, 0xABAC, 0x0, 0x13DD, 0xABAD, 0x0, 0x13DE, 0xABAE, 0x0, 0x13DF, 0xABAF, 0x0, 0x13E0, 0xABB0, 0x0, 0x13E1, 0xABB1, 0x0, 0x13E2, 0xABB2, 0x0, 0x13E3, 0xABB3, 0x0, 0x13E4, 0xABB4, 0x0, 0x13E5, 0xABB5, 0x0, 0x13E6, 0xABB6, 0x0, 0x13E7, 0xABB7, 0x0, 0x13E8, 0xABB8, 0x0, 0x13E9, 0xABB9, 0x0, 0x13EA, 0xABBA, 0x0, 0x13EB, 0xABBB, 0x0, 0x13EC, 0xABBC, 0x0, 0x13ED, 0xABBD, 0x0, 0x13EE, 0xABBE, 0x0, 0x13EF, 0xABBF, 0x0, 0x13F0, 0x13F8, 0x0, 0x13F1, 0x13F9, 0x0, 0x13F2, 0x13FA, 0x0, 0x13F3, 0x13FB, 0x0, 0x13F4, 0x13FC, 0x0, 0x13F5, 0x13FD, 0x0, 0x1C89, 0x1C8A, 0x0, 0x1D79, 0xA77D, 0x0, 0x1D7D, 0x2C63, 0x0, 0x1D8E, 0xA7C6, 0x0, 0x1E00, 0x1E01, 0x0, 0x1E02, 0x1E03, 0x0, 0x1E04, 0x1E05, 0x0, 0x1E06, 0x1E07, 0x0, 0x1E08, 0x1E09, 0x0, 0x1E0A, 0x1E0B, 0x0, 0x1E0C, 0x1E0D, 0x0, 0x1E0E, 0x1E0F, 0x0, 0x1E10, 0x1E11, 0x0, 0x1E12, 0x1E13, 0x0, 0x1E14, 0x1E15, 0x0, 0x1E16, 0x1E17, 0x0, 0x1E18, 0x1E19, 0x0, 0x1E1A, 0x1E1B, 0x0, 0x1E1C, 0x1E1D, 0x0, 0x1E1E, 0x1E1F, 0x0, 0x1E20, 0x1E21, 0x0, 0x1E22, 0x1E23, 0x0, 0x1E24, 0x1E25, 0x0, 0x1E26, 0x1E27, 0x0, 0x1E28, 0x1E29, 0x0, 0x1E2A, 0x1E2B, 0x0, 0x1E2C, 0x1E2D, 0x0, 0x1E2E, 0x1E2F, 0x0, 0x1E30, 0x1E31, 0x0, 0x1E32, 0x1E33, 0x0, 0x1E34, 0x1E35, 0x0, 0x1E36, 0x1E37, 0x0, 0x1E38, 0x1E39, 0x0, 0x1E3A, 0x1E3B, 0x0, 0x1E3C, 0x1E3D, 0x0, 0x1E3E, 0x1E3F, 0x0, 0x1E40, 0x1E41, 0x0, 0x1E42, 0x1E43, 0x0, 0x1E44, 0x1E45, 0x0, 0x1E46, 0x1E47, 0x0, 0x1E48, 0x1E49, 0x0, 0x1E4A, 0x1E4B, 0x0, 0x1E4C, 0x1E4D, 0x0, 0x1E4E, 0x1E4F, 0x0, 0x1E50, 0x1E51, 0x0, 0x1E52, 0x1E53, 0x0, 0x1E54, 0x1E55, 0x0, 0x1E56, 0x1E57, 0x0, 0x1E58, 0x1E59, 0x0, 0x1E5A, 0x1E5B, 0x0, 0x1E5C, 0x1E5D, 0x0, 0x1E5E, 0x1E5F, 0x0, 0x1E60, 0x1E61, 0x1E9B, 0x0, 0x1E62, 0x1E63, 0x0, 0x1E64, 0x1E65, 0x0, 0x1E66, 0x1E67, 0x0, 0x1E68, 0x1E69, 0x0, 0x1E6A, 0x1E6B, 0x0, 0x1E6C, 0x1E6D, 0x0, 0x1E6E, 0x1E6F, 0x0, 0x1E70, 0x1E71, 0x0, 0x1E72, 0x1E73, 0x0, 0x1E74, 0x1E75, 0x0, 0x1E76, 0x1E77, 0x0, 0x1E78, 0x1E79, 0x0, 0x1E7A, 0x1E7B, 0x0, 0x1E7C, 0x1E7D, 0x0, 0x1E7E, 0x1E7F, 0x0, 0x1E80, 0x1E81, 0x0, 0x1E82, 0x1E83, 0x0, 0x1E84, 0x1E85, 0x0, 0x1E86, 0x1E87, 0x0, 0x1E88, 0x1E89, 0x0, 0x1E8A, 0x1E8B, 0x0, 0x1E8C, 0x1E8D, 0x0, 0x1E8E, 0x1E8F, 0x0, 0x1E90, 0x1E91, 0x0, 0x1E92, 0x1E93, 0x0, 0x1E94, 0x1E95, 0x0, 0x1EA0, 0x1EA1, 0x0, 0x1EA2, 0x1EA3, 0x0, 0x1EA4, 0x1EA5, 0x0, 0x1EA6, 0x1EA7, 0x0, 0x1EA8, 0x1EA9, 0x0, 0x1EAA, 0x1EAB, 0x0, 0x1EAC, 0x1EAD, 0x0, 0x1EAE, 0x1EAF, 0x0, 0x1EB0, 0x1EB1, 0x0, 0x1EB2, 0x1EB3, 0x0, 0x1EB4, 0x1EB5, 0x0, 0x1EB6, 0x1EB7, 0x0, 0x1EB8, 0x1EB9, 0x0, 0x1EBA, 0x1EBB, 0x0, 0x1EBC, 0x1EBD, 0x0, 0x1EBE, 0x1EBF, 0x0, 0x1EC0, 0x1EC1, 0x0, 0x1EC2, 0x1EC3, 0x0, 0x1EC4, 0x1EC5, 0x0, 0x1EC6, 0x1EC7, 0x0, 0x1EC8, 0x1EC9, 0x0, 0x1ECA, 0x1ECB, 0x0, 0x1ECC, 0x1ECD, 0x0, 0x1ECE, 0x1ECF, 0x0, 0x1ED0, 0x1ED1, 0x0, 0x1ED2, 0x1ED3, 0x0, 0x1ED4, 0x1ED5, 0x0, 0x1ED6, 0x1ED7, 0x0, 0x1ED8, 0x1ED9, 0x0, 0x1EDA, 0x1EDB, 0x0, 0x1EDC, 0x1EDD, 0x0, 0x1EDE, 0x1EDF, 0x0, 0x1EE0, 0x1EE1, 0x0, 0x1EE2, 0x1EE3, 0x0, 0x1EE4, 0x1EE5, 0x0, 0x1EE6, 0x1EE7, 0x0, 0x1EE8, 0x1EE9, 0x0, 0x1EEA, 0x1EEB, 0x0, 0x1EEC, 0x1EED, 0x0, 0x1EEE, 0x1EEF, 0x0, 0x1EF0, 0x1EF1, 0x0, 0x1EF2, 0x1EF3, 0x0, 0x1EF4, 0x1EF5, 0x0, 0x1EF6, 0x1EF7, 0x0, 0x1EF8, 0x1EF9, 0x0, 0x1EFA, 0x1EFB, 0x0, 0x1EFC, 0x1EFD, 0x0, 0x1EFE, 0x1EFF, 0x0, 0x1F00, 0x1F08, 0x0, 0x1F01, 0x1F09, 0x0, 0x1F02, 0x1F0A, 0x0, 0x1F03, 0x1F0B, 0x0, 0x1F04, 0x1F0C, 0x0, 0x1F05, 0x1F0D, 0x0, 0x1F06, 0x1F0E, 0x0, 0x1F07, 0x1F0F, 0x0, 0x1F10, 0x1F18, 0x0, 0x1F11, 0x1F19, 0x0, 0x1F12, 0x1F1A, 0x0, 0x1F13, 0x1F1B, 0x0, 0x1F14, 0x1F1C, 0x0, 0x1F15, 0x1F1D, 0x0, 0x1F20, 0x1F28, 0x0, 0x1F21, 0x1F29, 0x0, 0x1F22, 0x1F2A, 0x0, 0x1F23, 0x1F2B, 0x0, 0x1F24, 0x1F2C, 0x0, 0x1F25, 0x1F2D, 0x0, 0x1F26, 0x1F2E, 0x0, 0x1F27, 0x1F2F, 0x0, 0x1F30, 0x1F38, 0x0, 0x1F31, 0x1F39, 0x0, 0x1F32, 0x1F3A, 0x0, 0x1F33, 0x1F3B, 0x0, 0x1F34, 0x1F3C, 0x0, 0x1F35, 0x1F3D, 0x0, 0x1F36, 0x1F3E, 0x0, 0x1F37, 0x1F3F, 0x0, 0x1F40, 0x1F48, 0x0, 0x1F41, 0x1F49, 0x0, 0x1F42, 0x1F4A, 0x0, 0x1F43, 0x1F4B, 0x0, 0x1F44, 0x1F4C, 0x0, 0x1F45, 0x1F4D, 0x0, 0x1F51, 0x1F59, 0x0, 0x1F53, 0x1F5B, 0x0, 0x1F55, 0x1F5D, 0x0, 0x1F57, 0x1F5F, 0x0, 0x1F60, 0x1F68, 0x0, 0x1F61, 0x1F69, 0x0, 0x1F62, 0x1F6A, 0x0, 0x1F63, 0x1F6B, 0x0, 0x1F64, 0x1F6C, 0x0, 0x1F65, 0x1F6D, 0x0, 0x1F66, 0x1F6E, 0x0, 0x1F67, 0x1F6F, 0x0, 0x1F70, 0x1FBA, 0x0, 0x1F71, 0x1FBB, 0x0, 0x1F72, 0x1FC8, 0x0, 0x1F73, 0x1FC9, 0x0, 0x1F74, 0x1FCA, 0x0, 0x1F75, 0x1FCB, 0x0, 0x1F76, 0x1FDA, 0x0, 0x1F77, 0x1FDB, 0x0, 0x1F78, 0x1FF8, 0x0, 0x1F79, 0x1FF9, 0x0, 0x1F7A, 0x1FEA, 0x0, 0x1F7B, 0x1FEB, 0x0, 0x1F7C, 0x1FFA, 0x0, 0x1F7D, 0x1FFB, 0x0, 0x1F80, 0x1F88, 0x0, 0x1F81, 0x1F89, 0x0, 0x1F82, 0x1F8A, 0x0, 0x1F83, 0x1F8B, 0x0, 0x1F84, 0x1F8C, 0x0, 0x1F85, 0x1F8D, 0x0, 0x1F86, 0x1F8E, 0x0, 0x1F87, 0x1F8F, 0x0, 0x1F90, 0x1F98, 0x0, 0x1F91, 0x1F99, 0x0, 0x1F92, 0x1F9A, 0x0, 0x1F93, 0x1F9B, 0x0, 0x1F94, 0x1F9C, 0x0, 0x1F95, 0x1F9D, 0x0, 0x1F96, 0x1F9E, 0x0, 0x1F97, 0x1F9F, 0x0, 0x1FA0, 0x1FA8, 0x0, 0x1FA1, 0x1FA9, 0x0, 0x1FA2, 0x1FAA, 0x0, 0x1FA3, 0x1FAB, 0x0, 0x1FA4, 0x1FAC, 0x0, 0x1FA5, 0x1FAD, 0x0, 0x1FA6, 0x1FAE, 0x0, 0x1FA7, 0x1FAF, 0x0, 0x1FB0, 0x1FB8, 0x0, 0x1FB1, 0x1FB9, 0x0, 0x1FB3, 0x1FBC, 0x0, 0x1FC3, 0x1FCC, 0x0, 0x1FD0, 0x1FD8, 0x0, 0x1FD1, 0x1FD9, 0x0, 0x1FE0, 0x1FE8, 0x0, 0x1FE1, 0x1FE9, 0x0, 0x1FE5, 0x1FEC, 0x0, 0x1FF3, 0x1FFC, 0x0, 0x2132, 0x214E, 0x0, 0x2160, 0x2170, 0x0, 0x2161, 0x2171, 0x0, 0x2162, 0x2172, 0x0, 0x2163, 0x2173, 0x0, 0x2164, 0x2174, 0x0, 0x2165, 0x2175, 0x0, 0x2166, 0x2176, 0x0, 0x2167, 0x2177, 0x0, 0x2168, 0x2178, 0x0, 0x2169, 0x2179, 0x0, 0x216A, 0x217A, 0x0, 0x216B, 0x217B, 0x0, 0x216C, 0x217C, 0x0, 0x216D, 0x217D, 0x0, 0x216E, 0x217E, 0x0, 0x216F, 0x217F, 0x0, 0x2183, 0x2184, 0x0, 0x24B6, 0x24D0, 0x0, 0x24B7, 0x24D1, 0x0, 0x24B8, 0x24D2, 0x0, 0x24B9, 0x24D3, 0x0, 0x24BA, 0x24D4, 0x0, 0x24BB, 0x24D5, 0x0, 0x24BC, 0x24D6, 0x0, 0x24BD, 0x24D7, 0x0, 0x24BE, 0x24D8, 0x0, 0x24BF, 0x24D9, 0x0, 0x24C0, 0x24DA, 0x0, 0x24C1, 0x24DB, 0x0, 0x24C2, 0x24DC, 0x0, 0x24C3, 0x24DD, 0x0, 0x24C4, 0x24DE, 0x0, 0x24C5, 0x24DF, 0x0, 0x24C6, 0x24E0, 0x0, 0x24C7, 0x24E1, 0x0, 0x24C8, 0x24E2, 0x0, 0x24C9, 0x24E3, 0x0, 0x24CA, 0x24E4, 0x0, 0x24CB, 0x24E5, 0x0, 0x24CC, 0x24E6, 0x0, 0x24CD, 0x24E7, 0x0, 0x24CE, 0x24E8, 0x0, 0x24CF, 0x24E9, 0x0, 0x2C00, 0x2C30, 0x0, 0x2C01, 0x2C31, 0x0, 0x2C02, 0x2C32, 0x0, 0x2C03, 0x2C33, 0x0, 0x2C04, 0x2C34, 0x0, 0x2C05, 0x2C35, 0x0, 0x2C06, 0x2C36, 0x0, 0x2C07, 0x2C37, 0x0, 0x2C08, 0x2C38, 0x0, 0x2C09, 0x2C39, 0x0, 0x2C0A, 0x2C3A, 0x0, 0x2C0B, 0x2C3B, 0x0, 0x2C0C, 0x2C3C, 0x0, 0x2C0D, 0x2C3D, 0x0, 0x2C0E, 0x2C3E, 0x0, 0x2C0F, 0x2C3F, 0x0, 0x2C10, 0x2C40, 0x0, 0x2C11, 0x2C41, 0x0, 0x2C12, 0x2C42, 0x0, 0x2C13, 0x2C43, 0x0, 0x2C14, 0x2C44, 0x0, 0x2C15, 0x2C45, 0x0, 0x2C16, 0x2C46, 0x0, 0x2C17, 0x2C47, 0x0, 0x2C18, 0x2C48, 0x0, 0x2C19, 0x2C49, 0x0, 0x2C1A, 0x2C4A, 0x0, 0x2C1B, 0x2C4B, 0x0, 0x2C1C, 0x2C4C, 0x0, 0x2C1D, 0x2C4D, 0x0, 0x2C1E, 0x2C4E, 0x0, 0x2C1F, 0x2C4F, 0x0, 0x2C20, 0x2C50, 0x0, 0x2C21, 0x2C51, 0x0, 0x2C22, 0x2C52, 0x0, 0x2C23, 0x2C53, 0x0, 0x2C24, 0x2C54, 0x0, 0x2C25, 0x2C55, 0x0, 0x2C26, 0x2C56, 0x0, 0x2C27, 0x2C57, 0x0, 0x2C28, 0x2C58, 0x0, 0x2C29, 0x2C59, 0x0, 0x2C2A, 0x2C5A, 0x0, 0x2C2B, 0x2C5B, 0x0, 0x2C2C, 0x2C5C, 0x0, 0x2C2D, 0x2C5D, 0x0, 0x2C2E, 0x2C5E, 0x0, 0x2C2F, 0x2C5F, 0x0, 0x2C60, 0x2C61, 0x0, 0x23A, 0x2C65, 0x0, 0x23E, 0x2C66, 0x0, 0x2C67, 0x2C68, 0x0, 0x2C69, 0x2C6A, 0x0, 0x2C6B, 0x2C6C, 0x0, 0x2C72, 0x2C73, 0x0, 0x2C75, 0x2C76, 0x0, 0x2C80, 0x2C81, 0x0, 0x2C82, 0x2C83, 0x0, 0x2C84, 0x2C85, 0x0, 0x2C86, 0x2C87, 0x0, 0x2C88, 0x2C89, 0x0, 0x2C8A, 0x2C8B, 0x0, 0x2C8C, 0x2C8D, 0x0, 0x2C8E, 0x2C8F, 0x0, 0x2C90, 0x2C91, 0x0, 0x2C92, 0x2C93, 0x0, 0x2C94, 0x2C95, 0x0, 0x2C96, 0x2C97, 0x0, 0x2C98, 0x2C99, 0x0, 0x2C9A, 0x2C9B, 0x0, 0x2C9C, 0x2C9D, 0x0, 0x2C9E, 0x2C9F, 0x0, 0x2CA0, 0x2CA1, 0x0, 0x2CA2, 0x2CA3, 0x0, 0x2CA4, 0x2CA5, 0x0, 0x2CA6, 0x2CA7, 0x0, 0x2CA8, 0x2CA9, 0x0, 0x2CAA, 0x2CAB, 0x0, 0x2CAC, 0x2CAD, 0x0, 0x2CAE, 0x2CAF, 0x0, 0x2CB0, 0x2CB1, 0x0, 0x2CB2, 0x2CB3, 0x0, 0x2CB4, 0x2CB5, 0x0, 0x2CB6, 0x2CB7, 0x0, 0x2CB8, 0x2CB9, 0x0, 0x2CBA, 0x2CBB, 0x0, 0x2CBC, 0x2CBD, 0x0, 0x2CBE, 0x2CBF, 0x0, 0x2CC0, 0x2CC1, 0x0, 0x2CC2, 0x2CC3, 0x0, 0x2CC4, 0x2CC5, 0x0, 0x2CC6, 0x2CC7, 0x0, 0x2CC8, 0x2CC9, 0x0, 0x2CCA, 0x2CCB, 0x0, 0x2CCC, 0x2CCD, 0x0, 0x2CCE, 0x2CCF, 0x0, 0x2CD0, 0x2CD1, 0x0, 0x2CD2, 0x2CD3, 0x0, 0x2CD4, 0x2CD5, 0x0, 0x2CD6, 0x2CD7, 0x0, 0x2CD8, 0x2CD9, 0x0, 0x2CDA, 0x2CDB, 0x0, 0x2CDC, 0x2CDD, 0x0, 0x2CDE, 0x2CDF, 0x0, 0x2CE0, 0x2CE1, 0x0, 0x2CE2, 0x2CE3, 0x0, 0x2CEB, 0x2CEC, 0x0, 0x2CED, 0x2CEE, 0x0, 0x2CF2, 0x2CF3, 0x0, 0x10A0, 0x2D00, 0x0, 0x10A1, 0x2D01, 0x0, 0x10A2, 0x2D02, 0x0, 0x10A3, 0x2D03, 0x0, 0x10A4, 0x2D04, 0x0, 0x10A5, 0x2D05, 0x0, 0x10A6, 0x2D06, 0x0, 0x10A7, 0x2D07, 0x0, 0x10A8, 0x2D08, 0x0, 0x10A9, 0x2D09, 0x0, 0x10AA, 0x2D0A, 0x0, 0x10AB, 0x2D0B, 0x0, 0x10AC, 0x2D0C, 0x0, 0x10AD, 0x2D0D, 0x0, 0x10AE, 0x2D0E, 0x0, 0x10AF, 0x2D0F, 0x0, 0x10B0, 0x2D10, 0x0, 0x10B1, 0x2D11, 0x0, 0x10B2, 0x2D12, 0x0, 0x10B3, 0x2D13, 0x0, 0x10B4, 0x2D14, 0x0, 0x10B5, 0x2D15, 0x0, 0x10B6, 0x2D16, 0x0, 0x10B7, 0x2D17, 0x0, 0x10B8, 0x2D18, 0x0, 0x10B9, 0x2D19, 0x0, 0x10BA, 0x2D1A, 0x0, 0x10BB, 0x2D1B, 0x0, 0x10BC, 0x2D1C, 0x0, 0x10BD, 0x2D1D, 0x0, 0x10BE, 0x2D1E, 0x0, 0x10BF, 0x2D1F, 0x0, 0x10C0, 0x2D20, 0x0, 0x10C1, 0x2D21, 0x0, 0x10C2, 0x2D22, 0x0, 0x10C3, 0x2D23, 0x0, 0x10C4, 0x2D24, 0x0, 0x10C5, 0x2D25, 0x0, 0x10C7, 0x2D27, 0x0, 0x10CD, 0x2D2D, 0x0, 0xA640, 0xA641, 0x0, 0xA642, 0xA643, 0x0, 0xA644, 0xA645, 0x0, 0xA646, 0xA647, 0x0, 0xA648, 0xA649, 0x0, 0x1C88, 0xA64A, 0xA64B, 0x0, 0xA64C, 0xA64D, 0x0, 0xA64E, 0xA64F, 0x0, 0xA650, 0xA651, 0x0, 0xA652, 0xA653, 0x0, 0xA654, 0xA655, 0x0, 0xA656, 0xA657, 0x0, 0xA658, 0xA659, 0x0, 0xA65A, 0xA65B, 0x0, 0xA65C, 0xA65D, 0x0, 0xA65E, 0xA65F, 0x0, 0xA660, 0xA661, 0x0, 0xA662, 0xA663, 0x0, 0xA664, 0xA665, 0x0, 0xA666, 0xA667, 0x0, 0xA668, 0xA669, 0x0, 0xA66A, 0xA66B, 0x0, 0xA66C, 0xA66D, 0x0, 0xA680, 0xA681, 0x0, 0xA682, 0xA683, 0x0, 0xA684, 0xA685, 0x0, 0xA686, 0xA687, 0x0, 0xA688, 0xA689, 0x0, 0xA68A, 0xA68B, 0x0, 0xA68C, 0xA68D, 0x0, 0xA68E, 0xA68F, 0x0, 0xA690, 0xA691, 0x0, 0xA692, 0xA693, 0x0, 0xA694, 0xA695, 0x0, 0xA696, 0xA697, 0x0, 0xA698, 0xA699, 0x0, 0xA69A, 0xA69B, 0x0, 0xA722, 0xA723, 0x0, 0xA724, 0xA725, 0x0, 0xA726, 0xA727, 0x0, 0xA728, 0xA729, 0x0, 0xA72A, 0xA72B, 0x0, 0xA72C, 0xA72D, 0x0, 0xA72E, 0xA72F, 0x0, 0xA732, 0xA733, 0x0, 0xA734, 0xA735, 0x0, 0xA736, 0xA737, 0x0, 0xA738, 0xA739, 0x0, 0xA73A, 0xA73B, 0x0, 0xA73C, 0xA73D, 0x0, 0xA73E, 0xA73F, 0x0, 0xA740, 0xA741, 0x0, 0xA742, 0xA743, 0x0, 0xA744, 0xA745, 0x0, 0xA746, 0xA747, 0x0, 0xA748, 0xA749, 0x0, 0xA74A, 0xA74B, 0x0, 0xA74C, 0xA74D, 0x0, 0xA74E, 0xA74F, 0x0, 0xA750, 0xA751, 0x0, 0xA752, 0xA753, 0x0, 0xA754, 0xA755, 0x0, 0xA756, 0xA757, 0x0, 0xA758, 0xA759, 0x0, 0xA75A, 0xA75B, 0x0, 0xA75C, 0xA75D, 0x0, 0xA75E, 0xA75F, 0x0, 0xA760, 0xA761, 0x0, 0xA762, 0xA763, 0x0, 0xA764, 0xA765, 0x0, 0xA766, 0xA767, 0x0, 0xA768, 0xA769, 0x0, 0xA76A, 0xA76B, 0x0, 0xA76C, 0xA76D, 0x0, 0xA76E, 0xA76F, 0x0, 0xA779, 0xA77A, 0x0, 0xA77B, 0xA77C, 0x0, 0xA77E, 0xA77F, 0x0, 0xA780, 0xA781, 0x0, 0xA782, 0xA783, 0x0, 0xA784, 0xA785, 0x0, 0xA786, 0xA787, 0x0, 0xA78B, 0xA78C, 0x0, 0xA790, 0xA791, 0x0, 0xA792, 0xA793, 0x0, 0xA794, 0xA7C4, 0x0, 0xA796, 0xA797, 0x0, 0xA798, 0xA799, 0x0, 0xA79A, 0xA79B, 0x0, 0xA79C, 0xA79D, 0x0, 0xA79E, 0xA79F, 0x0, 0xA7A0, 0xA7A1, 0x0, 0xA7A2, 0xA7A3, 0x0, 0xA7A4, 0xA7A5, 0x0, 0xA7A6, 0xA7A7, 0x0, 0xA7A8, 0xA7A9, 0x0, 0xA7B4, 0xA7B5, 0x0, 0xA7B6, 0xA7B7, 0x0, 0xA7B8, 0xA7B9, 0x0, 0xA7BA, 0xA7BB, 0x0, 0xA7BC, 0xA7BD, 0x0, 0xA7BE, 0xA7BF, 0x0, 0xA7C0, 0xA7C1, 0x0, 0xA7C2, 0xA7C3, 0x0, 0xA7C7, 0xA7C8, 0x0, 0xA7C9, 0xA7CA, 0x0, 0xA7CC, 0xA7CD, 0x0, 0xA7CE, 0xA7CF, 0x0, 0xA7D0, 0xA7D1, 0x0, 0xA7D2, 0xA7D3, 0x0, 0xA7D4, 0xA7D5, 0x0, 0xA7D6, 0xA7D7, 0x0, 0xA7D8, 0xA7D9, 0x0, 0xA7DA, 0xA7DB, 0x0, 0xA7F5, 0xA7F6, 0x0, 0xA7B3, 0xAB53, 0x0, 0xFB05, 0xFB06, 0x0, 0xFF21, 0xFF41, 0x0, 0xFF22, 0xFF42, 0x0, 0xFF23, 0xFF43, 0x0, 0xFF24, 0xFF44, 0x0, 0xFF25, 0xFF45, 0x0, 0xFF26, 0xFF46, 0x0, 0xFF27, 0xFF47, 0x0, 0xFF28, 0xFF48, 0x0, 0xFF29, 0xFF49, 0x0, 0xFF2A, 0xFF4A, 0x0, 0xFF2B, 0xFF4B, 0x0, 0xFF2C, 0xFF4C, 0x0, 0xFF2D, 0xFF4D, 0x0, 0xFF2E, 0xFF4E, 0x0, 0xFF2F, 0xFF4F, 0x0, 0xFF30, 0xFF50, 0x0, 0xFF31, 0xFF51, 0x0, 0xFF32, 0xFF52, 0x0, 0xFF33, 0xFF53, 0x0, 0xFF34, 0xFF54, 0x0, 0xFF35, 0xFF55, 0x0, 0xFF36, 0xFF56, 0x0, 0xFF37, 0xFF57, 0x0, 0xFF38, 0xFF58, 0x0, 0xFF39, 0xFF59, 0x0, 0xFF3A, 0xFF5A, 0x0, 0x10400, 0x10428, 0x0, 0x10401, 0x10429, 0x0, 0x10402, 0x1042A, 0x0, 0x10403, 0x1042B, 0x0, 0x10404, 0x1042C, 0x0, 0x10405, 0x1042D, 0x0, 0x10406, 0x1042E, 0x0, 0x10407, 0x1042F, 0x0, 0x10408, 0x10430, 0x0, 0x10409, 0x10431, 0x0, 0x1040A, 0x10432, 0x0, 0x1040B, 0x10433, 0x0, 0x1040C, 0x10434, 0x0, 0x1040D, 0x10435, 0x0, 0x1040E, 0x10436, 0x0, 0x1040F, 0x10437, 0x0, 0x10410, 0x10438, 0x0, 0x10411, 0x10439, 0x0, 0x10412, 0x1043A, 0x0, 0x10413, 0x1043B, 0x0, 0x10414, 0x1043C, 0x0, 0x10415, 0x1043D, 0x0, 0x10416, 0x1043E, 0x0, 0x10417, 0x1043F, 0x0, 0x10418, 0x10440, 0x0, 0x10419, 0x10441, 0x0, 0x1041A, 0x10442, 0x0, 0x1041B, 0x10443, 0x0, 0x1041C, 0x10444, 0x0, 0x1041D, 0x10445, 0x0, 0x1041E, 0x10446, 0x0, 0x1041F, 0x10447, 0x0, 0x10420, 0x10448, 0x0, 0x10421, 0x10449, 0x0, 0x10422, 0x1044A, 0x0, 0x10423, 0x1044B, 0x0, 0x10424, 0x1044C, 0x0, 0x10425, 0x1044D, 0x0, 0x10426, 0x1044E, 0x0, 0x10427, 0x1044F, 0x0, 0x104B0, 0x104D8, 0x0, 0x104B1, 0x104D9, 0x0, 0x104B2, 0x104DA, 0x0, 0x104B3, 0x104DB, 0x0, 0x104B4, 0x104DC, 0x0, 0x104B5, 0x104DD, 0x0, 0x104B6, 0x104DE, 0x0, 0x104B7, 0x104DF, 0x0, 0x104B8, 0x104E0, 0x0, 0x104B9, 0x104E1, 0x0, 0x104BA, 0x104E2, 0x0, 0x104BB, 0x104E3, 0x0, 0x104BC, 0x104E4, 0x0, 0x104BD, 0x104E5, 0x0, 0x104BE, 0x104E6, 0x0, 0x104BF, 0x104E7, 0x0, 0x104C0, 0x104E8, 0x0, 0x104C1, 0x104E9, 0x0, 0x104C2, 0x104EA, 0x0, 0x104C3, 0x104EB, 0x0, 0x104C4, 0x104EC, 0x0, 0x104C5, 0x104ED, 0x0, 0x104C6, 0x104EE, 0x0, 0x104C7, 0x104EF, 0x0, 0x104C8, 0x104F0, 0x0, 0x104C9, 0x104F1, 0x0, 0x104CA, 0x104F2, 0x0, 0x104CB, 0x104F3, 0x0, 0x104CC, 0x104F4, 0x0, 0x104CD, 0x104F5, 0x0, 0x104CE, 0x104F6, 0x0, 0x104CF, 0x104F7, 0x0, 0x104D0, 0x104F8, 0x0, 0x104D1, 0x104F9, 0x0, 0x104D2, 0x104FA, 0x0, 0x104D3, 0x104FB, 0x0, 0x10570, 0x10597, 0x0, 0x10571, 0x10598, 0x0, 0x10572, 0x10599, 0x0, 0x10573, 0x1059A, 0x0, 0x10574, 0x1059B, 0x0, 0x10575, 0x1059C, 0x0, 0x10576, 0x1059D, 0x0, 0x10577, 0x1059E, 0x0, 0x10578, 0x1059F, 0x0, 0x10579, 0x105A0, 0x0, 0x1057A, 0x105A1, 0x0, 0x1057C, 0x105A3, 0x0, 0x1057D, 0x105A4, 0x0, 0x1057E, 0x105A5, 0x0, 0x1057F, 0x105A6, 0x0, 0x10580, 0x105A7, 0x0, 0x10581, 0x105A8, 0x0, 0x10582, 0x105A9, 0x0, 0x10583, 0x105AA, 0x0, 0x10584, 0x105AB, 0x0, 0x10585, 0x105AC, 0x0, 0x10586, 0x105AD, 0x0, 0x10587, 0x105AE, 0x0, 0x10588, 0x105AF, 0x0, 0x10589, 0x105B0, 0x0, 0x1058A, 0x105B1, 0x0, 0x1058C, 0x105B3, 0x0, 0x1058D, 0x105B4, 0x0, 0x1058E, 0x105B5, 0x0, 0x1058F, 0x105B6, 0x0, 0x10590, 0x105B7, 0x0, 0x10591, 0x105B8, 0x0, 0x10592, 0x105B9, 0x0, 0x10594, 0x105BB, 0x0, 0x10595, 0x105BC, 0x0, 0x10C80, 0x10CC0, 0x0, 0x10C81, 0x10CC1, 0x0, 0x10C82, 0x10CC2, 0x0, 0x10C83, 0x10CC3, 0x0, 0x10C84, 0x10CC4, 0x0, 0x10C85, 0x10CC5, 0x0, 0x10C86, 0x10CC6, 0x0, 0x10C87, 0x10CC7, 0x0, 0x10C88, 0x10CC8, 0x0, 0x10C89, 0x10CC9, 0x0, 0x10C8A, 0x10CCA, 0x0, 0x10C8B, 0x10CCB, 0x0, 0x10C8C, 0x10CCC, 0x0, 0x10C8D, 0x10CCD, 0x0, 0x10C8E, 0x10CCE, 0x0, 0x10C8F, 0x10CCF, 0x0, 0x10C90, 0x10CD0, 0x0, 0x10C91, 0x10CD1, 0x0, 0x10C92, 0x10CD2, 0x0, 0x10C93, 0x10CD3, 0x0, 0x10C94, 0x10CD4, 0x0, 0x10C95, 0x10CD5, 0x0, 0x10C96, 0x10CD6, 0x0, 0x10C97, 0x10CD7, 0x0, 0x10C98, 0x10CD8, 0x0, 0x10C99, 0x10CD9, 0x0, 0x10C9A, 0x10CDA, 0x0, 0x10C9B, 0x10CDB, 0x0, 0x10C9C, 0x10CDC, 0x0, 0x10C9D, 0x10CDD, 0x0, 0x10C9E, 0x10CDE, 0x0, 0x10C9F, 0x10CDF, 0x0, 0x10CA0, 0x10CE0, 0x0, 0x10CA1, 0x10CE1, 0x0, 0x10CA2, 0x10CE2, 0x0, 0x10CA3, 0x10CE3, 0x0, 0x10CA4, 0x10CE4, 0x0, 0x10CA5, 0x10CE5, 0x0, 0x10CA6, 0x10CE6, 0x0, 0x10CA7, 0x10CE7, 0x0, 0x10CA8, 0x10CE8, 0x0, 0x10CA9, 0x10CE9, 0x0, 0x10CAA, 0x10CEA, 0x0, 0x10CAB, 0x10CEB, 0x0, 0x10CAC, 0x10CEC, 0x0, 0x10CAD, 0x10CED, 0x0, 0x10CAE, 0x10CEE, 0x0, 0x10CAF, 0x10CEF, 0x0, 0x10CB0, 0x10CF0, 0x0, 0x10CB1, 0x10CF1, 0x0, 0x10CB2, 0x10CF2, 0x0, 0x10D50, 0x10D70, 0x0, 0x10D51, 0x10D71, 0x0, 0x10D52, 0x10D72, 0x0, 0x10D53, 0x10D73, 0x0, 0x10D54, 0x10D74, 0x0, 0x10D55, 0x10D75, 0x0, 0x10D56, 0x10D76, 0x0, 0x10D57, 0x10D77, 0x0, 0x10D58, 0x10D78, 0x0, 0x10D59, 0x10D79, 0x0, 0x10D5A, 0x10D7A, 0x0, 0x10D5B, 0x10D7B, 0x0, 0x10D5C, 0x10D7C, 0x0, 0x10D5D, 0x10D7D, 0x0, 0x10D5E, 0x10D7E, 0x0, 0x10D5F, 0x10D7F, 0x0, 0x10D60, 0x10D80, 0x0, 0x10D61, 0x10D81, 0x0, 0x10D62, 0x10D82, 0x0, 0x10D63, 0x10D83, 0x0, 0x10D64, 0x10D84, 0x0, 0x10D65, 0x10D85, 0x0, 0x118A0, 0x118C0, 0x0, 0x118A1, 0x118C1, 0x0, 0x118A2, 0x118C2, 0x0, 0x118A3, 0x118C3, 0x0, 0x118A4, 0x118C4, 0x0, 0x118A5, 0x118C5, 0x0, 0x118A6, 0x118C6, 0x0, 0x118A7, 0x118C7, 0x0, 0x118A8, 0x118C8, 0x0, 0x118A9, 0x118C9, 0x0, 0x118AA, 0x118CA, 0x0, 0x118AB, 0x118CB, 0x0, 0x118AC, 0x118CC, 0x0, 0x118AD, 0x118CD, 0x0, 0x118AE, 0x118CE, 0x0, 0x118AF, 0x118CF, 0x0, 0x118B0, 0x118D0, 0x0, 0x118B1, 0x118D1, 0x0, 0x118B2, 0x118D2, 0x0, 0x118B3, 0x118D3, 0x0, 0x118B4, 0x118D4, 0x0, 0x118B5, 0x118D5, 0x0, 0x118B6, 0x118D6, 0x0, 0x118B7, 0x118D7, 0x0, 0x118B8, 0x118D8, 0x0, 0x118B9, 0x118D9, 0x0, 0x118BA, 0x118DA, 0x0, 0x118BB, 0x118DB, 0x0, 0x118BC, 0x118DC, 0x0, 0x118BD, 0x118DD, 0x0, 0x118BE, 0x118DE, 0x0, 0x118BF, 0x118DF, 0x0, 0x16E40, 0x16E60, 0x0, 0x16E41, 0x16E61, 0x0, 0x16E42, 0x16E62, 0x0, 0x16E43, 0x16E63, 0x0, 0x16E44, 0x16E64, 0x0, 0x16E45, 0x16E65, 0x0, 0x16E46, 0x16E66, 0x0, 0x16E47, 0x16E67, 0x0, 0x16E48, 0x16E68, 0x0, 0x16E49, 0x16E69, 0x0, 0x16E4A, 0x16E6A, 0x0, 0x16E4B, 0x16E6B, 0x0, 0x16E4C, 0x16E6C, 0x0, 0x16E4D, 0x16E6D, 0x0, 0x16E4E, 0x16E6E, 0x0, 0x16E4F, 0x16E6F, 0x0, 0x16E50, 0x16E70, 0x0, 0x16E51, 0x16E71, 0x0, 0x16E52, 0x16E72, 0x0, 0x16E53, 0x16E73, 0x0, 0x16E54, 0x16E74, 0x0, 0x16E55, 0x16E75, 0x0, 0x16E56, 0x16E76, 0x0, 0x16E57, 0x16E77, 0x0, 0x16E58, 0x16E78, 0x0, 0x16E59, 0x16E79, 0x0, 0x16E5A, 0x16E7A, 0x0, 0x16E5B, 0x16E7B, 0x0, 0x16E5C, 0x16E7C, 0x0, 0x16E5D, 0x16E7D, 0x0, 0x16E5E, 0x16E7E, 0x0, 0x16E5F, 0x16E7F, 0x0, 0x16EA0, 0x16EBB, 0x0, 0x16EA1, 0x16EBC, 0x0, 0x16EA2, 0x16EBD, 0x0, 0x16EA3, 0x16EBE, 0x0, 0x16EA4, 0x16EBF, 0x0, 0x16EA5, 0x16EC0, 0x0, 0x16EA6, 0x16EC1, 0x0, 0x16EA7, 0x16EC2, 0x0, 0x16EA8, 0x16EC3, 0x0, 0x16EA9, 0x16EC4, 0x0, 0x16EAA, 0x16EC5, 0x0, 0x16EAB, 0x16EC6, 0x0, 0x16EAC, 0x16EC7, 0x0, 0x16EAD, 0x16EC8, 0x0, 0x16EAE, 0x16EC9, 0x0, 0x16EAF, 0x16ECA, 0x0, 0x16EB0, 0x16ECB, 0x0, 0x16EB1, 0x16ECC, 0x0, 0x16EB2, 0x16ECD, 0x0, 0x16EB3, 0x16ECE, 0x0, 0x16EB4, 0x16ECF, 0x0, 0x16EB5, 0x16ED0, 0x0, 0x16EB6, 0x16ED1, 0x0, 0x16EB7, 0x16ED2, 0x0, 0x16EB8, 0x16ED3, 0x0, 0x1E900, 0x1E922, 0x0, 0x1E901, 0x1E923, 0x0, 0x1E902, 0x1E924, 0x0, 0x1E903, 0x1E925, 0x0, 0x1E904, 0x1E926, 0x0, 0x1E905, 0x1E927, 0x0, 0x1E906, 0x1E928, 0x0, 0x1E907, 0x1E929, 0x0, 0x1E908, 0x1E92A, 0x0, 0x1E909, 0x1E92B, 0x0, 0x1E90A, 0x1E92C, 0x0, 0x1E90B, 0x1E92D, 0x0, 0x1E90C, 0x1E92E, 0x0, 0x1E90D, 0x1E92F, 0x0, 0x1E90E, 0x1E930, 0x0, 0x1E90F, 0x1E931, 0x0, 0x1E910, 0x1E932, 0x0, 0x1E911, 0x1E933, 0x0, 0x1E912, 0x1E934, 0x0, 0x1E913, 0x1E935, 0x0, 0x1E914, 0x1E936, 0x0, 0x1E915, 0x1E937, 0x0, 0x1E916, 0x1E938, 0x0, 0x1E917, 0x1E939, 0x0, 0x1E918, 0x1E93A, 0x0, 0x1E919, 0x1E93B, 0x0, 0x1E91A, 0x1E93C, 0x0, 0x1E91B, 0x1E93D, 0x0, 0x1E91C, 0x1E93E, 0x0, 0x1E91D, 0x1E93F, 0x0, 0x1E91E, 0x1E940, 0x0, 0x1E91F, 0x1E941, 0x0, 0x1E920, 0x1E942, 0x0, 0x1E921, 0x1E943, 0x0
};
